#X		Y		Free		Pro
-3.171400	-2.025700	nan	0.000000
-3.171400	-1.974300	nan	0.000000
-3.171400	-1.922900	nan	0.000000
-3.171400	-1.871500	nan	0.000000
-3.171400	-1.820100	nan	0.000000
-3.171400	-1.768700	nan	0.000000
-3.171400	-1.717300	nan	0.000000
-3.171400	-1.665900	nan	0.000000
-3.171400	-1.614500	nan	0.000000
-3.171400	-1.563100	nan	0.000000
-3.171400	-1.511700	nan	0.000000
-3.171400	-1.460300	nan	0.000000
-3.171400	-1.408900	nan	0.000000
-3.171400	-1.357500	nan	0.000000
-3.171400	-1.306100	nan	0.000000
-3.171400	-1.254700	nan	0.000000
-3.171400	-1.203300	nan	0.000000
-3.171400	-1.151900	nan	0.000000
-3.171400	-1.100500	nan	0.000000
-3.171400	-1.049100	nan	0.000000
-3.171400	-0.997700	nan	0.000000
-3.171400	-0.946300	nan	0.000000
-3.171400	-0.894900	nan	0.000000
-3.171400	-0.843500	nan	0.000000
-3.171400	-0.792100	nan	0.000000
-3.171400	-0.740700	nan	0.000000
-3.171400	-0.689300	nan	0.000000
-3.171400	-0.637900	nan	0.000000
-3.171400	-0.586500	nan	0.000000
-3.171400	-0.535100	nan	0.000000
-3.171400	-0.483700	nan	0.000000
-3.171400	-0.432300	nan	0.000000
-3.171400	-0.380900	nan	0.000000
-3.171400	-0.329500	nan	0.000000
-3.171400	-0.278100	nan	0.000000
-3.171400	-0.226700	nan	0.000000
-3.171400	-0.175300	nan	0.000000
-3.171400	-0.123900	nan	0.000000
-3.171400	-0.072500	nan	0.000000
-3.171400	-0.021100	nan	0.000000
-3.171400	0.030300	nan	0.000000
-3.171400	0.081700	nan	0.000000
-3.171400	0.133100	nan	0.000000
-3.171400	0.184500	nan	0.000000
-3.171400	0.235900	nan	0.000000
-3.171400	0.287300	nan	0.000000
-3.171400	0.338700	nan	0.000000
-3.171400	0.390100	nan	0.000000
-3.171400	0.441500	nan	0.000000
-3.171400	0.492900	nan	0.000000
-3.171400	0.544300	nan	0.000000
-3.171400	0.595700	nan	0.000000
-3.171400	0.647100	nan	0.000000
-3.171400	0.698500	nan	0.000000
-3.171400	0.749900	nan	0.000000
-3.171400	0.801300	nan	0.000000
-3.171400	0.852700	nan	0.000000
-3.171400	0.904100	nan	0.000000
-3.171400	0.955500	nan	0.000000
-3.171400	1.006900	nan	0.000000
-3.171400	1.058300	nan	0.000000
-3.171400	1.109700	nan	0.000000
-3.171400	1.161100	nan	0.000000
-3.171400	1.212500	nan	0.000000
-3.171400	1.263900	nan	0.000000
-3.171400	1.315300	nan	0.000000
-3.171400	1.366700	nan	0.000000
-3.171400	1.418100	nan	0.000000
-3.171400	1.469500	nan	0.000000
-3.171400	1.520900	nan	0.000000
-3.171400	1.572300	nan	0.000000
-3.171400	1.623700	nan	0.000000
-3.171400	1.675100	nan	0.000000
-3.171400	1.726500	nan	0.000000
-3.171400	1.777900	nan	0.000000
-3.171400	1.829300	nan	0.000000
-3.171400	1.880700	nan	0.000000
-3.171400	1.932100	nan	0.000000
-3.171400	1.983500	nan	0.000000
-3.171400	2.034900	nan	0.000000
-3.171400	2.086300	nan	0.000000
-3.171400	2.137700	nan	0.000000
-3.171400	2.189100	nan	0.000000
-3.171400	2.240500	nan	0.000000
-3.171400	2.291900	nan	0.000000
-3.171400	2.343300	nan	0.000000
-3.171400	2.394700	nan	0.000000
-3.171400	2.446100	nan	0.000000
-3.171400	2.497500	nan	0.000000
-3.171400	2.548900	nan	0.000000
-3.171400	2.600300	nan	0.000000
-3.171400	2.651700	nan	0.000000
-3.171400	2.703100	nan	0.000000
-3.171400	2.754500	nan	0.000000
-3.171400	2.805900	nan	0.000000
-3.171400	2.857300	nan	0.000000
-3.171400	2.908700	nan	0.000000
-3.171400	2.960100	nan	0.000000
-3.171400	3.011500	nan	0.000000
-3.171400	3.062900	nan	0.000000
-3.171400	3.114300	nan	0.000000
-3.171400	3.165700	nan	0.000000

-3.108600	-2.025700	nan	0.000000
-3.108600	-1.974300	nan	0.000000
-3.108600	-1.922900	nan	0.000000
-3.108600	-1.871500	nan	0.000000
-3.108600	-1.820100	nan	0.000000
-3.108600	-1.768700	nan	0.000000
-3.108600	-1.717300	nan	0.000000
-3.108600	-1.665900	nan	0.000000
-3.108600	-1.614500	nan	0.000000
-3.108600	-1.563100	nan	0.000000
-3.108600	-1.511700	nan	0.000000
-3.108600	-1.460300	nan	0.000000
-3.108600	-1.408900	nan	0.000000
-3.108600	-1.357500	nan	0.000000
-3.108600	-1.306100	nan	0.000000
-3.108600	-1.254700	nan	0.000000
-3.108600	-1.203300	nan	0.000000
-3.108600	-1.151900	nan	0.000000
-3.108600	-1.100500	nan	0.000000
-3.108600	-1.049100	nan	0.000000
-3.108600	-0.997700	nan	0.000000
-3.108600	-0.946300	nan	0.000000
-3.108600	-0.894900	nan	0.000000
-3.108600	-0.843500	nan	0.000000
-3.108600	-0.792100	nan	0.000000
-3.108600	-0.740700	nan	0.000000
-3.108600	-0.689300	nan	0.000000
-3.108600	-0.637900	nan	0.000000
-3.108600	-0.586500	nan	0.000000
-3.108600	-0.535100	nan	0.000000
-3.108600	-0.483700	nan	0.000000
-3.108600	-0.432300	nan	0.000000
-3.108600	-0.380900	nan	0.000000
-3.108600	-0.329500	nan	0.000000
-3.108600	-0.278100	nan	0.000000
-3.108600	-0.226700	nan	0.000000
-3.108600	-0.175300	nan	0.000000
-3.108600	-0.123900	nan	0.000000
-3.108600	-0.072500	nan	0.000000
-3.108600	-0.021100	nan	0.000000
-3.108600	0.030300	nan	0.000000
-3.108600	0.081700	nan	0.000000
-3.108600	0.133100	nan	0.000000
-3.108600	0.184500	nan	0.000000
-3.108600	0.235900	nan	0.000000
-3.108600	0.287300	nan	0.000000
-3.108600	0.338700	nan	0.000000
-3.108600	0.390100	nan	0.000000
-3.108600	0.441500	nan	0.000000
-3.108600	0.492900	nan	0.000000
-3.108600	0.544300	nan	0.000000
-3.108600	0.595700	nan	0.000000
-3.108600	0.647100	nan	0.000000
-3.108600	0.698500	nan	0.000000
-3.108600	0.749900	nan	0.000000
-3.108600	0.801300	nan	0.000000
-3.108600	0.852700	nan	0.000000
-3.108600	0.904100	nan	0.000000
-3.108600	0.955500	nan	0.000000
-3.108600	1.006900	nan	0.000000
-3.108600	1.058300	nan	0.000000
-3.108600	1.109700	nan	0.000000
-3.108600	1.161100	nan	0.000000
-3.108600	1.212500	nan	0.000000
-3.108600	1.263900	nan	0.000000
-3.108600	1.315300	nan	0.000000
-3.108600	1.366700	nan	0.000000
-3.108600	1.418100	nan	0.000000
-3.108600	1.469500	nan	0.000000
-3.108600	1.520900	nan	0.000000
-3.108600	1.572300	nan	0.000000
-3.108600	1.623700	nan	0.000000
-3.108600	1.675100	nan	0.000000
-3.108600	1.726500	nan	0.000000
-3.108600	1.777900	nan	0.000000
-3.108600	1.829300	nan	0.000000
-3.108600	1.880700	nan	0.000000
-3.108600	1.932100	nan	0.000000
-3.108600	1.983500	nan	0.000000
-3.108600	2.034900	nan	0.000000
-3.108600	2.086300	nan	0.000000
-3.108600	2.137700	nan	0.000000
-3.108600	2.189100	nan	0.000000
-3.108600	2.240500	nan	0.000000
-3.108600	2.291900	nan	0.000000
-3.108600	2.343300	nan	0.000000
-3.108600	2.394700	nan	0.000000
-3.108600	2.446100	nan	0.000000
-3.108600	2.497500	nan	0.000000
-3.108600	2.548900	nan	0.000000
-3.108600	2.600300	nan	0.000000
-3.108600	2.651700	nan	0.000000
-3.108600	2.703100	nan	0.000000
-3.108600	2.754500	nan	0.000000
-3.108600	2.805900	nan	0.000000
-3.108600	2.857300	nan	0.000000
-3.108600	2.908700	nan	0.000000
-3.108600	2.960100	nan	0.000000
-3.108600	3.011500	nan	0.000000
-3.108600	3.062900	nan	0.000000
-3.108600	3.114300	nan	0.000000
-3.108600	3.165700	nan	0.000000

-3.045800	-2.025700	nan	0.000000
-3.045800	-1.974300	nan	0.000000
-3.045800	-1.922900	nan	0.000000
-3.045800	-1.871500	nan	0.000000
-3.045800	-1.820100	nan	0.000000
-3.045800	-1.768700	nan	0.000000
-3.045800	-1.717300	nan	0.000000
-3.045800	-1.665900	nan	0.000000
-3.045800	-1.614500	nan	0.000000
-3.045800	-1.563100	nan	0.000000
-3.045800	-1.511700	nan	0.000000
-3.045800	-1.460300	nan	0.000000
-3.045800	-1.408900	nan	0.000000
-3.045800	-1.357500	nan	0.000000
-3.045800	-1.306100	nan	0.000000
-3.045800	-1.254700	nan	0.000000
-3.045800	-1.203300	nan	0.000000
-3.045800	-1.151900	nan	0.000000
-3.045800	-1.100500	nan	0.000000
-3.045800	-1.049100	nan	0.000000
-3.045800	-0.997700	nan	0.000000
-3.045800	-0.946300	nan	0.000000
-3.045800	-0.894900	nan	0.000000
-3.045800	-0.843500	nan	0.000000
-3.045800	-0.792100	nan	0.000000
-3.045800	-0.740700	nan	0.000000
-3.045800	-0.689300	nan	0.000000
-3.045800	-0.637900	nan	0.000000
-3.045800	-0.586500	nan	0.000000
-3.045800	-0.535100	nan	0.000000
-3.045800	-0.483700	nan	0.000000
-3.045800	-0.432300	nan	0.000000
-3.045800	-0.380900	nan	0.000000
-3.045800	-0.329500	nan	0.000000
-3.045800	-0.278100	nan	0.000000
-3.045800	-0.226700	nan	0.000000
-3.045800	-0.175300	nan	0.000000
-3.045800	-0.123900	nan	0.000000
-3.045800	-0.072500	nan	0.000000
-3.045800	-0.021100	nan	0.000000
-3.045800	0.030300	nan	0.000000
-3.045800	0.081700	nan	0.000000
-3.045800	0.133100	nan	0.000000
-3.045800	0.184500	nan	0.000000
-3.045800	0.235900	nan	0.000000
-3.045800	0.287300	nan	0.000000
-3.045800	0.338700	nan	0.000000
-3.045800	0.390100	nan	0.000000
-3.045800	0.441500	nan	0.000000
-3.045800	0.492900	nan	0.000000
-3.045800	0.544300	nan	0.000000
-3.045800	0.595700	nan	0.000000
-3.045800	0.647100	nan	0.000000
-3.045800	0.698500	nan	0.000000
-3.045800	0.749900	nan	0.000000
-3.045800	0.801300	nan	0.000000
-3.045800	0.852700	nan	0.000000
-3.045800	0.904100	nan	0.000000
-3.045800	0.955500	nan	0.000000
-3.045800	1.006900	nan	0.000000
-3.045800	1.058300	nan	0.000000
-3.045800	1.109700	nan	0.000000
-3.045800	1.161100	nan	0.000000
-3.045800	1.212500	nan	0.000000
-3.045800	1.263900	nan	0.000000
-3.045800	1.315300	nan	0.000000
-3.045800	1.366700	nan	0.000000
-3.045800	1.418100	nan	0.000000
-3.045800	1.469500	nan	0.000000
-3.045800	1.520900	nan	0.000000
-3.045800	1.572300	nan	0.000000
-3.045800	1.623700	nan	0.000000
-3.045800	1.675100	nan	0.000000
-3.045800	1.726500	nan	0.000000
-3.045800	1.777900	nan	0.000000
-3.045800	1.829300	nan	0.000000
-3.045800	1.880700	nan	0.000000
-3.045800	1.932100	nan	0.000000
-3.045800	1.983500	nan	0.000000
-3.045800	2.034900	nan	0.000000
-3.045800	2.086300	nan	0.000000
-3.045800	2.137700	nan	0.000000
-3.045800	2.189100	nan	0.000000
-3.045800	2.240500	nan	0.000000
-3.045800	2.291900	nan	0.000000
-3.045800	2.343300	nan	0.000000
-3.045800	2.394700	nan	0.000000
-3.045800	2.446100	nan	0.000000
-3.045800	2.497500	nan	0.000000
-3.045800	2.548900	nan	0.000000
-3.045800	2.600300	nan	0.000000
-3.045800	2.651700	nan	0.000000
-3.045800	2.703100	nan	0.000000
-3.045800	2.754500	nan	0.000000
-3.045800	2.805900	nan	0.000000
-3.045800	2.857300	nan	0.000000
-3.045800	2.908700	nan	0.000000
-3.045800	2.960100	nan	0.000000
-3.045800	3.011500	nan	0.000000
-3.045800	3.062900	0.648973	0.004691
-3.045800	3.114300	nan	0.000000
-3.045800	3.165700	nan	0.000000

-2.983000	-2.025700	nan	0.000000
-2.983000	-1.974300	nan	0.000000
-2.983000	-1.922900	nan	0.000000
-2.983000	-1.871500	nan	0.000000
-2.983000	-1.820100	nan	0.000000
-2.983000	-1.768700	nan	0.000000
-2.983000	-1.717300	nan	0.000000
-2.983000	-1.665900	nan	0.000000
-2.983000	-1.614500	nan	0.000000
-2.983000	-1.563100	nan	0.000000
-2.983000	-1.511700	nan	0.000000
-2.983000	-1.460300	nan	0.000000
-2.983000	-1.408900	nan	0.000000
-2.983000	-1.357500	nan	0.000000
-2.983000	-1.306100	nan	0.000000
-2.983000	-1.254700	nan	0.000000
-2.983000	-1.203300	nan	0.000000
-2.983000	-1.151900	nan	0.000000
-2.983000	-1.100500	nan	0.000000
-2.983000	-1.049100	nan	0.000000
-2.983000	-0.997700	nan	0.000000
-2.983000	-0.946300	nan	0.000000
-2.983000	-0.894900	nan	0.000000
-2.983000	-0.843500	nan	0.000000
-2.983000	-0.792100	nan	0.000000
-2.983000	-0.740700	nan	0.000000
-2.983000	-0.689300	nan	0.000000
-2.983000	-0.637900	nan	0.000000
-2.983000	-0.586500	nan	0.000000
-2.983000	-0.535100	nan	0.000000
-2.983000	-0.483700	nan	0.000000
-2.983000	-0.432300	nan	0.000000
-2.983000	-0.380900	nan	0.000000
-2.983000	-0.329500	nan	0.000000
-2.983000	-0.278100	nan	0.000000
-2.983000	-0.226700	nan	0.000000
-2.983000	-0.175300	nan	0.000000
-2.983000	-0.123900	nan	0.000000
-2.983000	-0.072500	nan	0.000000
-2.983000	-0.021100	nan	0.000000
-2.983000	0.030300	nan	0.000000
-2.983000	0.081700	nan	0.000000
-2.983000	0.133100	nan	0.000000
-2.983000	0.184500	nan	0.000000
-2.983000	0.235900	nan	0.000000
-2.983000	0.287300	nan	0.000000
-2.983000	0.338700	nan	0.000000
-2.983000	0.390100	nan	0.000000
-2.983000	0.441500	nan	0.000000
-2.983000	0.492900	nan	0.000000
-2.983000	0.544300	nan	0.000000
-2.983000	0.595700	nan	0.000000
-2.983000	0.647100	nan	0.000000
-2.983000	0.698500	nan	0.000000
-2.983000	0.749900	nan	0.000000
-2.983000	0.801300	nan	0.000000
-2.983000	0.852700	nan	0.000000
-2.983000	0.904100	nan	0.000000
-2.983000	0.955500	nan	0.000000
-2.983000	1.006900	nan	0.000000
-2.983000	1.058300	nan	0.000000
-2.983000	1.109700	nan	0.000000
-2.983000	1.161100	nan	0.000000
-2.983000	1.212500	nan	0.000000
-2.983000	1.263900	nan	0.000000
-2.983000	1.315300	nan	0.000000
-2.983000	1.366700	nan	0.000000
-2.983000	1.418100	nan	0.000000
-2.983000	1.469500	nan	0.000000
-2.983000	1.520900	nan	0.000000
-2.983000	1.572300	nan	0.000000
-2.983000	1.623700	nan	0.000000
-2.983000	1.675100	nan	0.000000
-2.983000	1.726500	nan	0.000000
-2.983000	1.777900	nan	0.000000
-2.983000	1.829300	nan	0.000000
-2.983000	1.880700	nan	0.000000
-2.983000	1.932100	nan	0.000000
-2.983000	1.983500	nan	0.000000
-2.983000	2.034900	nan	0.000000
-2.983000	2.086300	nan	0.000000
-2.983000	2.137700	nan	0.000000
-2.983000	2.189100	nan	0.000000
-2.983000	2.240500	nan	0.000000
-2.983000	2.291900	nan	0.000000
-2.983000	2.343300	nan	0.000000
-2.983000	2.394700	nan	0.000000
-2.983000	2.446100	nan	0.000000
-2.983000	2.497500	nan	0.000000
-2.983000	2.548900	nan	0.000000
-2.983000	2.600300	nan	0.000000
-2.983000	2.651700	7.431688	0.000234
-2.983000	2.703100	7.706897	0.000207
-2.983000	2.754500	nan	0.000000
-2.983000	2.805900	7.629399	0.000214
-2.983000	2.857300	4.791176	0.000751
-2.983000	2.908700	6.711651	0.000321
-2.983000	2.960100	5.936947	0.000453
-2.983000	3.011500	4.951437	0.000700
-2.983000	3.062900	nan	0.000000
-2.983000	3.114300	nan	0.000000
-2.983000	3.165700	nan	0.000000

-2.920200	-2.025700	nan	0.000000
-2.920200	-1.974300	nan	0.000000
-2.920200	-1.922900	nan	0.000000
-2.920200	-1.871500	nan	0.000000
-2.920200	-1.820100	nan	0.000000
-2.920200	-1.768700	nan	0.000000
-2.920200	-1.717300	nan	0.000000
-2.920200	-1.665900	nan	0.000000
-2.920200	-1.614500	nan	0.000000
-2.920200	-1.563100	nan	0.000000
-2.920200	-1.511700	nan	0.000000
-2.920200	-1.460300	nan	0.000000
-2.920200	-1.408900	nan	0.000000
-2.920200	-1.357500	nan	0.000000
-2.920200	-1.306100	nan	0.000000
-2.920200	-1.254700	nan	0.000000
-2.920200	-1.203300	nan	0.000000
-2.920200	-1.151900	nan	0.000000
-2.920200	-1.100500	nan	0.000000
-2.920200	-1.049100	nan	0.000000
-2.920200	-0.997700	nan	0.000000
-2.920200	-0.946300	nan	0.000000
-2.920200	-0.894900	nan	0.000000
-2.920200	-0.843500	nan	0.000000
-2.920200	-0.792100	nan	0.000000
-2.920200	-0.740700	nan	0.000000
-2.920200	-0.689300	nan	0.000000
-2.920200	-0.637900	nan	0.000000
-2.920200	-0.586500	nan	0.000000
-2.920200	-0.535100	nan	0.000000
-2.920200	-0.483700	nan	0.000000
-2.920200	-0.432300	nan	0.000000
-2.920200	-0.380900	nan	0.000000
-2.920200	-0.329500	nan	0.000000
-2.920200	-0.278100	nan	0.000000
-2.920200	-0.226700	nan	0.000000
-2.920200	-0.175300	nan	0.000000
-2.920200	-0.123900	nan	0.000000
-2.920200	-0.072500	nan	0.000000
-2.920200	-0.021100	nan	0.000000
-2.920200	0.030300	nan	0.000000
-2.920200	0.081700	nan	0.000000
-2.920200	0.133100	nan	0.000000
-2.920200	0.184500	nan	0.000000
-2.920200	0.235900	nan	0.000000
-2.920200	0.287300	nan	0.000000
-2.920200	0.338700	nan	0.000000
-2.920200	0.390100	nan	0.000000
-2.920200	0.441500	nan	0.000000
-2.920200	0.492900	nan	0.000000
-2.920200	0.544300	nan	0.000000
-2.920200	0.595700	nan	0.000000
-2.920200	0.647100	nan	0.000000
-2.920200	0.698500	nan	0.000000
-2.920200	0.749900	nan	0.000000
-2.920200	0.801300	nan	0.000000
-2.920200	0.852700	nan	0.000000
-2.920200	0.904100	nan	0.000000
-2.920200	0.955500	nan	0.000000
-2.920200	1.006900	nan	0.000000
-2.920200	1.058300	nan	0.000000
-2.920200	1.109700	nan	0.000000
-2.920200	1.161100	nan	0.000000
-2.920200	1.212500	nan	0.000000
-2.920200	1.263900	nan	0.000000
-2.920200	1.315300	nan	0.000000
-2.920200	1.366700	nan	0.000000
-2.920200	1.418100	nan	0.000000
-2.920200	1.469500	nan	0.000000
-2.920200	1.520900	nan	0.000000
-2.920200	1.572300	nan	0.000000
-2.920200	1.623700	nan	0.000000
-2.920200	1.675100	nan	0.000000
-2.920200	1.726500	nan	0.000000
-2.920200	1.777900	nan	0.000000
-2.920200	1.829300	nan	0.000000
-2.920200	1.880700	nan	0.000000
-2.920200	1.932100	nan	0.000000
-2.920200	1.983500	nan	0.000000
-2.920200	2.034900	nan	0.000000
-2.920200	2.086300	nan	0.000000
-2.920200	2.137700	nan	0.000000
-2.920200	2.189100	nan	0.000000
-2.920200	2.240500	nan	0.000000
-2.920200	2.291900	nan	0.000000
-2.920200	2.343300	nan	0.000000
-2.920200	2.394700	nan	0.000000
-2.920200	2.446100	nan	0.000000
-2.920200	2.497500	nan	0.000000
-2.920200	2.548900	7.510861	0.000226
-2.920200	2.600300	7.276851	0.000250
-2.920200	2.651700	5.031564	0.000676
-2.920200	2.703100	6.869806	0.000300
-2.920200	2.754500	4.164889	0.000991
-2.920200	2.805900	4.155878	0.000995
-2.920200	2.857300	3.946280	0.001092
-2.920200	2.908700	5.453038	0.000561
-2.920200	2.960100	5.089633	0.000658
-2.920200	3.011500	4.608016	0.000815
-2.920200	3.062900	4.061623	0.001037
-2.920200	3.114300	nan	0.000000
-2.920200	3.165700	nan	0.000000

-2.857400	-2.025700	3.562204	0.001294
-2.857400	-1.974300	nan	0.000000
-2.857400	-1.922900	nan	0.000000
-2.857400	-1.871500	nan	0.000000
-2.857400	-1.820100	nan	0.000000
-2.857400	-1.768700	nan	0.000000
-2.857400	-1.717300	nan	0.000000
-2.857400	-1.665900	nan	0.000000
-2.857400	-1.614500	nan	0.000000
-2.857400	-1.563100	nan	0.000000
-2.857400	-1.511700	nan	0.000000
-2.857400	-1.460300	nan	0.000000
-2.857400	-1.408900	nan	0.000000
-2.857400	-1.357500	nan	0.000000
-2.857400	-1.306100	nan	0.000000
-2.857400	-1.254700	nan	0.000000
-2.857400	-1.203300	nan	0.000000
-2.857400	-1.151900	nan	0.000000
-2.857400	-1.100500	nan	0.000000
-2.857400	-1.049100	nan	0.000000
-2.857400	-0.997700	nan	0.000000
-2.857400	-0.946300	nan	0.000000
-2.857400	-0.894900	nan	0.000000
-2.857400	-0.843500	nan	0.000000
-2.857400	-0.792100	nan	0.000000
-2.857400	-0.740700	nan	0.000000
-2.857400	-0.689300	nan	0.000000
-2.857400	-0.637900	nan	0.000000
-2.857400	-0.586500	nan	0.000000
-2.857400	-0.535100	nan	0.000000
-2.857400	-0.483700	nan	0.000000
-2.857400	-0.432300	nan	0.000000
-2.857400	-0.380900	nan	0.000000
-2.857400	-0.329500	nan	0.000000
-2.857400	-0.278100	nan	0.000000
-2.857400	-0.226700	nan	0.000000
-2.857400	-0.175300	nan	0.000000
-2.857400	-0.123900	nan	0.000000
-2.857400	-0.072500	nan	0.000000
-2.857400	-0.021100	nan	0.000000
-2.857400	0.030300	nan	0.000000
-2.857400	0.081700	nan	0.000000
-2.857400	0.133100	nan	0.000000
-2.857400	0.184500	nan	0.000000
-2.857400	0.235900	nan	0.000000
-2.857400	0.287300	nan	0.000000
-2.857400	0.338700	nan	0.000000
-2.857400	0.390100	nan	0.000000
-2.857400	0.441500	nan	0.000000
-2.857400	0.492900	nan	0.000000
-2.857400	0.544300	nan	0.000000
-2.857400	0.595700	nan	0.000000
-2.857400	0.647100	nan	0.000000
-2.857400	0.698500	nan	0.000000
-2.857400	0.749900	nan	0.000000
-2.857400	0.801300	nan	0.000000
-2.857400	0.852700	nan	0.000000
-2.857400	0.904100	nan	0.000000
-2.857400	0.955500	nan	0.000000
-2.857400	1.006900	nan	0.000000
-2.857400	1.058300	nan	0.000000
-2.857400	1.109700	nan	0.000000
-2.857400	1.161100	nan	0.000000
-2.857400	1.212500	nan	0.000000
-2.857400	1.263900	nan	0.000000
-2.857400	1.315300	nan	0.000000
-2.857400	1.366700	nan	0.000000
-2.857400	1.418100	nan	0.000000
-2.857400	1.469500	nan	0.000000
-2.857400	1.520900	nan	0.000000
-2.857400	1.572300	nan	0.000000
-2.857400	1.623700	nan	0.000000
-2.857400	1.675100	nan	0.000000
-2.857400	1.726500	nan	0.000000
-2.857400	1.777900	nan	0.000000
-2.857400	1.829300	nan	0.000000
-2.857400	1.880700	nan	0.000000
-2.857400	1.932100	nan	0.000000
-2.857400	1.983500	nan	0.000000
-2.857400	2.034900	nan	0.000000
-2.857400	2.086300	nan	0.000000
-2.857400	2.137700	nan	0.000000
-2.857400	2.189100	nan	0.000000
-2.857400	2.240500	nan	0.000000
-2.857400	2.291900	nan	0.000000
-2.857400	2.343300	nan	0.000000
-2.857400	2.394700	8.404607	0.000152
-2.857400	2.446100	9.663559	0.000087
-2.857400	2.497500	7.090687	0.000272
-2.857400	2.548900	5.632782	0.000518
-2.857400	2.600300	7.302854	0.000247
-2.857400	2.651700	5.553039	0.000536
-2.857400	2.703100	5.312142	0.000597
-2.857400	2.754500	4.040341	0.001047
-2.857400	2.805900	3.369002	0.001409
-2.857400	2.857300	3.751624	0.001190
-2.857400	2.908700	3.758961	0.001186
-2.857400	2.960100	3.754507	0.001188
-2.857400	3.011500	3.813299	0.001158
-2.857400	3.062900	3.403140	0.001388
-2.857400	3.114300	3.562204	0.001294
-2.857400	3.165700	nan	0.000000

-2.794600	-2.025700	2.407689	0.002155
-2.794600	-1.974300	nan	0.000000
-2.794600	-1.922900	nan	0.000000
-2.794600	-1.871500	nan	0.000000
-2.794600	-1.820100	nan	0.000000
-2.794600	-1.768700	nan	0.000000
-2.794600	-1.717300	nan	0.000000
-2.794600	-1.665900	nan	0.000000
-2.794600	-1.614500	nan	0.000000
-2.794600	-1.563100	nan	0.000000
-2.794600	-1.511700	nan	0.000000
-2.794600	-1.460300	nan	0.000000
-2.794600	-1.408900	nan	0.000000
-2.794600	-1.357500	nan	0.000000
-2.794600	-1.306100	nan	0.000000
-2.794600	-1.254700	nan	0.000000
-2.794600	-1.203300	nan	0.000000
-2.794600	-1.151900	nan	0.000000
-2.794600	-1.100500	nan	0.000000
-2.794600	-1.049100	nan	0.000000
-2.794600	-0.997700	nan	0.000000
-2.794600	-0.946300	nan	0.000000
-2.794600	-0.894900	nan	0.000000
-2.794600	-0.843500	nan	0.000000
-2.794600	-0.792100	nan	0.000000
-2.794600	-0.740700	nan	0.000000
-2.794600	-0.689300	nan	0.000000
-2.794600	-0.637900	nan	0.000000
-2.794600	-0.586500	nan	0.000000
-2.794600	-0.535100	nan	0.000000
-2.794600	-0.483700	nan	0.000000
-2.794600	-0.432300	nan	0.000000
-2.794600	-0.380900	nan	0.000000
-2.794600	-0.329500	nan	0.000000
-2.794600	-0.278100	nan	0.000000
-2.794600	-0.226700	nan	0.000000
-2.794600	-0.175300	nan	0.000000
-2.794600	-0.123900	nan	0.000000
-2.794600	-0.072500	nan	0.000000
-2.794600	-0.021100	nan	0.000000
-2.794600	0.030300	nan	0.000000
-2.794600	0.081700	nan	0.000000
-2.794600	0.133100	nan	0.000000
-2.794600	0.184500	nan	0.000000
-2.794600	0.235900	nan	0.000000
-2.794600	0.287300	nan	0.000000
-2.794600	0.338700	nan	0.000000
-2.794600	0.390100	nan	0.000000
-2.794600	0.441500	nan	0.000000
-2.794600	0.492900	nan	0.000000
-2.794600	0.544300	nan	0.000000
-2.794600	0.595700	nan	0.000000
-2.794600	0.647100	nan	0.000000
-2.794600	0.698500	nan	0.000000
-2.794600	0.749900	nan	0.000000
-2.794600	0.801300	nan	0.000000
-2.794600	0.852700	nan	0.000000
-2.794600	0.904100	nan	0.000000
-2.794600	0.955500	nan	0.000000
-2.794600	1.006900	nan	0.000000
-2.794600	1.058300	nan	0.000000
-2.794600	1.109700	nan	0.000000
-2.794600	1.161100	nan	0.000000
-2.794600	1.212500	nan	0.000000
-2.794600	1.263900	nan	0.000000
-2.794600	1.315300	nan	0.000000
-2.794600	1.366700	nan	0.000000
-2.794600	1.418100	nan	0.000000
-2.794600	1.469500	nan	0.000000
-2.794600	1.520900	nan	0.000000
-2.794600	1.572300	nan	0.000000
-2.794600	1.623700	nan	0.000000
-2.794600	1.675100	nan	0.000000
-2.794600	1.726500	nan	0.000000
-2.794600	1.777900	nan	0.000000
-2.794600	1.829300	nan	0.000000
-2.794600	1.880700	nan	0.000000
-2.794600	1.932100	nan	0.000000
-2.794600	1.983500	nan	0.000000
-2.794600	2.034900	nan	0.000000
-2.794600	2.086300	nan	0.000000
-2.794600	2.137700	nan	0.000000
-2.794600	2.189100	nan	0.000000
-2.794600	2.240500	nan	0.000000
-2.794600	2.291900	nan	0.000000
-2.794600	2.343300	nan	0.000000
-2.794600	2.394700	10.727541	0.000054
-2.794600	2.446100	7.246027	0.000254
-2.794600	2.497500	6.449162	0.000361
-2.794600	2.548900	5.995289	0.000441
-2.794600	2.600300	5.189175	0.000630
-2.794600	2.651700	4.571619	0.000828
-2.794600	2.703100	3.938937	0.001095
-2.794600	2.754500	3.284006	0.001463
-2.794600	2.805900	2.664922	0.001924
-2.794600	2.857300	2.882375	0.001747
-2.794600	2.908700	2.552381	0.002022
-2.794600	2.960100	2.604196	0.001976
-2.794600	3.011500	2.561066	0.002014
-2.794600	3.062900	2.206552	0.002356
-2.794600	3.114300	2.407689	0.002155
-2.794600	3.165700	nan	0.000000

-2.731800	-2.025700	2.822358	0.001794
-2.731800	-1.974300	nan	0.000000
-2.731800	-1.922900	nan	0.000000
-2.731800	-1.871500	nan	0.000000
-2.731800	-1.820100	nan	0.000000
-2.731800	-1.768700	nan	0.000000
-2.731800	-1.717300	nan	0.000000
-2.731800	-1.665900	nan	0.000000
-2.731800	-1.614500	nan	0.000000
-2.731800	-1.563100	nan	0.000000
-2.731800	-1.511700	nan	0.000000
-2.731800	-1.460300	nan	0.000000
-2.731800	-1.408900	nan	0.000000
-2.731800	-1.357500	nan	0.000000
-2.731800	-1.306100	nan	0.000000
-2.731800	-1.254700	nan	0.000000
-2.731800	-1.203300	nan	0.000000
-2.731800	-1.151900	nan	0.000000
-2.731800	-1.100500	nan	0.000000
-2.731800	-1.049100	nan	0.000000
-2.731800	-0.997700	nan	0.000000
-2.731800	-0.946300	nan	0.000000
-2.731800	-0.894900	nan	0.000000
-2.731800	-0.843500	nan	0.000000
-2.731800	-0.792100	nan	0.000000
-2.731800	-0.740700	nan	0.000000
-2.731800	-0.689300	nan	0.000000
-2.731800	-0.637900	nan	0.000000
-2.731800	-0.586500	nan	0.000000
-2.731800	-0.535100	nan	0.000000
-2.731800	-0.483700	nan	0.000000
-2.731800	-0.432300	nan	0.000000
-2.731800	-0.380900	nan	0.000000
-2.731800	-0.329500	nan	0.000000
-2.731800	-0.278100	nan	0.000000
-2.731800	-0.226700	nan	0.000000
-2.731800	-0.175300	nan	0.000000
-2.731800	-0.123900	nan	0.000000
-2.731800	-0.072500	nan	0.000000
-2.731800	-0.021100	nan	0.000000
-2.731800	0.030300	nan	0.000000
-2.731800	0.081700	nan	0.000000
-2.731800	0.133100	nan	0.000000
-2.731800	0.184500	nan	0.000000
-2.731800	0.235900	nan	0.000000
-2.731800	0.287300	nan	0.000000
-2.731800	0.338700	nan	0.000000
-2.731800	0.390100	nan	0.000000
-2.731800	0.441500	nan	0.000000
-2.731800	0.492900	nan	0.000000
-2.731800	0.544300	nan	0.000000
-2.731800	0.595700	nan	0.000000
-2.731800	0.647100	nan	0.000000
-2.731800	0.698500	nan	0.000000
-2.731800	0.749900	nan	0.000000
-2.731800	0.801300	nan	0.000000
-2.731800	0.852700	nan	0.000000
-2.731800	0.904100	nan	0.000000
-2.731800	0.955500	nan	0.000000
-2.731800	1.006900	nan	0.000000
-2.731800	1.058300	nan	0.000000
-2.731800	1.109700	nan	0.000000
-2.731800	1.161100	nan	0.000000
-2.731800	1.212500	nan	0.000000
-2.731800	1.263900	nan	0.000000
-2.731800	1.315300	nan	0.000000
-2.731800	1.366700	nan	0.000000
-2.731800	1.418100	nan	0.000000
-2.731800	1.469500	nan	0.000000
-2.731800	1.520900	nan	0.000000
-2.731800	1.572300	nan	0.000000
-2.731800	1.623700	nan	0.000000
-2.731800	1.675100	nan	0.000000
-2.731800	1.726500	nan	0.000000
-2.731800	1.777900	nan	0.000000
-2.731800	1.829300	nan	0.000000
-2.731800	1.880700	nan	0.000000
-2.731800	1.932100	nan	0.000000
-2.731800	1.983500	nan	0.000000
-2.731800	2.034900	nan	0.000000
-2.731800	2.086300	2.535476	0.002037
-2.731800	2.137700	nan	0.000000
-2.731800	2.189100	nan	0.000000
-2.731800	2.240500	nan	0.000000
-2.731800	2.291900	9.974277	0.000076
-2.731800	2.343300	9.902763	0.000078
-2.731800	2.394700	6.536732	0.000347
-2.731800	2.446100	6.361477	0.000375
-2.731800	2.497500	5.993057	0.000442
-2.731800	2.548900	5.304432	0.000599
-2.731800	2.600300	4.330901	0.000921
-2.731800	2.651700	3.705028	0.001215
-2.731800	2.703100	3.179894	0.001532
-2.731800	2.754500	2.655741	0.001932
-2.731800	2.805900	2.316772	0.002244
-2.731800	2.857300	2.351067	0.002210
-2.731800	2.908700	2.288046	0.002273
-2.731800	2.960100	2.169041	0.002395
-2.731800	3.011500	2.288118	0.002272
-2.731800	3.062900	2.689060	0.001903
-2.731800	3.114300	2.822358	0.001794
-2.731800	3.165700	nan	0.000000

-2.669000	-2.025700	2.408374	0.002155
-2.669000	-1.974300	nan	0.000000
-2.669000	-1.922900	nan	0.000000
-2.669000	-1.871500	nan	0.000000
-2.669000	-1.820100	nan	0.000000
-2.669000	-1.768700	nan	0.000000
-2.669000	-1.717300	nan	0.000000
-2.669000	-1.665900	nan	0.000000
-2.669000	-1.614500	nan	0.000000
-2.669000	-1.563100	nan	0.000000
-2.669000	-1.511700	nan	0.000000
-2.669000	-1.460300	nan	0.000000
-2.669000	-1.408900	nan	0.000000
-2.669000	-1.357500	nan	0.000000
-2.669000	-1.306100	nan	0.000000
-2.669000	-1.254700	nan	0.000000
-2.669000	-1.203300	nan	0.000000
-2.669000	-1.151900	nan	0.000000
-2.669000	-1.100500	nan	0.000000
-2.669000	-1.049100	nan	0.000000
-2.669000	-0.997700	nan	0.000000
-2.669000	-0.946300	nan	0.000000
-2.669000	-0.894900	nan	0.000000
-2.669000	-0.843500	nan	0.000000
-2.669000	-0.792100	nan	0.000000
-2.669000	-0.740700	nan	0.000000
-2.669000	-0.689300	nan	0.000000
-2.669000	-0.637900	nan	0.000000
-2.669000	-0.586500	nan	0.000000
-2.669000	-0.535100	nan	0.000000
-2.669000	-0.483700	nan	0.000000
-2.669000	-0.432300	nan	0.000000
-2.669000	-0.380900	nan	0.000000
-2.669000	-0.329500	nan	0.000000
-2.669000	-0.278100	nan	0.000000
-2.669000	-0.226700	nan	0.000000
-2.669000	-0.175300	nan	0.000000
-2.669000	-0.123900	nan	0.000000
-2.669000	-0.072500	nan	0.000000
-2.669000	-0.021100	nan	0.000000
-2.669000	0.030300	nan	0.000000
-2.669000	0.081700	nan	0.000000
-2.669000	0.133100	nan	0.000000
-2.669000	0.184500	nan	0.000000
-2.669000	0.235900	nan	0.000000
-2.669000	0.287300	nan	0.000000
-2.669000	0.338700	nan	0.000000
-2.669000	0.390100	nan	0.000000
-2.669000	0.441500	nan	0.000000
-2.669000	0.492900	nan	0.000000
-2.669000	0.544300	nan	0.000000
-2.669000	0.595700	nan	0.000000
-2.669000	0.647100	nan	0.000000
-2.669000	0.698500	nan	0.000000
-2.669000	0.749900	nan	0.000000
-2.669000	0.801300	nan	0.000000
-2.669000	0.852700	nan	0.000000
-2.669000	0.904100	nan	0.000000
-2.669000	0.955500	nan	0.000000
-2.669000	1.006900	nan	0.000000
-2.669000	1.058300	nan	0.000000
-2.669000	1.109700	nan	0.000000
-2.669000	1.161100	nan	0.000000
-2.669000	1.212500	nan	0.000000
-2.669000	1.263900	nan	0.000000
-2.669000	1.315300	nan	0.000000
-2.669000	1.366700	nan	0.000000
-2.669000	1.418100	nan	0.000000
-2.669000	1.469500	nan	0.000000
-2.669000	1.520900	nan	0.000000
-2.669000	1.572300	nan	0.000000
-2.669000	1.623700	nan	0.000000
-2.669000	1.675100	nan	0.000000
-2.669000	1.726500	nan	0.000000
-2.669000	1.777900	nan	0.000000
-2.669000	1.829300	nan	0.000000
-2.669000	1.880700	nan	0.000000
-2.669000	1.932100	nan	0.000000
-2.669000	1.983500	nan	0.000000
-2.669000	2.034900	nan	0.000000
-2.669000	2.086300	nan	0.000000
-2.669000	2.137700	nan	0.000000
-2.669000	2.189100	8.762194	0.000130
-2.669000	2.240500	6.809499	0.000308
-2.669000	2.291900	9.514838	0.000093
-2.669000	2.343300	7.438589	0.000233
-2.669000	2.394700	6.438974	0.000363
-2.669000	2.446100	5.886407	0.000463
-2.669000	2.497500	5.052719	0.000669
-2.669000	2.548900	4.636796	0.000804
-2.669000	2.600300	3.737718	0.001197
-2.669000	2.651700	3.293651	0.001457
-2.669000	2.703100	2.820402	0.001796
-2.669000	2.754500	2.412360	0.002151
-2.669000	2.805900	2.074926	0.002497
-2.669000	2.857300	1.819049	0.002796
-2.669000	2.908700	1.869407	0.002735
-2.669000	2.960100	1.964328	0.002622
-2.669000	3.011500	2.176652	0.002387
-2.669000	3.062900	2.149539	0.002416
-2.669000	3.114300	2.408374	0.002155
-2.669000	3.165700	nan	0.000000

-2.606200	-2.025700	2.600712	0.001979
-2.606200	-1.974300	nan	0.000000
-2.606200	-1.922900	nan	0.000000
-2.606200	-1.871500	nan	0.000000
-2.606200	-1.820100	nan	0.000000
-2.606200	-1.768700	nan	0.000000
-2.606200	-1.717300	nan	0.000000
-2.606200	-1.665900	nan	0.000000
-2.606200	-1.614500	nan	0.000000
-2.606200	-1.563100	nan	0.000000
-2.606200	-1.511700	nan	0.000000
-2.606200	-1.460300	nan	0.000000
-2.606200	-1.408900	nan	0.000000
-2.606200	-1.357500	nan	0.000000
-2.606200	-1.306100	nan	0.000000
-2.606200	-1.254700	nan	0.000000
-2.606200	-1.203300	nan	0.000000
-2.606200	-1.151900	nan	0.000000
-2.606200	-1.100500	nan	0.000000
-2.606200	-1.049100	nan	0.000000
-2.606200	-0.997700	nan	0.000000
-2.606200	-0.946300	nan	0.000000
-2.606200	-0.894900	nan	0.000000
-2.606200	-0.843500	nan	0.000000
-2.606200	-0.792100	nan	0.000000
-2.606200	-0.740700	nan	0.000000
-2.606200	-0.689300	nan	0.000000
-2.606200	-0.637900	nan	0.000000
-2.606200	-0.586500	nan	0.000000
-2.606200	-0.535100	nan	0.000000
-2.606200	-0.483700	nan	0.000000
-2.606200	-0.432300	nan	0.000000
-2.606200	-0.380900	nan	0.000000
-2.606200	-0.329500	nan	0.000000
-2.606200	-0.278100	nan	0.000000
-2.606200	-0.226700	nan	0.000000
-2.606200	-0.175300	nan	0.000000
-2.606200	-0.123900	nan	0.000000
-2.606200	-0.072500	nan	0.000000
-2.606200	-0.021100	nan	0.000000
-2.606200	0.030300	nan	0.000000
-2.606200	0.081700	nan	0.000000
-2.606200	0.133100	nan	0.000000
-2.606200	0.184500	nan	0.000000
-2.606200	0.235900	nan	0.000000
-2.606200	0.287300	nan	0.000000
-2.606200	0.338700	nan	0.000000
-2.606200	0.390100	nan	0.000000
-2.606200	0.441500	nan	0.000000
-2.606200	0.492900	nan	0.000000
-2.606200	0.544300	nan	0.000000
-2.606200	0.595700	nan	0.000000
-2.606200	0.647100	nan	0.000000
-2.606200	0.698500	nan	0.000000
-2.606200	0.749900	nan	0.000000
-2.606200	0.801300	nan	0.000000
-2.606200	0.852700	nan	0.000000
-2.606200	0.904100	nan	0.000000
-2.606200	0.955500	nan	0.000000
-2.606200	1.006900	nan	0.000000
-2.606200	1.058300	nan	0.000000
-2.606200	1.109700	nan	0.000000
-2.606200	1.161100	nan	0.000000
-2.606200	1.212500	nan	0.000000
-2.606200	1.263900	nan	0.000000
-2.606200	1.315300	nan	0.000000
-2.606200	1.366700	nan	0.000000
-2.606200	1.418100	nan	0.000000
-2.606200	1.469500	nan	0.000000
-2.606200	1.520900	nan	0.000000
-2.606200	1.572300	nan	0.000000
-2.606200	1.623700	nan	0.000000
-2.606200	1.675100	nan	0.000000
-2.606200	1.726500	nan	0.000000
-2.606200	1.777900	nan	0.000000
-2.606200	1.829300	nan	0.000000
-2.606200	1.880700	nan	0.000000
-2.606200	1.932100	nan	0.000000
-2.606200	1.983500	nan	0.000000
-2.606200	2.034900	nan	0.000000
-2.606200	2.086300	7.323074	0.000245
-2.606200	2.137700	nan	0.000000
-2.606200	2.189100	8.355155	0.000155
-2.606200	2.240500	6.792315	0.000310
-2.606200	2.291900	7.446201	0.000232
-2.606200	2.343300	6.874608	0.000299
-2.606200	2.394700	5.866266	0.000467
-2.606200	2.446100	5.231456	0.000618
-2.606200	2.497500	4.612252	0.000813
-2.606200	2.548900	4.129731	0.001007
-2.606200	2.600300	3.420057	0.001378
-2.606200	2.651700	2.930696	0.001710
-2.606200	2.703100	2.471366	0.002096
-2.606200	2.754500	2.280371	0.002280
-2.606200	2.805900	1.979763	0.002604
-2.606200	2.857300	1.746827	0.002887
-2.606200	2.908700	1.706987	0.002938
-2.606200	2.960100	1.867244	0.002737
-2.606200	3.011500	2.155000	0.002410
-2.606200	3.062900	2.149921	0.002416
-2.606200	3.114300	2.600712	0.001979
-2.606200	3.165700	nan	0.000000

-2.543400	-2.025700	2.512668	0.002058
-2.543400	-1.974300	nan	0.000000
-2.543400	-1.922900	nan	0.000000
-2.543400	-1.871500	nan	0.000000
-2.543400	-1.820100	nan	0.000000
-2.543400	-1.768700	nan	0.000000
-2.543400	-1.717300	nan	0.000000
-2.543400	-1.665900	nan	0.000000
-2.543400	-1.614500	nan	0.000000
-2.543400	-1.563100	nan	0.000000
-2.543400	-1.511700	nan	0.000000
-2.543400	-1.460300	nan	0.000000
-2.543400	-1.408900	nan	0.000000
-2.543400	-1.357500	nan	0.000000
-2.543400	-1.306100	nan	0.000000
-2.543400	-1.254700	nan	0.000000
-2.543400	-1.203300	nan	0.000000
-2.543400	-1.151900	nan	0.000000
-2.543400	-1.100500	nan	0.000000
-2.543400	-1.049100	nan	0.000000
-2.543400	-0.997700	nan	0.000000
-2.543400	-0.946300	nan	0.000000
-2.543400	-0.894900	nan	0.000000
-2.543400	-0.843500	nan	0.000000
-2.543400	-0.792100	nan	0.000000
-2.543400	-0.740700	nan	0.000000
-2.543400	-0.689300	nan	0.000000
-2.543400	-0.637900	nan	0.000000
-2.543400	-0.586500	nan	0.000000
-2.543400	-0.535100	nan	0.000000
-2.543400	-0.483700	nan	0.000000
-2.543400	-0.432300	nan	0.000000
-2.543400	-0.380900	nan	0.000000
-2.543400	-0.329500	nan	0.000000
-2.543400	-0.278100	nan	0.000000
-2.543400	-0.226700	nan	0.000000
-2.543400	-0.175300	nan	0.000000
-2.543400	-0.123900	nan	0.000000
-2.543400	-0.072500	nan	0.000000
-2.543400	-0.021100	nan	0.000000
-2.543400	0.030300	nan	0.000000
-2.543400	0.081700	nan	0.000000
-2.543400	0.133100	nan	0.000000
-2.543400	0.184500	nan	0.000000
-2.543400	0.235900	nan	0.000000
-2.543400	0.287300	nan	0.000000
-2.543400	0.338700	nan	0.000000
-2.543400	0.390100	nan	0.000000
-2.543400	0.441500	nan	0.000000
-2.543400	0.492900	nan	0.000000
-2.543400	0.544300	nan	0.000000
-2.543400	0.595700	nan	0.000000
-2.543400	0.647100	nan	0.000000
-2.543400	0.698500	nan	0.000000
-2.543400	0.749900	nan	0.000000
-2.543400	0.801300	nan	0.000000
-2.543400	0.852700	nan	0.000000
-2.543400	0.904100	nan	0.000000
-2.543400	0.955500	nan	0.000000
-2.543400	1.006900	nan	0.000000
-2.543400	1.058300	nan	0.000000
-2.543400	1.109700	nan	0.000000
-2.543400	1.161100	nan	0.000000
-2.543400	1.212500	nan	0.000000
-2.543400	1.263900	nan	0.000000
-2.543400	1.315300	nan	0.000000
-2.543400	1.366700	nan	0.000000
-2.543400	1.418100	nan	0.000000
-2.543400	1.469500	nan	0.000000
-2.543400	1.520900	nan	0.000000
-2.543400	1.572300	nan	0.000000
-2.543400	1.623700	nan	0.000000
-2.543400	1.675100	nan	0.000000
-2.543400	1.726500	nan	0.000000
-2.543400	1.777900	nan	0.000000
-2.543400	1.829300	nan	0.000000
-2.543400	1.880700	nan	0.000000
-2.543400	1.932100	nan	0.000000
-2.543400	1.983500	nan	0.000000
-2.543400	2.034900	nan	0.000000
-2.543400	2.086300	9.520940	0.000093
-2.543400	2.137700	7.564382	0.000220
-2.543400	2.189100	8.722408	0.000132
-2.543400	2.240500	8.256830	0.000162
-2.543400	2.291900	7.152212	0.000264
-2.543400	2.343300	6.095540	0.000422
-2.543400	2.394700	5.451455	0.000561
-2.543400	2.446100	4.986664	0.000689
-2.543400	2.497500	4.261886	0.000949
-2.543400	2.548900	3.828442	0.001150
-2.543400	2.600300	3.282866	0.001464
-2.543400	2.651700	2.714925	0.001882
-2.543400	2.703100	2.460272	0.002106
-2.543400	2.754500	2.130707	0.002436
-2.543400	2.805900	1.901597	0.002696
-2.543400	2.857300	1.807494	0.002811
-2.543400	2.908700	1.782567	0.002842
-2.543400	2.960100	1.878984	0.002723
-2.543400	3.011500	2.129377	0.002438
-2.543400	3.062900	2.259551	0.002301
-2.543400	3.114300	2.512668	0.002058
-2.543400	3.165700	nan	0.000000

-2.480600	-2.025700	3.026745	0.001639
-2.480600	-1.974300	nan	0.000000
-2.480600	-1.922900	nan	0.000000
-2.480600	-1.871500	nan	0.000000
-2.480600	-1.820100	nan	0.000000
-2.480600	-1.768700	nan	0.000000
-2.480600	-1.717300	nan	0.000000
-2.480600	-1.665900	nan	0.000000
-2.480600	-1.614500	nan	0.000000
-2.480600	-1.563100	nan	0.000000
-2.480600	-1.511700	nan	0.000000
-2.480600	-1.460300	nan	0.000000
-2.480600	-1.408900	nan	0.000000
-2.480600	-1.357500	nan	0.000000
-2.480600	-1.306100	nan	0.000000
-2.480600	-1.254700	nan	0.000000
-2.480600	-1.203300	nan	0.000000
-2.480600	-1.151900	nan	0.000000
-2.480600	-1.100500	nan	0.000000
-2.480600	-1.049100	nan	0.000000
-2.480600	-0.997700	nan	0.000000
-2.480600	-0.946300	nan	0.000000
-2.480600	-0.894900	nan	0.000000
-2.480600	-0.843500	nan	0.000000
-2.480600	-0.792100	nan	0.000000
-2.480600	-0.740700	nan	0.000000
-2.480600	-0.689300	nan	0.000000
-2.480600	-0.637900	nan	0.000000
-2.480600	-0.586500	nan	0.000000
-2.480600	-0.535100	nan	0.000000
-2.480600	-0.483700	nan	0.000000
-2.480600	-0.432300	nan	0.000000
-2.480600	-0.380900	nan	0.000000
-2.480600	-0.329500	nan	0.000000
-2.480600	-0.278100	nan	0.000000
-2.480600	-0.226700	nan	0.000000
-2.480600	-0.175300	nan	0.000000
-2.480600	-0.123900	nan	0.000000
-2.480600	-0.072500	nan	0.000000
-2.480600	-0.021100	nan	0.000000
-2.480600	0.030300	nan	0.000000
-2.480600	0.081700	nan	0.000000
-2.480600	0.133100	nan	0.000000
-2.480600	0.184500	nan	0.000000
-2.480600	0.235900	nan	0.000000
-2.480600	0.287300	nan	0.000000
-2.480600	0.338700	nan	0.000000
-2.480600	0.390100	nan	0.000000
-2.480600	0.441500	nan	0.000000
-2.480600	0.492900	nan	0.000000
-2.480600	0.544300	nan	0.000000
-2.480600	0.595700	nan	0.000000
-2.480600	0.647100	nan	0.000000
-2.480600	0.698500	nan	0.000000
-2.480600	0.749900	nan	0.000000
-2.480600	0.801300	nan	0.000000
-2.480600	0.852700	nan	0.000000
-2.480600	0.904100	nan	0.000000
-2.480600	0.955500	nan	0.000000
-2.480600	1.006900	nan	0.000000
-2.480600	1.058300	nan	0.000000
-2.480600	1.109700	nan	0.000000
-2.480600	1.161100	nan	0.000000
-2.480600	1.212500	nan	0.000000
-2.480600	1.263900	nan	0.000000
-2.480600	1.315300	nan	0.000000
-2.480600	1.366700	nan	0.000000
-2.480600	1.418100	nan	0.000000
-2.480600	1.469500	nan	0.000000
-2.480600	1.520900	nan	0.000000
-2.480600	1.572300	nan	0.000000
-2.480600	1.623700	nan	0.000000
-2.480600	1.675100	nan	0.000000
-2.480600	1.726500	nan	0.000000
-2.480600	1.777900	nan	0.000000
-2.480600	1.829300	nan	0.000000
-2.480600	1.880700	nan	0.000000
-2.480600	1.932100	nan	0.000000
-2.480600	1.983500	8.237250	0.000164
-2.480600	2.034900	9.958896	0.000076
-2.480600	2.086300	10.028476	0.000074
-2.480600	2.137700	8.168268	0.000169
-2.480600	2.189100	8.448976	0.000149
-2.480600	2.240500	7.004134	0.000282
-2.480600	2.291900	6.216400	0.000400
-2.480600	2.343300	5.690901	0.000505
-2.480600	2.394700	5.276316	0.000606
-2.480600	2.446100	4.658034	0.000797
-2.480600	2.497500	4.146348	0.000999
-2.480600	2.548900	3.682747	0.001227
-2.480600	2.600300	3.123576	0.001571
-2.480600	2.651700	2.833463	0.001786
-2.480600	2.703100	2.465946	0.002101
-2.480600	2.754500	2.235410	0.002326
-2.480600	2.805900	2.032984	0.002544
-2.480600	2.857300	2.033867	0.002543
-2.480600	2.908700	1.960519	0.002627
-2.480600	2.960100	2.102389	0.002467
-2.480600	3.011500	2.335720	0.002225
-2.480600	3.062900	2.618405	0.001964
-2.480600	3.114300	3.026745	0.001639
-2.480600	3.165700	nan	0.000000

-2.417800	-2.025700	3.449395	0.001360
-2.417800	-1.974300	nan	0.000000
-2.417800	-1.922900	nan	0.000000
-2.417800	-1.871500	nan	0.000000
-2.417800	-1.820100	nan	0.000000
-2.417800	-1.768700	nan	0.000000
-2.417800	-1.717300	nan	0.000000
-2.417800	-1.665900	nan	0.000000
-2.417800	-1.614500	nan	0.000000
-2.417800	-1.563100	nan	0.000000
-2.417800	-1.511700	nan	0.000000
-2.417800	-1.460300	nan	0.000000
-2.417800	-1.408900	nan	0.000000
-2.417800	-1.357500	nan	0.000000
-2.417800	-1.306100	nan	0.000000
-2.417800	-1.254700	nan	0.000000
-2.417800	-1.203300	nan	0.000000
-2.417800	-1.151900	nan	0.000000
-2.417800	-1.100500	nan	0.000000
-2.417800	-1.049100	nan	0.000000
-2.417800	-0.997700	nan	0.000000
-2.417800	-0.946300	nan	0.000000
-2.417800	-0.894900	nan	0.000000
-2.417800	-0.843500	nan	0.000000
-2.417800	-0.792100	nan	0.000000
-2.417800	-0.740700	nan	0.000000
-2.417800	-0.689300	nan	0.000000
-2.417800	-0.637900	nan	0.000000
-2.417800	-0.586500	nan	0.000000
-2.417800	-0.535100	nan	0.000000
-2.417800	-0.483700	nan	0.000000
-2.417800	-0.432300	nan	0.000000
-2.417800	-0.380900	nan	0.000000
-2.417800	-0.329500	nan	0.000000
-2.417800	-0.278100	nan	0.000000
-2.417800	-0.226700	nan	0.000000
-2.417800	-0.175300	nan	0.000000
-2.417800	-0.123900	nan	0.000000
-2.417800	-0.072500	nan	0.000000
-2.417800	-0.021100	nan	0.000000
-2.417800	0.030300	nan	0.000000
-2.417800	0.081700	nan	0.000000
-2.417800	0.133100	nan	0.000000
-2.417800	0.184500	nan	0.000000
-2.417800	0.235900	nan	0.000000
-2.417800	0.287300	nan	0.000000
-2.417800	0.338700	nan	0.000000
-2.417800	0.390100	nan	0.000000
-2.417800	0.441500	nan	0.000000
-2.417800	0.492900	nan	0.000000
-2.417800	0.544300	nan	0.000000
-2.417800	0.595700	nan	0.000000
-2.417800	0.647100	nan	0.000000
-2.417800	0.698500	nan	0.000000
-2.417800	0.749900	nan	0.000000
-2.417800	0.801300	nan	0.000000
-2.417800	0.852700	nan	0.000000
-2.417800	0.904100	nan	0.000000
-2.417800	0.955500	nan	0.000000
-2.417800	1.006900	nan	0.000000
-2.417800	1.058300	nan	0.000000
-2.417800	1.109700	nan	0.000000
-2.417800	1.161100	nan	0.000000
-2.417800	1.212500	nan	0.000000
-2.417800	1.263900	nan	0.000000
-2.417800	1.315300	nan	0.000000
-2.417800	1.366700	nan	0.000000
-2.417800	1.418100	nan	0.000000
-2.417800	1.469500	nan	0.000000
-2.417800	1.520900	nan	0.000000
-2.417800	1.572300	nan	0.000000
-2.417800	1.623700	nan	0.000000
-2.417800	1.675100	nan	0.000000
-2.417800	1.726500	nan	0.000000
-2.417800	1.777900	nan	0.000000
-2.417800	1.829300	5.495474	0.000550
-2.417800	1.880700	nan	0.000000
-2.417800	1.932100	nan	0.000000
-2.417800	1.983500	8.937576	0.000120
-2.417800	2.034900	10.498036	0.000060
-2.417800	2.086300	8.341697	0.000156
-2.417800	2.137700	7.756727	0.000202
-2.417800	2.189100	7.897945	0.000190
-2.417800	2.240500	6.547172	0.000346
-2.417800	2.291900	6.349497	0.000377
-2.417800	2.343300	5.676120	0.000508
-2.417800	2.394700	5.020687	0.000679
-2.417800	2.446100	4.470234	0.000866
-2.417800	2.497500	4.125775	0.001008
-2.417800	2.548900	3.686628	0.001224
-2.417800	2.600300	3.231174	0.001498
-2.417800	2.651700	2.874361	0.001754
-2.417800	2.703100	2.640561	0.001945
-2.417800	2.754500	2.325739	0.002235
-2.417800	2.805900	2.290087	0.002271
-2.417800	2.857300	2.239635	0.002322
-2.417800	2.908700	2.299344	0.002261
-2.417800	2.960100	2.306402	0.002254
-2.417800	3.011500	2.628131	0.001955
-2.417800	3.062900	2.940141	0.001703
-2.417800	3.114300	3.449395	0.001360
-2.417800	3.165700	nan	0.000000

-2.355000	-2.025700	3.625983	0.001258
-2.355000	-1.974300	nan	0.000000
-2.355000	-1.922900	nan	0.000000
-2.355000	-1.871500	nan	0.000000
-2.355000	-1.820100	nan	0.000000
-2.355000	-1.768700	nan	0.000000
-2.355000	-1.717300	nan	0.000000
-2.355000	-1.665900	nan	0.000000
-2.355000	-1.614500	nan	0.000000
-2.355000	-1.563100	nan	0.000000
-2.355000	-1.511700	nan	0.000000
-2.355000	-1.460300	nan	0.000000
-2.355000	-1.408900	nan	0.000000
-2.355000	-1.357500	nan	0.000000
-2.355000	-1.306100	nan	0.000000
-2.355000	-1.254700	nan	0.000000
-2.355000	-1.203300	nan	0.000000
-2.355000	-1.151900	nan	0.000000
-2.355000	-1.100500	nan	0.000000
-2.355000	-1.049100	nan	0.000000
-2.355000	-0.997700	nan	0.000000
-2.355000	-0.946300	nan	0.000000
-2.355000	-0.894900	nan	0.000000
-2.355000	-0.843500	nan	0.000000
-2.355000	-0.792100	nan	0.000000
-2.355000	-0.740700	nan	0.000000
-2.355000	-0.689300	nan	0.000000
-2.355000	-0.637900	nan	0.000000
-2.355000	-0.586500	nan	0.000000
-2.355000	-0.535100	nan	0.000000
-2.355000	-0.483700	nan	0.000000
-2.355000	-0.432300	nan	0.000000
-2.355000	-0.380900	nan	0.000000
-2.355000	-0.329500	nan	0.000000
-2.355000	-0.278100	nan	0.000000
-2.355000	-0.226700	nan	0.000000
-2.355000	-0.175300	nan	0.000000
-2.355000	-0.123900	nan	0.000000
-2.355000	-0.072500	nan	0.000000
-2.355000	-0.021100	nan	0.000000
-2.355000	0.030300	nan	0.000000
-2.355000	0.081700	nan	0.000000
-2.355000	0.133100	nan	0.000000
-2.355000	0.184500	nan	0.000000
-2.355000	0.235900	nan	0.000000
-2.355000	0.287300	nan	0.000000
-2.355000	0.338700	nan	0.000000
-2.355000	0.390100	nan	0.000000
-2.355000	0.441500	nan	0.000000
-2.355000	0.492900	nan	0.000000
-2.355000	0.544300	nan	0.000000
-2.355000	0.595700	nan	0.000000
-2.355000	0.647100	nan	0.000000
-2.355000	0.698500	nan	0.000000
-2.355000	0.749900	nan	0.000000
-2.355000	0.801300	nan	0.000000
-2.355000	0.852700	nan	0.000000
-2.355000	0.904100	nan	0.000000
-2.355000	0.955500	nan	0.000000
-2.355000	1.006900	nan	0.000000
-2.355000	1.058300	nan	0.000000
-2.355000	1.109700	nan	0.000000
-2.355000	1.161100	nan	0.000000
-2.355000	1.212500	nan	0.000000
-2.355000	1.263900	nan	0.000000
-2.355000	1.315300	nan	0.000000
-2.355000	1.366700	nan	0.000000
-2.355000	1.418100	nan	0.000000
-2.355000	1.469500	nan	0.000000
-2.355000	1.520900	nan	0.000000
-2.355000	1.572300	nan	0.000000
-2.355000	1.623700	nan	0.000000
-2.355000	1.675100	nan	0.000000
-2.355000	1.726500	nan	0.000000
-2.355000	1.777900	nan	0.000000
-2.355000	1.829300	nan	0.000000
-2.355000	1.880700	9.677996	0.000087
-2.355000	1.932100	7.132426	0.000267
-2.355000	1.983500	9.004744	0.000117
-2.355000	2.034900	8.425729	0.000151
-2.355000	2.086300	8.600127	0.000139
-2.355000	2.137700	7.559454	0.000221
-2.355000	2.189100	7.501793	0.000227
-2.355000	2.240500	6.673295	0.000327
-2.355000	2.291900	6.034423	0.000434
-2.355000	2.343300	5.319881	0.000595
-2.355000	2.394700	4.974048	0.000693
-2.355000	2.446100	4.556635	0.000833
-2.355000	2.497500	4.078282	0.001030
-2.355000	2.548900	3.734502	0.001199
-2.355000	2.600300	3.395095	0.001393
-2.355000	2.651700	3.050333	0.001622
-2.355000	2.703100	2.843325	0.001778
-2.355000	2.754500	2.641459	0.001944
-2.355000	2.805900	2.530045	0.002042
-2.355000	2.857300	2.557783	0.002017
-2.355000	2.908700	2.707790	0.001888
-2.355000	2.960100	2.812893	0.001802
-2.355000	3.011500	3.162679	0.001544
-2.355000	3.062900	3.307950	0.001448
-2.355000	3.114300	3.625983	0.001258
-2.355000	3.165700	nan	0.000000

-2.292200	-2.025700	4.162093	0.000992
-2.292200	-1.974300	nan	0.000000
-2.292200	-1.922900	nan	0.000000
-2.292200	-1.871500	nan	0.000000
-2.292200	-1.820100	nan	0.000000
-2.292200	-1.768700	nan	0.000000
-2.292200	-1.717300	nan	0.000000
-2.292200	-1.665900	nan	0.000000
-2.292200	-1.614500	nan	0.000000
-2.292200	-1.563100	nan	0.000000
-2.292200	-1.511700	nan	0.000000
-2.292200	-1.460300	nan	0.000000
-2.292200	-1.408900	nan	0.000000
-2.292200	-1.357500	nan	0.000000
-2.292200	-1.306100	nan	0.000000
-2.292200	-1.254700	nan	0.000000
-2.292200	-1.203300	nan	0.000000
-2.292200	-1.151900	nan	0.000000
-2.292200	-1.100500	nan	0.000000
-2.292200	-1.049100	nan	0.000000
-2.292200	-0.997700	nan	0.000000
-2.292200	-0.946300	nan	0.000000
-2.292200	-0.894900	nan	0.000000
-2.292200	-0.843500	nan	0.000000
-2.292200	-0.792100	nan	0.000000
-2.292200	-0.740700	nan	0.000000
-2.292200	-0.689300	nan	0.000000
-2.292200	-0.637900	nan	0.000000
-2.292200	-0.586500	nan	0.000000
-2.292200	-0.535100	nan	0.000000
-2.292200	-0.483700	nan	0.000000
-2.292200	-0.432300	nan	0.000000
-2.292200	-0.380900	nan	0.000000
-2.292200	-0.329500	nan	0.000000
-2.292200	-0.278100	nan	0.000000
-2.292200	-0.226700	nan	0.000000
-2.292200	-0.175300	nan	0.000000
-2.292200	-0.123900	nan	0.000000
-2.292200	-0.072500	nan	0.000000
-2.292200	-0.021100	nan	0.000000
-2.292200	0.030300	nan	0.000000
-2.292200	0.081700	nan	0.000000
-2.292200	0.133100	nan	0.000000
-2.292200	0.184500	nan	0.000000
-2.292200	0.235900	nan	0.000000
-2.292200	0.287300	nan	0.000000
-2.292200	0.338700	nan	0.000000
-2.292200	0.390100	nan	0.000000
-2.292200	0.441500	nan	0.000000
-2.292200	0.492900	nan	0.000000
-2.292200	0.544300	nan	0.000000
-2.292200	0.595700	nan	0.000000
-2.292200	0.647100	nan	0.000000
-2.292200	0.698500	nan	0.000000
-2.292200	0.749900	nan	0.000000
-2.292200	0.801300	nan	0.000000
-2.292200	0.852700	nan	0.000000
-2.292200	0.904100	nan	0.000000
-2.292200	0.955500	nan	0.000000
-2.292200	1.006900	nan	0.000000
-2.292200	1.058300	nan	0.000000
-2.292200	1.109700	nan	0.000000
-2.292200	1.161100	nan	0.000000
-2.292200	1.212500	nan	0.000000
-2.292200	1.263900	nan	0.000000
-2.292200	1.315300	nan	0.000000
-2.292200	1.366700	nan	0.000000
-2.292200	1.418100	nan	0.000000
-2.292200	1.469500	nan	0.000000
-2.292200	1.520900	nan	0.000000
-2.292200	1.572300	nan	0.000000
-2.292200	1.623700	nan	0.000000
-2.292200	1.675100	6.356113	0.000376
-2.292200	1.726500	nan	0.000000
-2.292200	1.777900	9.205376	0.000107
-2.292200	1.829300	9.043483	0.000115
-2.292200	1.880700	10.424731	0.000062
-2.292200	1.932100	8.938420	0.000120
-2.292200	1.983500	12.156310	0.000029
-2.292200	2.034900	7.845793	0.000195
-2.292200	2.086300	7.843099	0.000195
-2.292200	2.137700	6.909917	0.000294
-2.292200	2.189100	7.052737	0.000276
-2.292200	2.240500	6.266863	0.000391
-2.292200	2.291900	5.795360	0.000482
-2.292200	2.343300	5.234520	0.000618
-2.292200	2.394700	4.870453	0.000725
-2.292200	2.446100	4.478650	0.000863
-2.292200	2.497500	4.168648	0.000989
-2.292200	2.548900	3.757505	0.001187
-2.292200	2.600300	3.481188	0.001341
-2.292200	2.651700	3.264299	0.001476
-2.292200	2.703100	3.072465	0.001606
-2.292200	2.754500	2.961238	0.001687
-2.292200	2.805900	2.985667	0.001669
-2.292200	2.857300	3.011109	0.001651
-2.292200	2.908700	3.100344	0.001587
-2.292200	2.960100	3.339518	0.001428
-2.292200	3.011500	3.605415	0.001269
-2.292200	3.062900	4.012714	0.001060
-2.292200	3.114300	4.162093	0.000992
-2.292200	3.165700	nan	0.000000

-2.229400	-2.025700	5.485372	0.000553
-2.229400	-1.974300	nan	0.000000
-2.229400	-1.922900	nan	0.000000
-2.229400	-1.871500	nan	0.000000
-2.229400	-1.820100	nan	0.000000
-2.229400	-1.768700	nan	0.000000
-2.229400	-1.717300	nan	0.000000
-2.229400	-1.665900	nan	0.000000
-2.229400	-1.614500	nan	0.000000
-2.229400	-1.563100	nan	0.000000
-2.229400	-1.511700	nan	0.000000
-2.229400	-1.460300	nan	0.000000
-2.229400	-1.408900	nan	0.000000
-2.229400	-1.357500	nan	0.000000
-2.229400	-1.306100	nan	0.000000
-2.229400	-1.254700	nan	0.000000
-2.229400	-1.203300	nan	0.000000
-2.229400	-1.151900	nan	0.000000
-2.229400	-1.100500	nan	0.000000
-2.229400	-1.049100	nan	0.000000
-2.229400	-0.997700	nan	0.000000
-2.229400	-0.946300	nan	0.000000
-2.229400	-0.894900	nan	0.000000
-2.229400	-0.843500	nan	0.000000
-2.229400	-0.792100	nan	0.000000
-2.229400	-0.740700	nan	0.000000
-2.229400	-0.689300	nan	0.000000
-2.229400	-0.637900	nan	0.000000
-2.229400	-0.586500	nan	0.000000
-2.229400	-0.535100	nan	0.000000
-2.229400	-0.483700	nan	0.000000
-2.229400	-0.432300	nan	0.000000
-2.229400	-0.380900	nan	0.000000
-2.229400	-0.329500	nan	0.000000
-2.229400	-0.278100	nan	0.000000
-2.229400	-0.226700	nan	0.000000
-2.229400	-0.175300	nan	0.000000
-2.229400	-0.123900	nan	0.000000
-2.229400	-0.072500	nan	0.000000
-2.229400	-0.021100	nan	0.000000
-2.229400	0.030300	nan	0.000000
-2.229400	0.081700	nan	0.000000
-2.229400	0.133100	nan	0.000000
-2.229400	0.184500	nan	0.000000
-2.229400	0.235900	nan	0.000000
-2.229400	0.287300	nan	0.000000
-2.229400	0.338700	nan	0.000000
-2.229400	0.390100	nan	0.000000
-2.229400	0.441500	nan	0.000000
-2.229400	0.492900	nan	0.000000
-2.229400	0.544300	nan	0.000000
-2.229400	0.595700	nan	0.000000
-2.229400	0.647100	nan	0.000000
-2.229400	0.698500	nan	0.000000
-2.229400	0.749900	nan	0.000000
-2.229400	0.801300	nan	0.000000
-2.229400	0.852700	nan	0.000000
-2.229400	0.904100	nan	0.000000
-2.229400	0.955500	nan	0.000000
-2.229400	1.006900	nan	0.000000
-2.229400	1.058300	nan	0.000000
-2.229400	1.109700	nan	0.000000
-2.229400	1.161100	nan	0.000000
-2.229400	1.212500	nan	0.000000
-2.229400	1.263900	nan	0.000000
-2.229400	1.315300	nan	0.000000
-2.229400	1.366700	nan	0.000000
-2.229400	1.418100	nan	0.000000
-2.229400	1.469500	nan	0.000000
-2.229400	1.520900	nan	0.000000
-2.229400	1.572300	nan	0.000000
-2.229400	1.623700	7.776966	0.000201
-2.229400	1.675100	nan	0.000000
-2.229400	1.726500	8.791763	0.000128
-2.229400	1.777900	11.638764	0.000036
-2.229400	1.829300	10.414007	0.000063
-2.229400	1.880700	9.161779	0.000109
-2.229400	1.932100	8.236240	0.000164
-2.229400	1.983500	7.869486	0.000193
-2.229400	2.034900	7.500758	0.000227
-2.229400	2.086300	7.304174	0.000247
-2.229400	2.137700	6.909460	0.000294
-2.229400	2.189100	6.317648	0.000383
-2.229400	2.240500	6.113833	0.000419
-2.229400	2.291900	5.639537	0.000516
-2.229400	2.343300	5.171349	0.000635
-2.229400	2.394700	4.752233	0.000764
-2.229400	2.446100	4.470063	0.000866
-2.229400	2.497500	4.227981	0.000964
-2.229400	2.548900	3.914131	0.001107
-2.229400	2.600300	3.663371	0.001237
-2.229400	2.651700	3.568520	0.001290
-2.229400	2.703100	3.364630	0.001412
-2.229400	2.754500	3.311526	0.001445
-2.229400	2.805900	3.381672	0.001401
-2.229400	2.857300	3.426055	0.001374
-2.229400	2.908700	3.566045	0.001291
-2.229400	2.960100	3.939489	0.001095
-2.229400	3.011500	4.462464	0.000869
-2.229400	3.062900	4.597811	0.000818
-2.229400	3.114300	5.485372	0.000553
-2.229400	3.165700	nan	0.000000

-2.166600	-2.025700	5.933259	0.000453
-2.166600	-1.974300	nan	0.000000
-2.166600	-1.922900	nan	0.000000
-2.166600	-1.871500	nan	0.000000
-2.166600	-1.820100	nan	0.000000
-2.166600	-1.768700	nan	0.000000
-2.166600	-1.717300	nan	0.000000
-2.166600	-1.665900	nan	0.000000
-2.166600	-1.614500	nan	0.000000
-2.166600	-1.563100	nan	0.000000
-2.166600	-1.511700	nan	0.000000
-2.166600	-1.460300	nan	0.000000
-2.166600	-1.408900	nan	0.000000
-2.166600	-1.357500	nan	0.000000
-2.166600	-1.306100	nan	0.000000
-2.166600	-1.254700	nan	0.000000
-2.166600	-1.203300	nan	0.000000
-2.166600	-1.151900	nan	0.000000
-2.166600	-1.100500	nan	0.000000
-2.166600	-1.049100	nan	0.000000
-2.166600	-0.997700	nan	0.000000
-2.166600	-0.946300	nan	0.000000
-2.166600	-0.894900	nan	0.000000
-2.166600	-0.843500	nan	0.000000
-2.166600	-0.792100	nan	0.000000
-2.166600	-0.740700	nan	0.000000
-2.166600	-0.689300	nan	0.000000
-2.166600	-0.637900	nan	0.000000
-2.166600	-0.586500	nan	0.000000
-2.166600	-0.535100	nan	0.000000
-2.166600	-0.483700	nan	0.000000
-2.166600	-0.432300	nan	0.000000
-2.166600	-0.380900	nan	0.000000
-2.166600	-0.329500	nan	0.000000
-2.166600	-0.278100	nan	0.000000
-2.166600	-0.226700	nan	0.000000
-2.166600	-0.175300	nan	0.000000
-2.166600	-0.123900	nan	0.000000
-2.166600	-0.072500	nan	0.000000
-2.166600	-0.021100	nan	0.000000
-2.166600	0.030300	nan	0.000000
-2.166600	0.081700	nan	0.000000
-2.166600	0.133100	nan	0.000000
-2.166600	0.184500	nan	0.000000
-2.166600	0.235900	nan	0.000000
-2.166600	0.287300	nan	0.000000
-2.166600	0.338700	nan	0.000000
-2.166600	0.390100	nan	0.000000
-2.166600	0.441500	nan	0.000000
-2.166600	0.492900	nan	0.000000
-2.166600	0.544300	nan	0.000000
-2.166600	0.595700	nan	0.000000
-2.166600	0.647100	nan	0.000000
-2.166600	0.698500	nan	0.000000
-2.166600	0.749900	nan	0.000000
-2.166600	0.801300	nan	0.000000
-2.166600	0.852700	nan	0.000000
-2.166600	0.904100	nan	0.000000
-2.166600	0.955500	nan	0.000000
-2.166600	1.006900	nan	0.000000
-2.166600	1.058300	nan	0.000000
-2.166600	1.109700	nan	0.000000
-2.166600	1.161100	nan	0.000000
-2.166600	1.212500	nan	0.000000
-2.166600	1.263900	nan	0.000000
-2.166600	1.315300	nan	0.000000
-2.166600	1.366700	nan	0.000000
-2.166600	1.418100	nan	0.000000
-2.166600	1.469500	nan	0.000000
-2.166600	1.520900	6.532262	0.000348
-2.166600	1.572300	9.228260	0.000106
-2.166600	1.623700	8.816366	0.000127
-2.166600	1.675100	9.982362	0.000076
-2.166600	1.726500	8.660253	0.000136
-2.166600	1.777900	9.459338	0.000095
-2.166600	1.829300	9.183541	0.000108
-2.166600	1.880700	8.541664	0.000143
-2.166600	1.932100	7.623602	0.000215
-2.166600	1.983500	7.450309	0.000232
-2.166600	2.034900	7.002490	0.000283
-2.166600	2.086300	6.544978	0.000346
-2.166600	2.137700	6.316107	0.000383
-2.166600	2.189100	6.074578	0.000426
-2.166600	2.240500	5.821543	0.000476
-2.166600	2.291900	5.473161	0.000556
-2.166600	2.343300	5.049847	0.000670
-2.166600	2.394700	4.734446	0.000770
-2.166600	2.446100	4.424935	0.000883
-2.166600	2.497500	4.196765	0.000977
-2.166600	2.548900	4.055483	0.001040
-2.166600	2.600300	3.872635	0.001128
-2.166600	2.651700	3.725933	0.001203
-2.166600	2.703100	3.698781	0.001218
-2.166600	2.754500	3.664329	0.001237
-2.166600	2.805900	3.677445	0.001229
-2.166600	2.857300	3.885424	0.001121
-2.166600	2.908700	3.977445	0.001077
-2.166600	2.960100	4.400004	0.000893
-2.166600	3.011500	4.839506	0.000735
-2.166600	3.062900	5.366408	0.000583
-2.166600	3.114300	5.933259	0.000453
-2.166600	3.165700	nan	0.000000

-2.103800	-2.025700	6.184862	0.000406
-2.103800	-1.974300	nan	0.000000
-2.103800	-1.922900	nan	0.000000
-2.103800	-1.871500	nan	0.000000
-2.103800	-1.820100	nan	0.000000
-2.103800	-1.768700	nan	0.000000
-2.103800	-1.717300	nan	0.000000
-2.103800	-1.665900	nan	0.000000
-2.103800	-1.614500	nan	0.000000
-2.103800	-1.563100	nan	0.000000
-2.103800	-1.511700	nan	0.000000
-2.103800	-1.460300	nan	0.000000
-2.103800	-1.408900	nan	0.000000
-2.103800	-1.357500	nan	0.000000
-2.103800	-1.306100	nan	0.000000
-2.103800	-1.254700	nan	0.000000
-2.103800	-1.203300	nan	0.000000
-2.103800	-1.151900	nan	0.000000
-2.103800	-1.100500	nan	0.000000
-2.103800	-1.049100	nan	0.000000
-2.103800	-0.997700	nan	0.000000
-2.103800	-0.946300	nan	0.000000
-2.103800	-0.894900	nan	0.000000
-2.103800	-0.843500	nan	0.000000
-2.103800	-0.792100	nan	0.000000
-2.103800	-0.740700	nan	0.000000
-2.103800	-0.689300	nan	0.000000
-2.103800	-0.637900	nan	0.000000
-2.103800	-0.586500	nan	0.000000
-2.103800	-0.535100	nan	0.000000
-2.103800	-0.483700	nan	0.000000
-2.103800	-0.432300	nan	0.000000
-2.103800	-0.380900	nan	0.000000
-2.103800	-0.329500	nan	0.000000
-2.103800	-0.278100	nan	0.000000
-2.103800	-0.226700	nan	0.000000
-2.103800	-0.175300	nan	0.000000
-2.103800	-0.123900	nan	0.000000
-2.103800	-0.072500	nan	0.000000
-2.103800	-0.021100	17.334365	0.000003
-2.103800	0.030300	nan	0.000000
-2.103800	0.081700	nan	0.000000
-2.103800	0.133100	nan	0.000000
-2.103800	0.184500	nan	0.000000
-2.103800	0.235900	nan	0.000000
-2.103800	0.287300	16.356278	0.000005
-2.103800	0.338700	nan	0.000000
-2.103800	0.390100	nan	0.000000
-2.103800	0.441500	nan	0.000000
-2.103800	0.492900	nan	0.000000
-2.103800	0.544300	nan	0.000000
-2.103800	0.595700	nan	0.000000
-2.103800	0.647100	nan	0.000000
-2.103800	0.698500	nan	0.000000
-2.103800	0.749900	nan	0.000000
-2.103800	0.801300	nan	0.000000
-2.103800	0.852700	nan	0.000000
-2.103800	0.904100	nan	0.000000
-2.103800	0.955500	nan	0.000000
-2.103800	1.006900	nan	0.000000
-2.103800	1.058300	nan	0.000000
-2.103800	1.109700	nan	0.000000
-2.103800	1.161100	nan	0.000000
-2.103800	1.212500	nan	0.000000
-2.103800	1.263900	nan	0.000000
-2.103800	1.315300	nan	0.000000
-2.103800	1.366700	nan	0.000000
-2.103800	1.418100	7.270752	0.000251
-2.103800	1.469500	7.244512	0.000254
-2.103800	1.520900	9.126441	0.000110
-2.103800	1.572300	9.221625	0.000106
-2.103800	1.623700	9.104419	0.000112
-2.103800	1.675100	8.368244	0.000154
-2.103800	1.726500	8.173895	0.000168
-2.103800	1.777900	7.882330	0.000192
-2.103800	1.829300	8.196389	0.000167
-2.103800	1.880700	7.567728	0.000220
-2.103800	1.932100	7.139369	0.000266
-2.103800	1.983500	6.761772	0.000314
-2.103800	2.034900	6.553549	0.000345
-2.103800	2.086300	6.357457	0.000376
-2.103800	2.137700	6.139261	0.000414
-2.103800	2.189100	5.810841	0.000479
-2.103800	2.240500	5.635872	0.000517
-2.103800	2.291900	5.269172	0.000608
-2.103800	2.343300	4.939296	0.000704
-2.103800	2.394700	4.702093	0.000782
-2.103800	2.446100	4.424619	0.000884
-2.103800	2.497500	4.270520	0.000946
-2.103800	2.548900	4.090125	0.001024
-2.103800	2.600300	4.015789	0.001059
-2.103800	2.651700	3.951504	0.001089
-2.103800	2.703100	3.918614	0.001105
-2.103800	2.754500	3.895576	0.001116
-2.103800	2.805900	4.004853	0.001064
-2.103800	2.857300	4.222758	0.000966
-2.103800	2.908700	4.599120	0.000818
-2.103800	2.960100	4.615108	0.000812
-2.103800	3.011500	5.412188	0.000571
-2.103800	3.062900	5.763198	0.000489
-2.103800	3.114300	6.184862	0.000406
-2.103800	3.165700	nan	0.000000

-2.041000	-2.025700	9.816923	0.000081
-2.041000	-1.974300	nan	0.000000
-2.041000	-1.922900	nan	0.000000
-2.041000	-1.871500	nan	0.000000
-2.041000	-1.820100	nan	0.000000
-2.041000	-1.768700	nan	0.000000
-2.041000	-1.717300	nan	0.000000
-2.041000	-1.665900	nan	0.000000
-2.041000	-1.614500	nan	0.000000
-2.041000	-1.563100	nan	0.000000
-2.041000	-1.511700	nan	0.000000
-2.041000	-1.460300	nan	0.000000
-2.041000	-1.408900	nan	0.000000
-2.041000	-1.357500	nan	0.000000
-2.041000	-1.306100	nan	0.000000
-2.041000	-1.254700	nan	0.000000
-2.041000	-1.203300	nan	0.000000
-2.041000	-1.151900	nan	0.000000
-2.041000	-1.100500	nan	0.000000
-2.041000	-1.049100	nan	0.000000
-2.041000	-0.997700	nan	0.000000
-2.041000	-0.946300	nan	0.000000
-2.041000	-0.894900	nan	0.000000
-2.041000	-0.843500	nan	0.000000
-2.041000	-0.792100	nan	0.000000
-2.041000	-0.740700	nan	0.000000
-2.041000	-0.689300	nan	0.000000
-2.041000	-0.637900	nan	0.000000
-2.041000	-0.586500	15.529226	0.000007
-2.041000	-0.535100	nan	0.000000
-2.041000	-0.483700	nan	0.000000
-2.041000	-0.432300	nan	0.000000
-2.041000	-0.380900	nan	0.000000
-2.041000	-0.329500	nan	0.000000
-2.041000	-0.278100	nan	0.000000
-2.041000	-0.226700	18.189979	0.000002
-2.041000	-0.175300	nan	0.000000
-2.041000	-0.123900	20.271935	0.000001
-2.041000	-0.072500	nan	0.000000
-2.041000	-0.021100	nan	0.000000
-2.041000	0.030300	nan	0.000000
-2.041000	0.081700	20.461545	0.000001
-2.041000	0.133100	nan	0.000000
-2.041000	0.184500	16.950811	0.000003
-2.041000	0.235900	18.229649	0.000002
-2.041000	0.287300	17.881441	0.000002
-2.041000	0.338700	17.472929	0.000003
-2.041000	0.390100	16.999695	0.000003
-2.041000	0.441500	nan	0.000000
-2.041000	0.492900	nan	0.000000
-2.041000	0.544300	16.759388	0.000004
-2.041000	0.595700	nan	0.000000
-2.041000	0.647100	12.840810	0.000021
-2.041000	0.698500	13.009348	0.000020
-2.041000	0.749900	12.253438	0.000028
-2.041000	0.801300	13.069488	0.000019
-2.041000	0.852700	nan	0.000000
-2.041000	0.904100	nan	0.000000
-2.041000	0.955500	nan	0.000000
-2.041000	1.006900	10.463817	0.000061
-2.041000	1.058300	nan	0.000000
-2.041000	1.109700	8.138513	0.000171
-2.041000	1.161100	9.548532	0.000092
-2.041000	1.212500	7.999237	0.000182
-2.041000	1.263900	7.286245	0.000249
-2.041000	1.315300	8.588312	0.000140
-2.041000	1.366700	10.703289	0.000055
-2.041000	1.418100	7.744925	0.000204
-2.041000	1.469500	8.528706	0.000144
-2.041000	1.520900	8.972126	0.000118
-2.041000	1.572300	8.305991	0.000159
-2.041000	1.623700	7.013750	0.000281
-2.041000	1.675100	7.386826	0.000238
-2.041000	1.726500	7.649567	0.000212
-2.041000	1.777900	7.469379	0.000230
-2.041000	1.829300	7.244607	0.000254
-2.041000	1.880700	6.663616	0.000328
-2.041000	1.932100	6.878328	0.000299
-2.041000	1.983500	6.397636	0.000369
-2.041000	2.034900	6.008696	0.000439
-2.041000	2.086300	5.877560	0.000465
-2.041000	2.137700	5.775815	0.000486
-2.041000	2.189100	5.542276	0.000539
-2.041000	2.240500	5.361934	0.000584
-2.041000	2.291900	5.106778	0.000653
-2.041000	2.343300	4.881973	0.000722
-2.041000	2.394700	4.686374	0.000787
-2.041000	2.446100	4.465388	0.000868
-2.041000	2.497500	4.296914	0.000935
-2.041000	2.548900	4.143910	0.001000
-2.041000	2.600300	4.212456	0.000970
-2.041000	2.651700	4.147924	0.000999
-2.041000	2.703100	4.178858	0.000985
-2.041000	2.754500	4.239836	0.000959
-2.041000	2.805900	4.461170	0.000869
-2.041000	2.857300	4.543542	0.000838
-2.041000	2.908700	5.056469	0.000668
-2.041000	2.960100	4.896950	0.000717
-2.041000	3.011500	5.710359	0.000500
-2.041000	3.062900	6.755004	0.000315
-2.041000	3.114300	9.816923	0.000081
-2.041000	3.165700	nan	0.000000

-1.978200	-2.025700	7.722382	0.000206
-1.978200	-1.974300	nan	0.000000
-1.978200	-1.922900	nan	0.000000
-1.978200	-1.871500	nan	0.000000
-1.978200	-1.820100	nan	0.000000
-1.978200	-1.768700	nan	0.000000
-1.978200	-1.717300	nan	0.000000
-1.978200	-1.665900	nan	0.000000
-1.978200	-1.614500	nan	0.000000
-1.978200	-1.563100	nan	0.000000
-1.978200	-1.511700	nan	0.000000
-1.978200	-1.460300	nan	0.000000
-1.978200	-1.408900	nan	0.000000
-1.978200	-1.357500	nan	0.000000
-1.978200	-1.306100	nan	0.000000
-1.978200	-1.254700	nan	0.000000
-1.978200	-1.203300	nan	0.000000
-1.978200	-1.151900	nan	0.000000
-1.978200	-1.100500	nan	0.000000
-1.978200	-1.049100	nan	0.000000
-1.978200	-0.997700	nan	0.000000
-1.978200	-0.946300	nan	0.000000
-1.978200	-0.894900	nan	0.000000
-1.978200	-0.843500	nan	0.000000
-1.978200	-0.792100	nan	0.000000
-1.978200	-0.740700	nan	0.000000
-1.978200	-0.689300	nan	0.000000
-1.978200	-0.637900	17.935391	0.000002
-1.978200	-0.586500	17.251337	0.000003
-1.978200	-0.535100	nan	0.000000
-1.978200	-0.483700	nan	0.000000
-1.978200	-0.432300	20.966424	0.000001
-1.978200	-0.380900	nan	0.000000
-1.978200	-0.329500	22.011401	0.000000
-1.978200	-0.278100	nan	0.000000
-1.978200	-0.226700	nan	0.000000
-1.978200	-0.175300	20.516153	0.000001
-1.978200	-0.123900	23.196497	0.000000
-1.978200	-0.072500	21.762432	0.000000
-1.978200	-0.021100	21.828583	0.000000
-1.978200	0.030300	19.747675	0.000001
-1.978200	0.081700	20.814493	0.000001
-1.978200	0.133100	17.924473	0.000002
-1.978200	0.184500	18.491708	0.000002
-1.978200	0.235900	18.949419	0.000001
-1.978200	0.287300	17.826687	0.000002
-1.978200	0.338700	19.322179	0.000001
-1.978200	0.390100	17.270829	0.000003
-1.978200	0.441500	17.637863	0.000003
-1.978200	0.492900	15.456626	0.000007
-1.978200	0.544300	15.439030	0.000007
-1.978200	0.595700	15.646698	0.000006
-1.978200	0.647100	13.644219	0.000015
-1.978200	0.698500	12.890907	0.000021
-1.978200	0.749900	14.047255	0.000013
-1.978200	0.801300	12.137359	0.000029
-1.978200	0.852700	12.558593	0.000024
-1.978200	0.904100	10.708382	0.000055
-1.978200	0.955500	nan	0.000000
-1.978200	1.006900	13.155252	0.000019
-1.978200	1.058300	9.564314	0.000091
-1.978200	1.109700	9.231901	0.000105
-1.978200	1.161100	8.539499	0.000143
-1.978200	1.212500	9.668566	0.000087
-1.978200	1.263900	9.161623	0.000109
-1.978200	1.315300	8.205729	0.000166
-1.978200	1.366700	6.795949	0.000310
-1.978200	1.418100	7.850863	0.000194
-1.978200	1.469500	7.797531	0.000199
-1.978200	1.520900	7.470822	0.000230
-1.978200	1.572300	7.127119	0.000267
-1.978200	1.623700	7.518082	0.000225
-1.978200	1.675100	7.251329	0.000253
-1.978200	1.726500	6.982179	0.000285
-1.978200	1.777900	6.873080	0.000299
-1.978200	1.829300	6.706736	0.000322
-1.978200	1.880700	6.416075	0.000366
-1.978200	1.932100	6.165673	0.000409
-1.978200	1.983500	5.908658	0.000458
-1.978200	2.034900	5.725086	0.000497
-1.978200	2.086300	5.572372	0.000532
-1.978200	2.137700	5.420259	0.000569
-1.978200	2.189100	5.212939	0.000623
-1.978200	2.240500	5.104581	0.000654
-1.978200	2.291900	4.980621	0.000691
-1.978200	2.343300	4.842174	0.000735
-1.978200	2.394700	4.610533	0.000814
-1.978200	2.446100	4.484919	0.000860
-1.978200	2.497500	4.405375	0.000891
-1.978200	2.548900	4.313057	0.000928
-1.978200	2.600300	4.314594	0.000928
-1.978200	2.651700	4.396269	0.000895
-1.978200	2.703100	4.442075	0.000877
-1.978200	2.754500	4.582956	0.000824
-1.978200	2.805900	4.762052	0.000761
-1.978200	2.857300	4.851329	0.000732
-1.978200	2.908700	4.919654	0.000710
-1.978200	2.960100	5.899952	0.000460
-1.978200	3.011500	6.605771	0.000337
-1.978200	3.062900	6.716911	0.000321
-1.978200	3.114300	7.722382	0.000206
-1.978200	3.165700	nan	0.000000

-1.915400	-2.025700	9.237558	0.000105
-1.915400	-1.974300	nan	0.000000
-1.915400	-1.922900	nan	0.000000
-1.915400	-1.871500	nan	0.000000
-1.915400	-1.820100	nan	0.000000
-1.915400	-1.768700	nan	0.000000
-1.915400	-1.717300	nan	0.000000
-1.915400	-1.665900	nan	0.000000
-1.915400	-1.614500	nan	0.000000
-1.915400	-1.563100	nan	0.000000
-1.915400	-1.511700	nan	0.000000
-1.915400	-1.460300	nan	0.000000
-1.915400	-1.408900	nan	0.000000
-1.915400	-1.357500	nan	0.000000
-1.915400	-1.306100	nan	0.000000
-1.915400	-1.254700	nan	0.000000
-1.915400	-1.203300	nan	0.000000
-1.915400	-1.151900	nan	0.000000
-1.915400	-1.100500	nan	0.000000
-1.915400	-1.049100	nan	0.000000
-1.915400	-0.997700	nan	0.000000
-1.915400	-0.946300	nan	0.000000
-1.915400	-0.894900	nan	0.000000
-1.915400	-0.843500	nan	0.000000
-1.915400	-0.792100	nan	0.000000
-1.915400	-0.740700	nan	0.000000
-1.915400	-0.689300	nan	0.000000
-1.915400	-0.637900	19.421200	0.000001
-1.915400	-0.586500	21.818395	0.000000
-1.915400	-0.535100	20.073252	0.000001
-1.915400	-0.483700	23.217824	0.000000
-1.915400	-0.432300	21.320237	0.000001
-1.915400	-0.380900	21.835091	0.000000
-1.915400	-0.329500	21.625208	0.000000
-1.915400	-0.278100	21.486118	0.000000
-1.915400	-0.226700	20.211648	0.000001
-1.915400	-0.175300	21.244875	0.000001
-1.915400	-0.123900	19.843010	0.000001
-1.915400	-0.072500	20.494486	0.000001
-1.915400	-0.021100	19.300464	0.000001
-1.915400	0.030300	18.838897	0.000002
-1.915400	0.081700	18.287509	0.000002
-1.915400	0.133100	17.801987	0.000002
-1.915400	0.184500	17.547199	0.000003
-1.915400	0.235900	18.408178	0.000002
-1.915400	0.287300	17.411945	0.000003
-1.915400	0.338700	16.722535	0.000004
-1.915400	0.390100	15.478629	0.000007
-1.915400	0.441500	16.319473	0.000005
-1.915400	0.492900	16.046438	0.000005
-1.915400	0.544300	14.539460	0.000010
-1.915400	0.595700	14.416997	0.000011
-1.915400	0.647100	13.261985	0.000018
-1.915400	0.698500	13.154346	0.000019
-1.915400	0.749900	12.958878	0.000020
-1.915400	0.801300	11.178902	0.000045
-1.915400	0.852700	9.979051	0.000076
-1.915400	0.904100	10.766577	0.000053
-1.915400	0.955500	10.126511	0.000071
-1.915400	1.006900	8.541184	0.000143
-1.915400	1.058300	8.794834	0.000128
-1.915400	1.109700	7.623934	0.000215
-1.915400	1.161100	7.840434	0.000195
-1.915400	1.212500	6.740582	0.000317
-1.915400	1.263900	7.152710	0.000264
-1.915400	1.315300	6.995369	0.000283
-1.915400	1.366700	6.633980	0.000333
-1.915400	1.418100	6.572723	0.000342
-1.915400	1.469500	6.550634	0.000345
-1.915400	1.520900	6.372059	0.000373
-1.915400	1.572300	6.179464	0.000407
-1.915400	1.623700	6.058935	0.000429
-1.915400	1.675100	5.977939	0.000445
-1.915400	1.726500	6.189047	0.000405
-1.915400	1.777900	5.996982	0.000441
-1.915400	1.829300	5.921200	0.000456
-1.915400	1.880700	5.812032	0.000478
-1.915400	1.932100	5.558406	0.000535
-1.915400	1.983500	5.569620	0.000533
-1.915400	2.034900	5.345382	0.000588
-1.915400	2.086300	5.176609	0.000634
-1.915400	2.137700	5.111187	0.000652
-1.915400	2.189100	4.971891	0.000694
-1.915400	2.240500	4.891777	0.000719
-1.915400	2.291900	4.799851	0.000748
-1.915400	2.343300	4.723471	0.000774
-1.915400	2.394700	4.630787	0.000807
-1.915400	2.446100	4.594415	0.000820
-1.915400	2.497500	4.427483	0.000882
-1.915400	2.548900	4.403622	0.000892
-1.915400	2.600300	4.471632	0.000865
-1.915400	2.651700	4.574978	0.000827
-1.915400	2.703100	4.680516	0.000789
-1.915400	2.754500	4.905829	0.000714
-1.915400	2.805900	5.256675	0.000612
-1.915400	2.857300	5.117945	0.000650
-1.915400	2.908700	5.637686	0.000517
-1.915400	2.960100	5.555252	0.000536
-1.915400	3.011500	7.537767	0.000223
-1.915400	3.062900	6.767087	0.000314
-1.915400	3.114300	9.237558	0.000105
-1.915400	3.165700	nan	0.000000

-1.852600	-2.025700	7.451710	0.000232
-1.852600	-1.974300	nan	0.000000
-1.852600	-1.922900	nan	0.000000
-1.852600	-1.871500	nan	0.000000
-1.852600	-1.820100	nan	0.000000
-1.852600	-1.768700	nan	0.000000
-1.852600	-1.717300	nan	0.000000
-1.852600	-1.665900	nan	0.000000
-1.852600	-1.614500	nan	0.000000
-1.852600	-1.563100	nan	0.000000
-1.852600	-1.511700	nan	0.000000
-1.852600	-1.460300	nan	0.000000
-1.852600	-1.408900	nan	0.000000
-1.852600	-1.357500	nan	0.000000
-1.852600	-1.306100	nan	0.000000
-1.852600	-1.254700	nan	0.000000
-1.852600	-1.203300	nan	0.000000
-1.852600	-1.151900	nan	0.000000
-1.852600	-1.100500	nan	0.000000
-1.852600	-1.049100	nan	0.000000
-1.852600	-0.997700	nan	0.000000
-1.852600	-0.946300	nan	0.000000
-1.852600	-0.894900	18.277592	0.000002
-1.852600	-0.843500	nan	0.000000
-1.852600	-0.792100	20.806277	0.000001
-1.852600	-0.740700	19.416703	0.000001
-1.852600	-0.689300	19.244137	0.000001
-1.852600	-0.637900	22.190210	0.000000
-1.852600	-0.586500	20.129638	0.000001
-1.852600	-0.535100	21.572785	0.000000
-1.852600	-0.483700	20.846591	0.000001
-1.852600	-0.432300	21.378750	0.000000
-1.852600	-0.380900	21.011374	0.000001
-1.852600	-0.329500	20.432566	0.000001
-1.852600	-0.278100	20.873854	0.000001
-1.852600	-0.226700	20.097568	0.000001
-1.852600	-0.175300	18.919683	0.000001
-1.852600	-0.123900	19.054084	0.000001
-1.852600	-0.072500	19.050857	0.000001
-1.852600	-0.021100	18.989713	0.000001
-1.852600	0.030300	17.933858	0.000002
-1.852600	0.081700	17.736002	0.000002
-1.852600	0.133100	17.760742	0.000002
-1.852600	0.184500	17.412700	0.000003
-1.852600	0.235900	16.838974	0.000004
-1.852600	0.287300	16.741585	0.000004
-1.852600	0.338700	15.914036	0.000005
-1.852600	0.390100	15.301327	0.000007
-1.852600	0.441500	14.884355	0.000009
-1.852600	0.492900	14.465640	0.000010
-1.852600	0.544300	13.358439	0.000017
-1.852600	0.595700	13.011995	0.000020
-1.852600	0.647100	12.517821	0.000025
-1.852600	0.698500	11.951373	0.000032
-1.852600	0.749900	10.805728	0.000053
-1.852600	0.801300	10.422551	0.000062
-1.852600	0.852700	9.653974	0.000087
-1.852600	0.904100	8.604743	0.000139
-1.852600	0.955500	8.280664	0.000161
-1.852600	1.006900	7.711410	0.000207
-1.852600	1.058300	6.865708	0.000300
-1.852600	1.109700	6.867893	0.000300
-1.852600	1.161100	6.282046	0.000389
-1.852600	1.212500	5.595792	0.000526
-1.852600	1.263900	5.250047	0.000613
-1.852600	1.315300	5.558847	0.000535
-1.852600	1.366700	5.560251	0.000535
-1.852600	1.418100	5.155961	0.000639
-1.852600	1.469500	5.463725	0.000558
-1.852600	1.520900	5.219957	0.000622
-1.852600	1.572300	5.122045	0.000649
-1.852600	1.623700	5.077000	0.000662
-1.852600	1.675100	5.103474	0.000654
-1.852600	1.726500	5.190413	0.000630
-1.852600	1.777900	5.217278	0.000622
-1.852600	1.829300	5.180253	0.000633
-1.852600	1.880700	5.159459	0.000638
-1.852600	1.932100	5.133630	0.000646
-1.852600	1.983500	5.036912	0.000674
-1.852600	2.034900	4.971894	0.000694
-1.852600	2.086300	4.945888	0.000702
-1.852600	2.137700	4.876713	0.000723
-1.852600	2.189100	4.724702	0.000774
-1.852600	2.240500	4.723551	0.000774
-1.852600	2.291900	4.607213	0.000815
-1.852600	2.343300	4.686696	0.000787
-1.852600	2.394700	4.619790	0.000810
-1.852600	2.446100	4.530629	0.000843
-1.852600	2.497500	4.537918	0.000840
-1.852600	2.548900	4.588469	0.000822
-1.852600	2.600300	4.600404	0.000817
-1.852600	2.651700	4.883464	0.000721
-1.852600	2.703100	4.995118	0.000687
-1.852600	2.754500	5.289867	0.000603
-1.852600	2.805900	5.422413	0.000568
-1.852600	2.857300	5.704269	0.000502
-1.852600	2.908700	5.990571	0.000442
-1.852600	2.960100	6.167543	0.000409
-1.852600	3.011500	8.906048	0.000122
-1.852600	3.062900	6.353727	0.000376
-1.852600	3.114300	7.451710	0.000232
-1.852600	3.165700	nan	0.000000

-1.789800	-2.025700	nan	0.000000
-1.789800	-1.974300	nan	0.000000
-1.789800	-1.922900	nan	0.000000
-1.789800	-1.871500	nan	0.000000
-1.789800	-1.820100	nan	0.000000
-1.789800	-1.768700	nan	0.000000
-1.789800	-1.717300	nan	0.000000
-1.789800	-1.665900	nan	0.000000
-1.789800	-1.614500	nan	0.000000
-1.789800	-1.563100	nan	0.000000
-1.789800	-1.511700	nan	0.000000
-1.789800	-1.460300	nan	0.000000
-1.789800	-1.408900	nan	0.000000
-1.789800	-1.357500	nan	0.000000
-1.789800	-1.306100	nan	0.000000
-1.789800	-1.254700	nan	0.000000
-1.789800	-1.203300	nan	0.000000
-1.789800	-1.151900	nan	0.000000
-1.789800	-1.100500	nan	0.000000
-1.789800	-1.049100	nan	0.000000
-1.789800	-0.997700	nan	0.000000
-1.789800	-0.946300	nan	0.000000
-1.789800	-0.894900	21.130562	0.000001
-1.789800	-0.843500	19.886902	0.000001
-1.789800	-0.792100	21.933787	0.000000
-1.789800	-0.740700	20.122161	0.000001
-1.789800	-0.689300	20.230022	0.000001
-1.789800	-0.637900	20.123013	0.000001
-1.789800	-0.586500	21.157813	0.000001
-1.789800	-0.535100	19.964973	0.000001
-1.789800	-0.483700	20.148485	0.000001
-1.789800	-0.432300	19.842806	0.000001
-1.789800	-0.380900	20.115848	0.000001
-1.789800	-0.329500	19.620649	0.000001
-1.789800	-0.278100	19.068629	0.000001
-1.789800	-0.226700	19.065186	0.000001
-1.789800	-0.175300	18.576808	0.000002
-1.789800	-0.123900	18.621595	0.000002
-1.789800	-0.072500	18.271173	0.000002
-1.789800	-0.021100	17.824071	0.000002
-1.789800	0.030300	17.400290	0.000003
-1.789800	0.081700	17.149920	0.000003
-1.789800	0.133100	16.698731	0.000004
-1.789800	0.184500	16.207065	0.000005
-1.789800	0.235900	16.321494	0.000005
-1.789800	0.287300	15.823391	0.000006
-1.789800	0.338700	15.387955	0.000007
-1.789800	0.390100	14.757576	0.000009
-1.789800	0.441500	14.071251	0.000012
-1.789800	0.492900	13.556234	0.000016
-1.789800	0.544300	12.778690	0.000022
-1.789800	0.595700	12.205156	0.000028
-1.789800	0.647100	11.512859	0.000038
-1.789800	0.698500	10.667135	0.000056
-1.789800	0.749900	10.044732	0.000074
-1.789800	0.801300	9.388855	0.000098
-1.789800	0.852700	8.498136	0.000146
-1.789800	0.904100	7.739478	0.000204
-1.789800	0.955500	7.278741	0.000250
-1.789800	1.006900	6.224522	0.000399
-1.789800	1.058300	5.901507	0.000460
-1.789800	1.109700	5.103123	0.000655
-1.789800	1.161100	4.970392	0.000694
-1.789800	1.212500	4.539376	0.000840
-1.789800	1.263900	4.206677	0.000973
-1.789800	1.315300	4.143944	0.001000
-1.789800	1.366700	3.992040	0.001070
-1.789800	1.418100	3.978778	0.001076
-1.789800	1.469500	4.019213	0.001057
-1.789800	1.520900	4.023867	0.001055
-1.789800	1.572300	4.084723	0.001027
-1.789800	1.623700	4.174955	0.000987
-1.789800	1.675100	4.252160	0.000954
-1.789800	1.726500	4.362832	0.000908
-1.789800	1.777900	4.411259	0.000889
-1.789800	1.829300	4.460331	0.000870
-1.789800	1.880700	4.557464	0.000833
-1.789800	1.932100	4.620037	0.000810
-1.789800	1.983500	4.624147	0.000809
-1.789800	2.034900	4.710449	0.000779
-1.789800	2.086300	4.666607	0.000794
-1.789800	2.137700	4.591596	0.000821
-1.789800	2.189100	4.591015	0.000821
-1.789800	2.240500	4.513679	0.000849
-1.789800	2.291900	4.546127	0.000837
-1.789800	2.343300	4.490087	0.000858
-1.789800	2.394700	4.507245	0.000852
-1.789800	2.446100	4.607277	0.000815
-1.789800	2.497500	4.599388	0.000818
-1.789800	2.548900	4.646824	0.000801
-1.789800	2.600300	4.723888	0.000774
-1.789800	2.651700	4.805652	0.000747
-1.789800	2.703100	5.062795	0.000666
-1.789800	2.754500	5.595538	0.000526
-1.789800	2.805900	5.732552	0.000496
-1.789800	2.857300	6.332347	0.000380
-1.789800	2.908700	6.874860	0.000299
-1.789800	2.960100	7.899480	0.000190
-1.789800	3.011500	6.022279	0.000436
-1.789800	3.062900	7.650748	0.000212
-1.789800	3.114300	nan	0.000000
-1.789800	3.165700	nan	0.000000

-1.727000	-2.025700	nan	0.000000
-1.727000	-1.974300	nan	0.000000
-1.727000	-1.922900	nan	0.000000
-1.727000	-1.871500	nan	0.000000
-1.727000	-1.820100	nan	0.000000
-1.727000	-1.768700	nan	0.000000
-1.727000	-1.717300	nan	0.000000
-1.727000	-1.665900	nan	0.000000
-1.727000	-1.614500	nan	0.000000
-1.727000	-1.563100	nan	0.000000
-1.727000	-1.511700	nan	0.000000
-1.727000	-1.460300	nan	0.000000
-1.727000	-1.408900	nan	0.000000
-1.727000	-1.357500	nan	0.000000
-1.727000	-1.306100	nan	0.000000
-1.727000	-1.254700	nan	0.000000
-1.727000	-1.203300	nan	0.000000
-1.727000	-1.151900	nan	0.000000
-1.727000	-1.100500	nan	0.000000
-1.727000	-1.049100	19.503579	0.000001
-1.727000	-0.997700	nan	0.000000
-1.727000	-0.946300	18.821942	0.000002
-1.727000	-0.894900	18.532701	0.000002
-1.727000	-0.843500	18.930094	0.000001
-1.727000	-0.792100	19.059956	0.000001
-1.727000	-0.740700	18.978806	0.000001
-1.727000	-0.689300	20.188954	0.000001
-1.727000	-0.637900	19.320295	0.000001
-1.727000	-0.586500	19.007927	0.000001
-1.727000	-0.535100	18.914008	0.000001
-1.727000	-0.483700	19.101437	0.000001
-1.727000	-0.432300	18.941883	0.000001
-1.727000	-0.380900	18.721344	0.000002
-1.727000	-0.329500	18.567183	0.000002
-1.727000	-0.278100	18.203149	0.000002
-1.727000	-0.226700	18.192383	0.000002
-1.727000	-0.175300	17.679628	0.000003
-1.727000	-0.123900	17.391903	0.000003
-1.727000	-0.072500	17.149577	0.000003
-1.727000	-0.021100	16.821999	0.000004
-1.727000	0.030300	16.623807	0.000004
-1.727000	0.081700	16.356692	0.000005
-1.727000	0.133100	15.932437	0.000005
-1.727000	0.184500	15.790580	0.000006
-1.727000	0.235900	15.333106	0.000007
-1.727000	0.287300	14.880861	0.000009
-1.727000	0.338700	14.558868	0.000010
-1.727000	0.390100	13.954608	0.000013
-1.727000	0.441500	13.423577	0.000017
-1.727000	0.492900	12.749811	0.000022
-1.727000	0.544300	12.049630	0.000030
-1.727000	0.595700	11.174817	0.000045
-1.727000	0.647100	10.558780	0.000059
-1.727000	0.698500	9.713362	0.000085
-1.727000	0.749900	8.688835	0.000134
-1.727000	0.801300	8.102625	0.000174
-1.727000	0.852700	7.231384	0.000255
-1.727000	0.904100	6.465737	0.000358
-1.727000	0.955500	5.774909	0.000486
-1.727000	1.006900	5.092592	0.000658
-1.727000	1.058300	4.427027	0.000883
-1.727000	1.109700	3.929887	0.001100
-1.727000	1.161100	3.555895	0.001297
-1.727000	1.212500	3.303687	0.001450
-1.727000	1.263900	3.014061	0.001649
-1.727000	1.315300	2.907437	0.001728
-1.727000	1.366700	2.853813	0.001770
-1.727000	1.418100	2.813141	0.001802
-1.727000	1.469500	2.869205	0.001758
-1.727000	1.520900	2.966846	0.001683
-1.727000	1.572300	3.016132	0.001647
-1.727000	1.623700	3.205307	0.001515
-1.727000	1.675100	3.369140	0.001409
-1.727000	1.726500	3.512995	0.001322
-1.727000	1.777900	3.742389	0.001195
-1.727000	1.829300	3.923591	0.001103
-1.727000	1.880700	4.052970	0.001041
-1.727000	1.932100	4.126312	0.001008
-1.727000	1.983500	4.314939	0.000927
-1.727000	2.034900	4.360514	0.000909
-1.727000	2.086300	4.374594	0.000903
-1.727000	2.137700	4.495441	0.000856
-1.727000	2.189100	4.417902	0.000886
-1.727000	2.240500	4.531219	0.000843
-1.727000	2.291900	4.431669	0.000881
-1.727000	2.343300	4.520616	0.000847
-1.727000	2.394700	4.560975	0.000832
-1.727000	2.446100	4.596281	0.000819
-1.727000	2.497500	4.774441	0.000757
-1.727000	2.548900	4.925409	0.000708
-1.727000	2.600300	4.905806	0.000714
-1.727000	2.651700	4.911755	0.000712
-1.727000	2.703100	5.602284	0.000525
-1.727000	2.754500	6.136732	0.000414
-1.727000	2.805900	5.819658	0.000477
-1.727000	2.857300	7.344346	0.000243
-1.727000	2.908700	6.634690	0.000333
-1.727000	2.960100	8.189080	0.000167
-1.727000	3.011500	5.288093	0.000603
-1.727000	3.062900	nan	0.000000
-1.727000	3.114300	nan	0.000000
-1.727000	3.165700	nan	0.000000

-1.664200	-2.025700	nan	0.000000
-1.664200	-1.974300	nan	0.000000
-1.664200	-1.922900	nan	0.000000
-1.664200	-1.871500	nan	0.000000
-1.664200	-1.820100	nan	0.000000
-1.664200	-1.768700	nan	0.000000
-1.664200	-1.717300	nan	0.000000
-1.664200	-1.665900	nan	0.000000
-1.664200	-1.614500	nan	0.000000
-1.664200	-1.563100	nan	0.000000
-1.664200	-1.511700	nan	0.000000
-1.664200	-1.460300	nan	0.000000
-1.664200	-1.408900	nan	0.000000
-1.664200	-1.357500	nan	0.000000
-1.664200	-1.306100	nan	0.000000
-1.664200	-1.254700	nan	0.000000
-1.664200	-1.203300	nan	0.000000
-1.664200	-1.151900	18.685250	0.000002
-1.664200	-1.100500	nan	0.000000
-1.664200	-1.049100	20.534218	0.000001
-1.664200	-0.997700	18.372657	0.000002
-1.664200	-0.946300	18.945390	0.000001
-1.664200	-0.894900	19.121705	0.000001
-1.664200	-0.843500	18.577252	0.000002
-1.664200	-0.792100	18.442914	0.000002
-1.664200	-0.740700	18.874519	0.000001
-1.664200	-0.689300	18.644862	0.000002
-1.664200	-0.637900	18.501402	0.000002
-1.664200	-0.586500	18.488302	0.000002
-1.664200	-0.535100	18.215671	0.000002
-1.664200	-0.483700	18.015257	0.000002
-1.664200	-0.432300	17.853355	0.000002
-1.664200	-0.380900	17.676775	0.000003
-1.664200	-0.329500	17.513893	0.000003
-1.664200	-0.278100	17.360883	0.000003
-1.664200	-0.226700	17.089966	0.000003
-1.664200	-0.175300	16.942264	0.000003
-1.664200	-0.123900	16.721010	0.000004
-1.664200	-0.072500	16.401783	0.000004
-1.664200	-0.021100	16.290303	0.000005
-1.664200	0.030300	15.957634	0.000005
-1.664200	0.081700	15.787308	0.000006
-1.664200	0.133100	15.476271	0.000007
-1.664200	0.184500	15.162410	0.000008
-1.664200	0.235900	14.896156	0.000009
-1.664200	0.287300	14.538720	0.000010
-1.664200	0.338700	14.007138	0.000013
-1.664200	0.390100	13.372246	0.000017
-1.664200	0.441500	12.674921	0.000023
-1.664200	0.492900	12.067188	0.000030
-1.664200	0.544300	11.279820	0.000043
-1.664200	0.595700	10.428991	0.000062
-1.664200	0.647100	9.642739	0.000088
-1.664200	0.698500	8.853337	0.000125
-1.664200	0.749900	7.897730	0.000190
-1.664200	0.801300	7.005761	0.000282
-1.664200	0.852700	6.093898	0.000422
-1.664200	0.904100	5.245913	0.000614
-1.664200	0.955500	4.596103	0.000819
-1.664200	1.006900	3.870691	0.001129
-1.664200	1.058300	3.307435	0.001448
-1.664200	1.109700	2.802179	0.001810
-1.664200	1.161100	2.383547	0.002179
-1.664200	1.212500	2.020057	0.002558
-1.664200	1.263900	1.786193	0.002837
-1.664200	1.315300	1.710208	0.002934
-1.664200	1.366700	1.798310	0.002822
-1.664200	1.418100	1.787932	0.002835
-1.664200	1.469500	1.883110	0.002718
-1.664200	1.520900	2.006461	0.002574
-1.664200	1.572300	2.211368	0.002351
-1.664200	1.623700	2.406831	0.002156
-1.664200	1.675100	2.651217	0.001935
-1.664200	1.726500	2.913692	0.001723
-1.664200	1.777900	3.136286	0.001562
-1.664200	1.829300	3.340660	0.001427
-1.664200	1.880700	3.554403	0.001298
-1.664200	1.932100	3.760152	0.001185
-1.664200	1.983500	3.965329	0.001082
-1.664200	2.034900	4.124110	0.001009
-1.664200	2.086300	4.292936	0.000936
-1.664200	2.137700	4.436889	0.000879
-1.664200	2.189100	4.476022	0.000864
-1.664200	2.240500	4.409062	0.000890
-1.664200	2.291900	4.496581	0.000856
-1.664200	2.343300	4.464762	0.000868
-1.664200	2.394700	4.570554	0.000828
-1.664200	2.446100	4.657739	0.000797
-1.664200	2.497500	4.811387	0.000745
-1.664200	2.548900	4.732699	0.000771
-1.664200	2.600300	5.009041	0.000682
-1.664200	2.651700	5.487924	0.000552
-1.664200	2.703100	6.011836	0.000438
-1.664200	2.754500	6.019575	0.000436
-1.664200	2.805900	7.586650	0.000218
-1.664200	2.857300	7.494140	0.000227
-1.664200	2.908700	9.744422	0.000084
-1.664200	2.960100	7.800536	0.000199
-1.664200	3.011500	nan	0.000000
-1.664200	3.062900	nan	0.000000
-1.664200	3.114300	nan	0.000000
-1.664200	3.165700	nan	0.000000

-1.601400	-2.025700	nan	0.000000
-1.601400	-1.974300	nan	0.000000
-1.601400	-1.922900	nan	0.000000
-1.601400	-1.871500	nan	0.000000
-1.601400	-1.820100	nan	0.000000
-1.601400	-1.768700	nan	0.000000
-1.601400	-1.717300	nan	0.000000
-1.601400	-1.665900	nan	0.000000
-1.601400	-1.614500	nan	0.000000
-1.601400	-1.563100	nan	0.000000
-1.601400	-1.511700	nan	0.000000
-1.601400	-1.460300	nan	0.000000
-1.601400	-1.408900	nan	0.000000
-1.601400	-1.357500	12.802713	0.000022
-1.601400	-1.306100	nan	0.000000
-1.601400	-1.254700	nan	0.000000
-1.601400	-1.203300	19.358913	0.000001
-1.601400	-1.151900	18.739226	0.000002
-1.601400	-1.100500	19.796239	0.000001
-1.601400	-1.049100	18.683241	0.000002
-1.601400	-0.997700	18.118842	0.000002
-1.601400	-0.946300	18.581553	0.000002
-1.601400	-0.894900	18.552707	0.000002
-1.601400	-0.843500	18.453898	0.000002
-1.601400	-0.792100	18.444863	0.000002
-1.601400	-0.740700	18.075066	0.000002
-1.601400	-0.689300	18.133795	0.000002
-1.601400	-0.637900	17.715738	0.000002
-1.601400	-0.586500	17.568182	0.000003
-1.601400	-0.535100	17.612169	0.000003
-1.601400	-0.483700	17.270007	0.000003
-1.601400	-0.432300	17.123422	0.000003
-1.601400	-0.380900	17.057570	0.000003
-1.601400	-0.329500	16.749359	0.000004
-1.601400	-0.278100	16.555108	0.000004
-1.601400	-0.226700	16.376712	0.000004
-1.601400	-0.175300	16.243434	0.000005
-1.601400	-0.123900	16.078707	0.000005
-1.601400	-0.072500	15.901983	0.000006
-1.601400	-0.021100	15.677320	0.000006
-1.601400	0.030300	15.505920	0.000007
-1.601400	0.081700	15.314476	0.000007
-1.601400	0.133100	15.101896	0.000008
-1.601400	0.184500	14.858240	0.000009
-1.601400	0.235900	14.493577	0.000010
-1.601400	0.287300	14.047573	0.000013
-1.601400	0.338700	13.411657	0.000017
-1.601400	0.390100	12.969706	0.000020
-1.601400	0.441500	12.296910	0.000027
-1.601400	0.492900	11.498589	0.000039
-1.601400	0.544300	10.575770	0.000058
-1.601400	0.595700	9.800128	0.000082
-1.601400	0.647100	8.877513	0.000123
-1.601400	0.698500	7.961281	0.000185
-1.601400	0.749900	7.051716	0.000277
-1.601400	0.801300	6.135037	0.000415
-1.601400	0.852700	5.212981	0.000623
-1.601400	0.904100	4.364450	0.000907
-1.601400	0.955500	3.579671	0.001284
-1.601400	1.006900	2.889675	0.001742
-1.601400	1.058300	2.325717	0.002235
-1.601400	1.109700	1.802688	0.002817
-1.601400	1.161100	1.428050	0.003324
-1.601400	1.212500	1.158360	0.003745
-1.601400	1.263900	0.940336	0.004124
-1.601400	1.315300	0.831688	0.004327
-1.601400	1.366700	0.868901	0.004256
-1.601400	1.418100	0.904449	0.004190
-1.601400	1.469500	1.141688	0.003773
-1.601400	1.520900	1.345752	0.003447
-1.601400	1.572300	1.550697	0.003149
-1.601400	1.623700	1.831891	0.002780
-1.601400	1.675100	2.085986	0.002485
-1.601400	1.726500	2.439686	0.002125
-1.601400	1.777900	2.753560	0.001850
-1.601400	1.829300	3.033919	0.001634
-1.601400	1.880700	3.326361	0.001436
-1.601400	1.932100	3.549491	0.001301
-1.601400	1.983500	3.749096	0.001191
-1.601400	2.034900	4.091762	0.001024
-1.601400	2.086300	4.210767	0.000971
-1.601400	2.137700	4.345277	0.000915
-1.601400	2.189100	4.477642	0.000863
-1.601400	2.240500	4.542104	0.000839
-1.601400	2.291900	4.518311	0.000848
-1.601400	2.343300	4.661343	0.000796
-1.601400	2.394700	4.786965	0.000753
-1.601400	2.446100	4.968701	0.000695
-1.601400	2.497500	5.193384	0.000629
-1.601400	2.548900	5.051084	0.000670
-1.601400	2.600300	5.476257	0.000555
-1.601400	2.651700	6.246600	0.000395
-1.601400	2.703100	6.432112	0.000364
-1.601400	2.754500	6.807338	0.000308
-1.601400	2.805900	6.923061	0.000293
-1.601400	2.857300	5.177247	0.000633
-1.601400	2.908700	nan	0.000000
-1.601400	2.960100	nan	0.000000
-1.601400	3.011500	nan	0.000000
-1.601400	3.062900	nan	0.000000
-1.601400	3.114300	nan	0.000000
-1.601400	3.165700	nan	0.000000

-1.538600	-2.025700	nan	0.000000
-1.538600	-1.974300	nan	0.000000
-1.538600	-1.922900	nan	0.000000
-1.538600	-1.871500	nan	0.000000
-1.538600	-1.820100	nan	0.000000
-1.538600	-1.768700	nan	0.000000
-1.538600	-1.717300	nan	0.000000
-1.538600	-1.665900	nan	0.000000
-1.538600	-1.614500	nan	0.000000
-1.538600	-1.563100	nan	0.000000
-1.538600	-1.511700	nan	0.000000
-1.538600	-1.460300	nan	0.000000
-1.538600	-1.408900	nan	0.000000
-1.538600	-1.357500	nan	0.000000
-1.538600	-1.306100	nan	0.000000
-1.538600	-1.254700	nan	0.000000
-1.538600	-1.203300	19.323518	0.000001
-1.538600	-1.151900	19.532837	0.000001
-1.538600	-1.100500	18.214602	0.000002
-1.538600	-1.049100	19.302948	0.000001
-1.538600	-0.997700	18.727087	0.000002
-1.538600	-0.946300	18.028741	0.000002
-1.538600	-0.894900	18.477902	0.000002
-1.538600	-0.843500	18.014028	0.000002
-1.538600	-0.792100	17.738079	0.000002
-1.538600	-0.740700	17.413269	0.000003
-1.538600	-0.689300	17.356320	0.000003
-1.538600	-0.637900	17.159135	0.000003
-1.538600	-0.586500	17.007319	0.000003
-1.538600	-0.535100	16.825306	0.000004
-1.538600	-0.483700	16.695709	0.000004
-1.538600	-0.432300	16.499770	0.000004
-1.538600	-0.380900	16.316974	0.000005
-1.538600	-0.329500	16.172735	0.000005
-1.538600	-0.278100	16.033436	0.000005
-1.538600	-0.226700	15.859068	0.000006
-1.538600	-0.175300	15.758611	0.000006
-1.538600	-0.123900	15.639211	0.000006
-1.538600	-0.072500	15.549627	0.000006
-1.538600	-0.021100	15.385202	0.000007
-1.538600	0.030300	15.267123	0.000007
-1.538600	0.081700	15.059155	0.000008
-1.538600	0.133100	14.897595	0.000009
-1.538600	0.184500	14.613553	0.000010
-1.538600	0.235900	14.321136	0.000011
-1.538600	0.287300	13.792223	0.000014
-1.538600	0.338700	13.268394	0.000018
-1.538600	0.390100	12.641648	0.000023
-1.538600	0.441500	11.914615	0.000032
-1.538600	0.492900	11.034200	0.000048
-1.538600	0.544300	10.254250	0.000067
-1.538600	0.595700	9.366094	0.000099
-1.538600	0.647100	8.392399	0.000153
-1.538600	0.698500	7.458584	0.000231
-1.538600	0.749900	6.550753	0.000345
-1.538600	0.801300	5.558846	0.000535
-1.538600	0.852700	4.600107	0.000818
-1.538600	0.904100	3.791871	0.001169
-1.538600	0.955500	3.002957	0.001657
-1.538600	1.006900	2.224351	0.002337
-1.538600	1.058300	1.690670	0.002960
-1.538600	1.109700	1.190220	0.003693
-1.538600	1.161100	0.813447	0.004362
-1.538600	1.212500	0.521382	0.004963
-1.538600	1.263900	0.320376	0.005425
-1.538600	1.315300	0.278841	0.005525
-1.538600	1.366700	0.319400	0.005427
-1.538600	1.418100	0.379385	0.005285
-1.538600	1.469500	0.606593	0.004780
-1.538600	1.520900	0.870775	0.004253
-1.538600	1.572300	1.152662	0.003754
-1.538600	1.623700	1.492300	0.003231
-1.538600	1.675100	1.867535	0.002737
-1.538600	1.726500	2.154175	0.002411
-1.538600	1.777900	2.541036	0.002032
-1.538600	1.829300	2.901687	0.001733
-1.538600	1.880700	3.241717	0.001491
-1.538600	1.932100	3.471307	0.001347
-1.538600	1.983500	3.752838	0.001189
-1.538600	2.034900	4.104367	0.001018
-1.538600	2.086300	4.305944	0.000931
-1.538600	2.137700	4.508594	0.000851
-1.538600	2.189100	4.832248	0.000738
-1.538600	2.240500	4.734131	0.000771
-1.538600	2.291900	4.882663	0.000722
-1.538600	2.343300	4.993898	0.000687
-1.538600	2.394700	5.260929	0.000610
-1.538600	2.446100	5.165492	0.000637
-1.538600	2.497500	5.367492	0.000582
-1.538600	2.548900	5.327399	0.000593
-1.538600	2.600300	5.848325	0.000471
-1.538600	2.651700	6.166758	0.000409
-1.538600	2.703100	5.831290	0.000474
-1.538600	2.754500	7.283548	0.000250
-1.538600	2.805900	6.743149	0.000317
-1.538600	2.857300	nan	0.000000
-1.538600	2.908700	nan	0.000000
-1.538600	2.960100	nan	0.000000
-1.538600	3.011500	nan	0.000000
-1.538600	3.062900	nan	0.000000
-1.538600	3.114300	nan	0.000000
-1.538600	3.165700	nan	0.000000

-1.475800	-2.025700	nan	0.000000
-1.475800	-1.974300	nan	0.000000
-1.475800	-1.922900	nan	0.000000
-1.475800	-1.871500	nan	0.000000
-1.475800	-1.820100	nan	0.000000
-1.475800	-1.768700	nan	0.000000
-1.475800	-1.717300	nan	0.000000
-1.475800	-1.665900	nan	0.000000
-1.475800	-1.614500	nan	0.000000
-1.475800	-1.563100	nan	0.000000
-1.475800	-1.511700	nan	0.000000
-1.475800	-1.460300	nan	0.000000
-1.475800	-1.408900	nan	0.000000
-1.475800	-1.357500	16.485533	0.000004
-1.475800	-1.306100	nan	0.000000
-1.475800	-1.254700	19.769408	0.000001
-1.475800	-1.203300	19.701578	0.000001
-1.475800	-1.151900	18.508396	0.000002
-1.475800	-1.100500	19.148733	0.000001
-1.475800	-1.049100	18.863360	0.000001
-1.475800	-0.997700	18.668708	0.000002
-1.475800	-0.946300	18.329918	0.000002
-1.475800	-0.894900	18.176162	0.000002
-1.475800	-0.843500	17.701558	0.000002
-1.475800	-0.792100	17.410091	0.000003
-1.475800	-0.740700	17.058260	0.000003
-1.475800	-0.689300	16.900249	0.000004
-1.475800	-0.637900	16.786248	0.000004
-1.475800	-0.586500	16.554524	0.000004
-1.475800	-0.535100	16.341714	0.000005
-1.475800	-0.483700	16.204482	0.000005
-1.475800	-0.432300	16.052282	0.000005
-1.475800	-0.380900	15.919964	0.000005
-1.475800	-0.329500	15.751476	0.000006
-1.475800	-0.278100	15.697842	0.000006
-1.475800	-0.226700	15.562166	0.000006
-1.475800	-0.175300	15.553877	0.000006
-1.475800	-0.123900	15.451584	0.000007
-1.475800	-0.072500	15.380974	0.000007
-1.475800	-0.021100	15.304151	0.000007
-1.475800	0.030300	15.257089	0.000007
-1.475800	0.081700	15.061999	0.000008
-1.475800	0.133100	14.852857	0.000009
-1.475800	0.184500	14.567128	0.000010
-1.475800	0.235900	14.247460	0.000011
-1.475800	0.287300	13.789175	0.000014
-1.475800	0.338700	13.181358	0.000018
-1.475800	0.390100	12.597940	0.000024
-1.475800	0.441500	11.789416	0.000034
-1.475800	0.492900	10.965386	0.000049
-1.475800	0.544300	10.008090	0.000075
-1.475800	0.595700	9.173786	0.000108
-1.475800	0.647100	8.183034	0.000168
-1.475800	0.698500	7.179527	0.000261
-1.475800	0.749900	6.213646	0.000401
-1.475800	0.801300	5.287402	0.000603
-1.475800	0.852700	4.316328	0.000927
-1.475800	0.904100	3.494106	0.001333
-1.475800	0.955500	2.695222	0.001898
-1.475800	1.006900	1.977070	0.002608
-1.475800	1.058300	1.377394	0.003399
-1.475800	1.109700	0.892839	0.004212
-1.475800	1.161100	0.520085	0.004966
-1.475800	1.212500	0.275606	0.005533
-1.475800	1.263900	0.092000	0.006001
-1.475800	1.315300	0.000000	0.006250
-1.475800	1.366700	0.071312	0.006056
-1.475800	1.418100	0.246313	0.005605
-1.475800	1.469500	0.441991	0.005141
-1.475800	1.520900	0.718268	0.004550
-1.475800	1.572300	1.050991	0.003927
-1.475800	1.623700	1.471636	0.003261
-1.475800	1.675100	1.815072	0.002801
-1.475800	1.726500	2.218619	0.002343
-1.475800	1.777900	2.631660	0.001952
-1.475800	1.829300	3.035470	0.001633
-1.475800	1.880700	3.283861	0.001463
-1.475800	1.932100	3.678730	0.001229
-1.475800	1.983500	4.068289	0.001034
-1.475800	2.034900	4.363724	0.000908
-1.475800	2.086300	4.620630	0.000810
-1.475800	2.137700	4.840173	0.000735
-1.475800	2.189100	5.106127	0.000654
-1.475800	2.240500	5.239473	0.000616
-1.475800	2.291900	5.278561	0.000606
-1.475800	2.343300	5.153365	0.000640
-1.475800	2.394700	5.454162	0.000560
-1.475800	2.446100	5.864320	0.000467
-1.475800	2.497500	6.422927	0.000365
-1.475800	2.548900	6.193315	0.000404
-1.475800	2.600300	6.767341	0.000314
-1.475800	2.651700	6.923675	0.000293
-1.475800	2.703100	7.873540	0.000192
-1.475800	2.754500	8.699468	0.000133
-1.475800	2.805900	6.914655	0.000294
-1.475800	2.857300	nan	0.000000
-1.475800	2.908700	nan	0.000000
-1.475800	2.960100	nan	0.000000
-1.475800	3.011500	nan	0.000000
-1.475800	3.062900	nan	0.000000
-1.475800	3.114300	nan	0.000000
-1.475800	3.165700	nan	0.000000

-1.413000	-2.025700	nan	0.000000
-1.413000	-1.974300	nan	0.000000
-1.413000	-1.922900	nan	0.000000
-1.413000	-1.871500	nan	0.000000
-1.413000	-1.820100	nan	0.000000
-1.413000	-1.768700	nan	0.000000
-1.413000	-1.717300	nan	0.000000
-1.413000	-1.665900	nan	0.000000
-1.413000	-1.614500	nan	0.000000
-1.413000	-1.563100	nan	0.000000
-1.413000	-1.511700	nan	0.000000
-1.413000	-1.460300	nan	0.000000
-1.413000	-1.408900	nan	0.000000
-1.413000	-1.357500	20.455873	0.000001
-1.413000	-1.306100	20.077605	0.000001
-1.413000	-1.254700	24.494071	0.000000
-1.413000	-1.203300	19.718412	0.000001
-1.413000	-1.151900	19.622637	0.000001
-1.413000	-1.100500	19.030010	0.000001
-1.413000	-1.049100	18.952647	0.000001
-1.413000	-0.997700	18.580069	0.000002
-1.413000	-0.946300	18.259878	0.000002
-1.413000	-0.894900	17.976501	0.000002
-1.413000	-0.843500	17.574693	0.000003
-1.413000	-0.792100	17.200829	0.000003
-1.413000	-0.740700	17.015018	0.000003
-1.413000	-0.689300	16.689454	0.000004
-1.413000	-0.637900	16.435888	0.000004
-1.413000	-0.586500	16.245679	0.000005
-1.413000	-0.535100	16.086067	0.000005
-1.413000	-0.483700	15.989188	0.000005
-1.413000	-0.432300	15.846537	0.000006
-1.413000	-0.380900	15.729861	0.000006
-1.413000	-0.329500	15.570040	0.000006
-1.413000	-0.278100	15.570190	0.000006
-1.413000	-0.226700	15.530224	0.000007
-1.413000	-0.175300	15.513739	0.000007
-1.413000	-0.123900	15.515742	0.000007
-1.413000	-0.072500	15.498144	0.000007
-1.413000	-0.021100	15.475295	0.000007
-1.413000	0.030300	15.391176	0.000007
-1.413000	0.081700	15.321649	0.000007
-1.413000	0.133100	15.107010	0.000008
-1.413000	0.184500	14.869170	0.000009
-1.413000	0.235900	14.496380	0.000010
-1.413000	0.287300	14.075746	0.000012
-1.413000	0.338700	13.369427	0.000017
-1.413000	0.390100	12.689561	0.000023
-1.413000	0.441500	11.945395	0.000032
-1.413000	0.492900	11.046954	0.000047
-1.413000	0.544300	10.172921	0.000070
-1.413000	0.595700	9.265301	0.000104
-1.413000	0.647100	8.269379	0.000161
-1.413000	0.698500	7.279551	0.000250
-1.413000	0.749900	6.297999	0.000386
-1.413000	0.801300	5.337057	0.000590
-1.413000	0.852700	4.452528	0.000873
-1.413000	0.904100	3.543872	0.001304
-1.413000	0.955500	2.813004	0.001802
-1.413000	1.006900	2.123748	0.002444
-1.413000	1.058300	1.505858	0.003212
-1.413000	1.109700	1.082645	0.003873
-1.413000	1.161100	0.646242	0.004697
-1.413000	1.212500	0.408649	0.005217
-1.413000	1.263900	0.251383	0.005593
-1.413000	1.315300	0.221874	0.005666
-1.413000	1.366700	0.285523	0.005509
-1.413000	1.418100	0.470410	0.005077
-1.413000	1.469500	0.663734	0.004661
-1.413000	1.520900	0.972593	0.004066
-1.413000	1.572300	1.291329	0.003531
-1.413000	1.623700	1.742005	0.002893
-1.413000	1.675100	2.141949	0.002424
-1.413000	1.726500	2.558111	0.002017
-1.413000	1.777900	2.975422	0.001677
-1.413000	1.829300	3.392959	0.001394
-1.413000	1.880700	3.807181	0.001161
-1.413000	1.932100	4.168029	0.000990
-1.413000	1.983500	4.450679	0.000873
-1.413000	2.034900	4.740251	0.000768
-1.413000	2.086300	5.104272	0.000654
-1.413000	2.137700	5.349386	0.000587
-1.413000	2.189100	5.479567	0.000554
-1.413000	2.240500	5.611138	0.000523
-1.413000	2.291900	6.167332	0.000409
-1.413000	2.343300	6.329274	0.000381
-1.413000	2.394700	6.144354	0.000413
-1.413000	2.446100	6.697640	0.000323
-1.413000	2.497500	7.201345	0.000259
-1.413000	2.548900	7.524115	0.000224
-1.413000	2.600300	6.723454	0.000320
-1.413000	2.651700	8.060973	0.000177
-1.413000	2.703100	nan	0.000000
-1.413000	2.754500	6.257671	0.000393
-1.413000	2.805900	nan	0.000000
-1.413000	2.857300	nan	0.000000
-1.413000	2.908700	nan	0.000000
-1.413000	2.960100	nan	0.000000
-1.413000	3.011500	nan	0.000000
-1.413000	3.062900	nan	0.000000
-1.413000	3.114300	nan	0.000000
-1.413000	3.165700	nan	0.000000

-1.350200	-2.025700	nan	0.000000
-1.350200	-1.974300	nan	0.000000
-1.350200	-1.922900	nan	0.000000
-1.350200	-1.871500	nan	0.000000
-1.350200	-1.820100	nan	0.000000
-1.350200	-1.768700	nan	0.000000
-1.350200	-1.717300	nan	0.000000
-1.350200	-1.665900	nan	0.000000
-1.350200	-1.614500	nan	0.000000
-1.350200	-1.563100	nan	0.000000
-1.350200	-1.511700	nan	0.000000
-1.350200	-1.460300	nan	0.000000
-1.350200	-1.408900	20.531442	0.000001
-1.350200	-1.357500	20.250906	0.000001
-1.350200	-1.306100	21.120567	0.000001
-1.350200	-1.254700	20.988619	0.000001
-1.350200	-1.203300	20.666755	0.000001
-1.350200	-1.151900	19.583270	0.000001
-1.350200	-1.100500	19.242218	0.000001
-1.350200	-1.049100	19.185583	0.000001
-1.350200	-0.997700	18.868898	0.000001
-1.350200	-0.946300	18.488388	0.000002
-1.350200	-0.894900	17.830334	0.000002
-1.350200	-0.843500	17.563451	0.000003
-1.350200	-0.792100	17.162611	0.000003
-1.350200	-0.740700	16.901787	0.000004
-1.350200	-0.689300	16.580925	0.000004
-1.350200	-0.637900	16.352364	0.000005
-1.350200	-0.586500	16.176706	0.000005
-1.350200	-0.535100	16.037224	0.000005
-1.350200	-0.483700	15.944520	0.000005
-1.350200	-0.432300	15.820523	0.000006
-1.350200	-0.380900	15.749069	0.000006
-1.350200	-0.329500	15.740954	0.000006
-1.350200	-0.278100	15.708113	0.000006
-1.350200	-0.226700	15.824033	0.000006
-1.350200	-0.175300	15.769492	0.000006
-1.350200	-0.123900	15.822632	0.000006
-1.350200	-0.072500	15.868332	0.000006
-1.350200	-0.021100	15.909011	0.000006
-1.350200	0.030300	15.900929	0.000006
-1.350200	0.081700	15.831731	0.000006
-1.350200	0.133100	15.653939	0.000006
-1.350200	0.184500	15.363438	0.000007
-1.350200	0.235900	15.006584	0.000008
-1.350200	0.287300	14.474072	0.000010
-1.350200	0.338700	13.832985	0.000014
-1.350200	0.390100	13.183316	0.000018
-1.350200	0.441500	12.285450	0.000027
-1.350200	0.492900	11.420796	0.000040
-1.350200	0.544300	10.588706	0.000058
-1.350200	0.595700	9.539665	0.000092
-1.350200	0.647100	8.677749	0.000135
-1.350200	0.698500	7.643760	0.000213
-1.350200	0.749900	6.654100	0.000330
-1.350200	0.801300	5.810193	0.000479
-1.350200	0.852700	4.905599	0.000714
-1.350200	0.904100	4.004059	0.001064
-1.350200	0.955500	3.201622	0.001517
-1.350200	1.006900	2.612957	0.001968
-1.350200	1.058300	2.036385	0.002540
-1.350200	1.109700	1.611641	0.003065
-1.350200	1.161100	1.266066	0.003571
-1.350200	1.212500	1.019316	0.003983
-1.350200	1.263900	0.893743	0.004210
-1.350200	1.315300	0.884383	0.004227
-1.350200	1.366700	0.925055	0.004152
-1.350200	1.418100	1.118433	0.003812
-1.350200	1.469500	1.357797	0.003429
-1.350200	1.520900	1.529295	0.003179
-1.350200	1.572300	1.956550	0.002631
-1.350200	1.623700	2.451167	0.002114
-1.350200	1.675100	2.809598	0.001805
-1.350200	1.726500	3.237645	0.001493
-1.350200	1.777900	3.573745	0.001287
-1.350200	1.829300	4.071248	0.001033
-1.350200	1.880700	4.480061	0.000862
-1.350200	1.932100	4.939596	0.000704
-1.350200	1.983500	5.168785	0.000636
-1.350200	2.034900	5.647988	0.000514
-1.350200	2.086300	5.784769	0.000484
-1.350200	2.137700	6.126800	0.000416
-1.350200	2.189100	6.634899	0.000332
-1.350200	2.240500	6.480640	0.000356
-1.350200	2.291900	6.649502	0.000330
-1.350200	2.343300	6.796663	0.000310
-1.350200	2.394700	6.407245	0.000368
-1.350200	2.446100	7.470886	0.000230
-1.350200	2.497500	7.420694	0.000235
-1.350200	2.548900	nan	0.000000
-1.350200	2.600300	8.705563	0.000133
-1.350200	2.651700	nan	0.000000
-1.350200	2.703100	nan	0.000000
-1.350200	2.754500	nan	0.000000
-1.350200	2.805900	nan	0.000000
-1.350200	2.857300	nan	0.000000
-1.350200	2.908700	nan	0.000000
-1.350200	2.960100	nan	0.000000
-1.350200	3.011500	nan	0.000000
-1.350200	3.062900	nan	0.000000
-1.350200	3.114300	nan	0.000000
-1.350200	3.165700	nan	0.000000

-1.287400	-2.025700	nan	0.000000
-1.287400	-1.974300	nan	0.000000
-1.287400	-1.922900	nan	0.000000
-1.287400	-1.871500	nan	0.000000
-1.287400	-1.820100	nan	0.000000
-1.287400	-1.768700	nan	0.000000
-1.287400	-1.717300	nan	0.000000
-1.287400	-1.665900	nan	0.000000
-1.287400	-1.614500	nan	0.000000
-1.287400	-1.563100	nan	0.000000
-1.287400	-1.511700	nan	0.000000
-1.287400	-1.460300	nan	0.000000
-1.287400	-1.408900	22.795377	0.000000
-1.287400	-1.357500	23.349150	0.000000
-1.287400	-1.306100	23.217575	0.000000
-1.287400	-1.254700	21.733780	0.000000
-1.287400	-1.203300	21.595038	0.000000
-1.287400	-1.151900	20.695170	0.000001
-1.287400	-1.100500	19.962413	0.000001
-1.287400	-1.049100	19.599659	0.000001
-1.287400	-0.997700	19.000896	0.000001
-1.287400	-0.946300	18.456854	0.000002
-1.287400	-0.894900	18.102697	0.000002
-1.287400	-0.843500	17.681259	0.000003
-1.287400	-0.792100	17.333970	0.000003
-1.287400	-0.740700	17.019538	0.000003
-1.287400	-0.689300	16.742787	0.000004
-1.287400	-0.637900	16.535170	0.000004
-1.287400	-0.586500	16.327869	0.000005
-1.287400	-0.535100	16.233482	0.000005
-1.287400	-0.483700	16.154210	0.000005
-1.287400	-0.432300	16.119705	0.000005
-1.287400	-0.380900	16.121694	0.000005
-1.287400	-0.329500	16.094524	0.000005
-1.287400	-0.278100	16.152367	0.000005
-1.287400	-0.226700	16.208656	0.000005
-1.287400	-0.175300	16.308714	0.000005
-1.287400	-0.123900	16.477111	0.000004
-1.287400	-0.072500	16.472699	0.000004
-1.287400	-0.021100	16.688658	0.000004
-1.287400	0.030300	16.704907	0.000004
-1.287400	0.081700	16.631265	0.000004
-1.287400	0.133100	16.435117	0.000004
-1.287400	0.184500	16.173969	0.000005
-1.287400	0.235900	15.778590	0.000006
-1.287400	0.287300	15.171598	0.000008
-1.287400	0.338700	14.554444	0.000010
-1.287400	0.390100	13.863146	0.000014
-1.287400	0.441500	13.040827	0.000020
-1.287400	0.492900	12.178913	0.000029
-1.287400	0.544300	11.348723	0.000041
-1.287400	0.595700	10.268846	0.000067
-1.287400	0.647100	9.452596	0.000096
-1.287400	0.698500	8.476507	0.000147
-1.287400	0.749900	7.471986	0.000230
-1.287400	0.801300	6.626254	0.000334
-1.287400	0.852700	5.771639	0.000487
-1.287400	0.904100	4.908213	0.000713
-1.287400	0.955500	4.231408	0.000962
-1.287400	1.006900	3.584150	0.001281
-1.287400	1.058300	3.034733	0.001634
-1.287400	1.109700	2.542518	0.002031
-1.287400	1.161100	2.297012	0.002264
-1.287400	1.212500	2.013123	0.002566
-1.287400	1.263900	1.927277	0.002666
-1.287400	1.315300	1.915275	0.002680
-1.287400	1.366700	1.990813	0.002592
-1.287400	1.418100	2.117003	0.002451
-1.287400	1.469500	2.356472	0.002205
-1.287400	1.520900	2.648722	0.001938
-1.287400	1.572300	2.993971	0.001663
-1.287400	1.623700	3.449107	0.001360
-1.287400	1.675100	3.892727	0.001118
-1.287400	1.726500	4.327939	0.000922
-1.287400	1.777900	4.668842	0.000793
-1.287400	1.829300	5.112436	0.000652
-1.287400	1.880700	5.181625	0.000632
-1.287400	1.932100	5.823727	0.000476
-1.287400	1.983500	6.170265	0.000408
-1.287400	2.034900	6.490745	0.000354
-1.287400	2.086300	6.581460	0.000340
-1.287400	2.137700	7.384296	0.000239
-1.287400	2.189100	7.458130	0.000231
-1.287400	2.240500	7.087054	0.000272
-1.287400	2.291900	7.359870	0.000241
-1.287400	2.343300	7.533658	0.000223
-1.287400	2.394700	11.422707	0.000040
-1.287400	2.446100	6.190369	0.000405
-1.287400	2.497500	5.317448	0.000595
-1.287400	2.548900	nan	0.000000
-1.287400	2.600300	nan	0.000000
-1.287400	2.651700	nan	0.000000
-1.287400	2.703100	nan	0.000000
-1.287400	2.754500	nan	0.000000
-1.287400	2.805900	nan	0.000000
-1.287400	2.857300	nan	0.000000
-1.287400	2.908700	nan	0.000000
-1.287400	2.960100	nan	0.000000
-1.287400	3.011500	nan	0.000000
-1.287400	3.062900	nan	0.000000
-1.287400	3.114300	nan	0.000000
-1.287400	3.165700	nan	0.000000

-1.224600	-2.025700	nan	0.000000
-1.224600	-1.974300	nan	0.000000
-1.224600	-1.922900	nan	0.000000
-1.224600	-1.871500	nan	0.000000
-1.224600	-1.820100	nan	0.000000
-1.224600	-1.768700	nan	0.000000
-1.224600	-1.717300	nan	0.000000
-1.224600	-1.665900	nan	0.000000
-1.224600	-1.614500	nan	0.000000
-1.224600	-1.563100	nan	0.000000
-1.224600	-1.511700	nan	0.000000
-1.224600	-1.460300	nan	0.000000
-1.224600	-1.408900	nan	0.000000
-1.224600	-1.357500	27.022093	0.000000
-1.224600	-1.306100	22.606645	0.000000
-1.224600	-1.254700	23.271077	0.000000
-1.224600	-1.203300	21.722677	0.000000
-1.224600	-1.151900	21.227068	0.000001
-1.224600	-1.100500	20.639193	0.000001
-1.224600	-1.049100	20.077694	0.000001
-1.224600	-0.997700	19.487772	0.000001
-1.224600	-0.946300	18.896276	0.000001
-1.224600	-0.894900	18.472744	0.000002
-1.224600	-0.843500	17.999090	0.000002
-1.224600	-0.792100	17.671534	0.000003
-1.224600	-0.740700	17.367218	0.000003
-1.224600	-0.689300	17.049802	0.000003
-1.224600	-0.637900	16.875270	0.000004
-1.224600	-0.586500	16.766938	0.000004
-1.224600	-0.535100	16.660851	0.000004
-1.224600	-0.483700	16.654750	0.000004
-1.224600	-0.432300	16.675747	0.000004
-1.224600	-0.380900	16.706274	0.000004
-1.224600	-0.329500	16.782982	0.000004
-1.224600	-0.278100	16.822177	0.000004
-1.224600	-0.226700	16.959796	0.000003
-1.224600	-0.175300	17.124585	0.000003
-1.224600	-0.123900	17.311281	0.000003
-1.224600	-0.072500	17.520569	0.000003
-1.224600	-0.021100	17.585344	0.000003
-1.224600	0.030300	17.575301	0.000003
-1.224600	0.081700	17.658407	0.000003
-1.224600	0.133100	17.494639	0.000003
-1.224600	0.184500	17.249301	0.000003
-1.224600	0.235900	16.793004	0.000004
-1.224600	0.287300	16.300318	0.000005
-1.224600	0.338700	15.563643	0.000006
-1.224600	0.390100	14.609864	0.000010
-1.224600	0.441500	14.169918	0.000012
-1.224600	0.492900	13.188803	0.000018
-1.224600	0.544300	12.195404	0.000028
-1.224600	0.595700	11.519968	0.000038
-1.224600	0.647100	10.499747	0.000060
-1.224600	0.698500	9.582365	0.000090
-1.224600	0.749900	8.800367	0.000128
-1.224600	0.801300	7.871963	0.000192
-1.224600	0.852700	6.949089	0.000289
-1.224600	0.904100	6.079275	0.000425
-1.224600	0.955500	5.397699	0.000575
-1.224600	1.006900	4.945085	0.000702
-1.224600	1.058300	4.420151	0.000885
-1.224600	1.109700	3.921331	0.001104
-1.224600	1.161100	3.623383	0.001259
-1.224600	1.212500	3.475404	0.001344
-1.224600	1.263900	3.257260	0.001480
-1.224600	1.315300	3.283119	0.001464
-1.224600	1.366700	3.418100	0.001379
-1.224600	1.418100	3.514802	0.001321
-1.224600	1.469500	3.842496	0.001143
-1.224600	1.520900	4.109612	0.001016
-1.224600	1.572300	4.487292	0.000859
-1.224600	1.623700	4.840428	0.000735
-1.224600	1.675100	5.140349	0.000644
-1.224600	1.726500	5.699699	0.000503
-1.224600	1.777900	6.151941	0.000412
-1.224600	1.829300	6.062703	0.000428
-1.224600	1.880700	6.325911	0.000381
-1.224600	1.932100	7.237163	0.000255
-1.224600	1.983500	7.777251	0.000201
-1.224600	2.034900	7.781303	0.000200
-1.224600	2.086300	7.744029	0.000204
-1.224600	2.137700	8.402565	0.000152
-1.224600	2.189100	8.450068	0.000149
-1.224600	2.240500	7.594434	0.000218
-1.224600	2.291900	7.902995	0.000190
-1.224600	2.343300	nan	0.000000
-1.224600	2.394700	nan	0.000000
-1.224600	2.446100	nan	0.000000
-1.224600	2.497500	nan	0.000000
-1.224600	2.548900	nan	0.000000
-1.224600	2.600300	nan	0.000000
-1.224600	2.651700	nan	0.000000
-1.224600	2.703100	nan	0.000000
-1.224600	2.754500	nan	0.000000
-1.224600	2.805900	nan	0.000000
-1.224600	2.857300	nan	0.000000
-1.224600	2.908700	nan	0.000000
-1.224600	2.960100	nan	0.000000
-1.224600	3.011500	nan	0.000000
-1.224600	3.062900	nan	0.000000
-1.224600	3.114300	nan	0.000000
-1.224600	3.165700	nan	0.000000

-1.161800	-2.025700	nan	0.000000
-1.161800	-1.974300	nan	0.000000
-1.161800	-1.922900	nan	0.000000
-1.161800	-1.871500	nan	0.000000
-1.161800	-1.820100	nan	0.000000
-1.161800	-1.768700	nan	0.000000
-1.161800	-1.717300	nan	0.000000
-1.161800	-1.665900	nan	0.000000
-1.161800	-1.614500	nan	0.000000
-1.161800	-1.563100	nan	0.000000
-1.161800	-1.511700	nan	0.000000
-1.161800	-1.460300	nan	0.000000
-1.161800	-1.408900	nan	0.000000
-1.161800	-1.357500	24.666663	0.000000
-1.161800	-1.306100	23.222034	0.000000
-1.161800	-1.254700	23.621992	0.000000
-1.161800	-1.203300	22.619839	0.000000
-1.161800	-1.151900	22.085426	0.000000
-1.161800	-1.100500	21.234115	0.000001
-1.161800	-1.049100	20.649003	0.000001
-1.161800	-0.997700	20.058923	0.000001
-1.161800	-0.946300	19.507722	0.000001
-1.161800	-0.894900	19.007398	0.000001
-1.161800	-0.843500	18.558330	0.000002
-1.161800	-0.792100	18.163895	0.000002
-1.161800	-0.740700	17.903184	0.000002
-1.161800	-0.689300	17.658406	0.000003
-1.161800	-0.637900	17.507147	0.000003
-1.161800	-0.586500	17.323808	0.000003
-1.161800	-0.535100	17.345884	0.000003
-1.161800	-0.483700	17.322484	0.000003
-1.161800	-0.432300	17.460321	0.000003
-1.161800	-0.380900	17.547812	0.000003
-1.161800	-0.329500	17.645795	0.000003
-1.161800	-0.278100	17.862484	0.000002
-1.161800	-0.226700	18.105250	0.000002
-1.161800	-0.175300	18.119361	0.000002
-1.161800	-0.123900	18.481972	0.000002
-1.161800	-0.072500	18.668220	0.000002
-1.161800	-0.021100	18.785154	0.000002
-1.161800	0.030300	18.891024	0.000001
-1.161800	0.081700	18.815666	0.000002
-1.161800	0.133100	18.426778	0.000002
-1.161800	0.184500	18.553681	0.000002
-1.161800	0.235900	18.134073	0.000002
-1.161800	0.287300	17.561275	0.000003
-1.161800	0.338700	16.661025	0.000004
-1.161800	0.390100	16.073199	0.000005
-1.161800	0.441500	15.296794	0.000007
-1.161800	0.492900	14.354801	0.000011
-1.161800	0.544300	13.443151	0.000016
-1.161800	0.595700	12.751115	0.000022
-1.161800	0.647100	12.047646	0.000030
-1.161800	0.698500	10.957386	0.000049
-1.161800	0.749900	10.134661	0.000071
-1.161800	0.801300	9.497862	0.000094
-1.161800	0.852700	8.522642	0.000144
-1.161800	0.904100	7.989793	0.000183
-1.161800	0.955500	6.950006	0.000289
-1.161800	1.006900	6.652890	0.000330
-1.161800	1.058300	6.311492	0.000384
-1.161800	1.109700	5.881250	0.000464
-1.161800	1.161100	5.380972	0.000579
-1.161800	1.212500	5.070309	0.000664
-1.161800	1.263900	5.283739	0.000604
-1.161800	1.315300	5.211914	0.000624
-1.161800	1.366700	5.141763	0.000643
-1.161800	1.418100	5.329599	0.000592
-1.161800	1.469500	5.796674	0.000482
-1.161800	1.520900	5.363622	0.000583
-1.161800	1.572300	6.165394	0.000409
-1.161800	1.623700	6.802752	0.000309
-1.161800	1.675100	6.609831	0.000336
-1.161800	1.726500	7.453734	0.000231
-1.161800	1.777900	8.186256	0.000167
-1.161800	1.829300	8.230239	0.000164
-1.161800	1.880700	9.399197	0.000098
-1.161800	1.932100	8.672567	0.000135
-1.161800	1.983500	9.980163	0.000076
-1.161800	2.034900	9.385334	0.000099
-1.161800	2.086300	10.286549	0.000066
-1.161800	2.137700	9.542783	0.000092
-1.161800	2.189100	7.795987	0.000199
-1.161800	2.240500	9.355409	0.000100
-1.161800	2.291900	8.327887	0.000157
-1.161800	2.343300	7.194677	0.000260
-1.161800	2.394700	nan	0.000000
-1.161800	2.446100	nan	0.000000
-1.161800	2.497500	nan	0.000000
-1.161800	2.548900	nan	0.000000
-1.161800	2.600300	nan	0.000000
-1.161800	2.651700	nan	0.000000
-1.161800	2.703100	nan	0.000000
-1.161800	2.754500	nan	0.000000
-1.161800	2.805900	nan	0.000000
-1.161800	2.857300	nan	0.000000
-1.161800	2.908700	nan	0.000000
-1.161800	2.960100	nan	0.000000
-1.161800	3.011500	nan	0.000000
-1.161800	3.062900	nan	0.000000
-1.161800	3.114300	nan	0.000000
-1.161800	3.165700	nan	0.000000

-1.099000	-2.025700	nan	0.000000
-1.099000	-1.974300	nan	0.000000
-1.099000	-1.922900	nan	0.000000
-1.099000	-1.871500	nan	0.000000
-1.099000	-1.820100	nan	0.000000
-1.099000	-1.768700	nan	0.000000
-1.099000	-1.717300	nan	0.000000
-1.099000	-1.665900	nan	0.000000
-1.099000	-1.614500	nan	0.000000
-1.099000	-1.563100	nan	0.000000
-1.099000	-1.511700	nan	0.000000
-1.099000	-1.460300	nan	0.000000
-1.099000	-1.408900	23.764799	0.000000
-1.099000	-1.357500	25.262030	0.000000
-1.099000	-1.306100	25.659122	0.000000
-1.099000	-1.254700	24.457076	0.000000
-1.099000	-1.203300	23.607654	0.000000
-1.099000	-1.151900	22.814415	0.000000
-1.099000	-1.100500	22.145071	0.000000
-1.099000	-1.049100	21.349372	0.000000
-1.099000	-0.997700	20.836616	0.000001
-1.099000	-0.946300	20.242856	0.000001
-1.099000	-0.894900	19.718031	0.000001
-1.099000	-0.843500	19.284714	0.000001
-1.099000	-0.792100	18.883917	0.000001
-1.099000	-0.740700	18.612288	0.000002
-1.099000	-0.689300	18.385850	0.000002
-1.099000	-0.637900	18.283568	0.000002
-1.099000	-0.586500	18.181290	0.000002
-1.099000	-0.535100	18.208889	0.000002
-1.099000	-0.483700	18.311340	0.000002
-1.099000	-0.432300	18.418875	0.000002
-1.099000	-0.380900	18.530101	0.000002
-1.099000	-0.329500	18.862407	0.000001
-1.099000	-0.278100	19.088054	0.000001
-1.099000	-0.226700	19.098678	0.000001
-1.099000	-0.175300	19.612948	0.000001
-1.099000	-0.123900	20.066842	0.000001
-1.099000	-0.072500	20.348884	0.000001
-1.099000	-0.021100	20.038691	0.000001
-1.099000	0.030300	20.133866	0.000001
-1.099000	0.081700	20.124507	0.000001
-1.099000	0.133100	20.618680	0.000001
-1.099000	0.184500	19.965544	0.000001
-1.099000	0.235900	19.424725	0.000001
-1.099000	0.287300	18.919611	0.000001
-1.099000	0.338700	18.153023	0.000002
-1.099000	0.390100	17.887216	0.000002
-1.099000	0.441500	16.315243	0.000005
-1.099000	0.492900	16.057431	0.000005
-1.099000	0.544300	15.711755	0.000006
-1.099000	0.595700	14.167159	0.000012
-1.099000	0.647100	13.993175	0.000013
-1.099000	0.698500	13.003791	0.000020
-1.099000	0.749900	12.263220	0.000028
-1.099000	0.801300	11.717786	0.000035
-1.099000	0.852700	10.422423	0.000062
-1.099000	0.904100	9.837854	0.000081
-1.099000	0.955500	9.078428	0.000113
-1.099000	1.006900	8.341243	0.000156
-1.099000	1.058300	8.891965	0.000123
-1.099000	1.109700	7.524173	0.000224
-1.099000	1.161100	7.817512	0.000197
-1.099000	1.212500	7.776768	0.000201
-1.099000	1.263900	7.557757	0.000221
-1.099000	1.315300	7.175986	0.000262
-1.099000	1.366700	7.249695	0.000253
-1.099000	1.418100	7.229838	0.000256
-1.099000	1.469500	6.888741	0.000297
-1.099000	1.520900	8.469641	0.000148
-1.099000	1.572300	8.406727	0.000152
-1.099000	1.623700	8.346585	0.000156
-1.099000	1.675100	9.614685	0.000089
-1.099000	1.726500	9.789873	0.000082
-1.099000	1.777900	10.991606	0.000048
-1.099000	1.829300	9.013551	0.000116
-1.099000	1.880700	11.683957	0.000036
-1.099000	1.932100	11.156298	0.000045
-1.099000	1.983500	8.992585	0.000117
-1.099000	2.034900	9.893039	0.000079
-1.099000	2.086300	nan	0.000000
-1.099000	2.137700	nan	0.000000
-1.099000	2.189100	nan	0.000000
-1.099000	2.240500	nan	0.000000
-1.099000	2.291900	nan	0.000000
-1.099000	2.343300	nan	0.000000
-1.099000	2.394700	nan	0.000000
-1.099000	2.446100	nan	0.000000
-1.099000	2.497500	nan	0.000000
-1.099000	2.548900	nan	0.000000
-1.099000	2.600300	nan	0.000000
-1.099000	2.651700	nan	0.000000
-1.099000	2.703100	nan	0.000000
-1.099000	2.754500	nan	0.000000
-1.099000	2.805900	nan	0.000000
-1.099000	2.857300	nan	0.000000
-1.099000	2.908700	nan	0.000000
-1.099000	2.960100	nan	0.000000
-1.099000	3.011500	nan	0.000000
-1.099000	3.062900	nan	0.000000
-1.099000	3.114300	nan	0.000000
-1.099000	3.165700	nan	0.000000

-1.036200	-2.025700	nan	0.000000
-1.036200	-1.974300	nan	0.000000
-1.036200	-1.922900	nan	0.000000
-1.036200	-1.871500	nan	0.000000
-1.036200	-1.820100	nan	0.000000
-1.036200	-1.768700	nan	0.000000
-1.036200	-1.717300	nan	0.000000
-1.036200	-1.665900	nan	0.000000
-1.036200	-1.614500	nan	0.000000
-1.036200	-1.563100	nan	0.000000
-1.036200	-1.511700	nan	0.000000
-1.036200	-1.460300	27.657968	0.000000
-1.036200	-1.408900	29.647785	0.000000
-1.036200	-1.357500	26.477312	0.000000
-1.036200	-1.306100	25.775287	0.000000
-1.036200	-1.254700	25.474145	0.000000
-1.036200	-1.203300	24.359224	0.000000
-1.036200	-1.151900	23.866996	0.000000
-1.036200	-1.100500	23.023482	0.000000
-1.036200	-1.049100	22.322982	0.000000
-1.036200	-0.997700	21.663723	0.000000
-1.036200	-0.946300	21.117139	0.000001
-1.036200	-0.894900	20.610826	0.000001
-1.036200	-0.843500	20.142137	0.000001
-1.036200	-0.792100	19.736409	0.000001
-1.036200	-0.740700	19.531184	0.000001
-1.036200	-0.689300	19.297969	0.000001
-1.036200	-0.637900	19.211970	0.000001
-1.036200	-0.586500	19.250528	0.000001
-1.036200	-0.535100	19.299288	0.000001
-1.036200	-0.483700	19.470927	0.000001
-1.036200	-0.432300	19.665799	0.000001
-1.036200	-0.380900	20.019467	0.000001
-1.036200	-0.329500	20.141075	0.000001
-1.036200	-0.278100	20.463218	0.000001
-1.036200	-0.226700	20.772868	0.000001
-1.036200	-0.175300	21.228140	0.000001
-1.036200	-0.123900	21.338265	0.000000
-1.036200	-0.072500	22.209279	0.000000
-1.036200	-0.021100	21.357522	0.000000
-1.036200	0.030300	22.085588	0.000000
-1.036200	0.081700	23.418332	0.000000
-1.036200	0.133100	21.487508	0.000000
-1.036200	0.184500	22.667674	0.000000
-1.036200	0.235900	20.840207	0.000001
-1.036200	0.287300	21.240363	0.000001
-1.036200	0.338700	20.151782	0.000001
-1.036200	0.390100	19.696143	0.000001
-1.036200	0.441500	19.223911	0.000001
-1.036200	0.492900	17.640907	0.000003
-1.036200	0.544300	17.033212	0.000003
-1.036200	0.595700	16.867263	0.000004
-1.036200	0.647100	15.036569	0.000008
-1.036200	0.698500	15.202189	0.000008
-1.036200	0.749900	13.378346	0.000017
-1.036200	0.801300	13.838565	0.000014
-1.036200	0.852700	13.364968	0.000017
-1.036200	0.904100	12.978039	0.000020
-1.036200	0.955500	11.942385	0.000032
-1.036200	1.006900	11.007669	0.000048
-1.036200	1.058300	10.734133	0.000054
-1.036200	1.109700	10.564330	0.000059
-1.036200	1.161100	9.751466	0.000084
-1.036200	1.212500	10.601780	0.000058
-1.036200	1.263900	10.228285	0.000068
-1.036200	1.315300	9.887524	0.000079
-1.036200	1.366700	11.137144	0.000045
-1.036200	1.418100	8.760626	0.000130
-1.036200	1.469500	9.617462	0.000089
-1.036200	1.520900	9.317334	0.000102
-1.036200	1.572300	11.491362	0.000039
-1.036200	1.623700	11.161264	0.000045
-1.036200	1.675100	10.803718	0.000053
-1.036200	1.726500	10.412910	0.000063
-1.036200	1.777900	9.983622	0.000076
-1.036200	1.829300	7.941446	0.000187
-1.036200	1.880700	nan	0.000000
-1.036200	1.932100	nan	0.000000
-1.036200	1.983500	nan	0.000000
-1.036200	2.034900	nan	0.000000
-1.036200	2.086300	nan	0.000000
-1.036200	2.137700	nan	0.000000
-1.036200	2.189100	nan	0.000000
-1.036200	2.240500	nan	0.000000
-1.036200	2.291900	nan	0.000000
-1.036200	2.343300	nan	0.000000
-1.036200	2.394700	nan	0.000000
-1.036200	2.446100	nan	0.000000
-1.036200	2.497500	nan	0.000000
-1.036200	2.548900	nan	0.000000
-1.036200	2.600300	nan	0.000000
-1.036200	2.651700	nan	0.000000
-1.036200	2.703100	nan	0.000000
-1.036200	2.754500	nan	0.000000
-1.036200	2.805900	nan	0.000000
-1.036200	2.857300	nan	0.000000
-1.036200	2.908700	nan	0.000000
-1.036200	2.960100	nan	0.000000
-1.036200	3.011500	nan	0.000000
-1.036200	3.062900	nan	0.000000
-1.036200	3.114300	nan	0.000000
-1.036200	3.165700	nan	0.000000

-0.973400	-2.025700	nan	0.000000
-0.973400	-1.974300	nan	0.000000
-0.973400	-1.922900	nan	0.000000
-0.973400	-1.871500	nan	0.000000
-0.973400	-1.820100	nan	0.000000
-0.973400	-1.768700	nan	0.000000
-0.973400	-1.717300	nan	0.000000
-0.973400	-1.665900	nan	0.000000
-0.973400	-1.614500	nan	0.000000
-0.973400	-1.563100	nan	0.000000
-0.973400	-1.511700	nan	0.000000
-0.973400	-1.460300	29.705461	0.000000
-0.973400	-1.408900	29.554277	0.000000
-0.973400	-1.357500	28.262405	0.000000
-0.973400	-1.306100	27.050378	0.000000
-0.973400	-1.254700	26.543487	0.000000
-0.973400	-1.203300	25.696205	0.000000
-0.973400	-1.151900	24.715115	0.000000
-0.973400	-1.100500	23.968764	0.000000
-0.973400	-1.049100	23.252929	0.000000
-0.973400	-0.997700	22.632505	0.000000
-0.973400	-0.946300	22.065164	0.000000
-0.973400	-0.894900	21.561601	0.000000
-0.973400	-0.843500	21.166954	0.000001
-0.973400	-0.792100	20.848583	0.000001
-0.973400	-0.740700	20.592526	0.000001
-0.973400	-0.689300	20.402437	0.000001
-0.973400	-0.637900	20.370393	0.000001
-0.973400	-0.586500	20.375045	0.000001
-0.973400	-0.535100	20.557037	0.000001
-0.973400	-0.483700	20.639961	0.000001
-0.973400	-0.432300	21.160336	0.000001
-0.973400	-0.380900	21.577346	0.000000
-0.973400	-0.329500	22.091457	0.000000
-0.973400	-0.278100	22.783206	0.000000
-0.973400	-0.226700	23.285969	0.000000
-0.973400	-0.175300	22.490182	0.000000
-0.973400	-0.123900	22.381199	0.000000
-0.973400	-0.072500	23.458353	0.000000
-0.973400	-0.021100	23.648224	0.000000
-0.973400	0.030300	24.274140	0.000000
-0.973400	0.081700	23.107586	0.000000
-0.973400	0.133100	25.717270	0.000000
-0.973400	0.184500	25.166444	0.000000
-0.973400	0.235900	24.582557	0.000000
-0.973400	0.287300	22.396747	0.000000
-0.973400	0.338700	23.312606	0.000000
-0.973400	0.390100	22.626577	0.000000
-0.973400	0.441500	19.418794	0.000001
-0.973400	0.492900	19.573582	0.000001
-0.973400	0.544300	18.775618	0.000002
-0.973400	0.595700	nan	0.000000
-0.973400	0.647100	17.112563	0.000003
-0.973400	0.698500	16.273063	0.000005
-0.973400	0.749900	15.443689	0.000007
-0.973400	0.801300	16.202211	0.000005
-0.973400	0.852700	nan	0.000000
-0.973400	0.904100	nan	0.000000
-0.973400	0.955500	nan	0.000000
-0.973400	1.006900	13.358793	0.000017
-0.973400	1.058300	nan	0.000000
-0.973400	1.109700	nan	0.000000
-0.973400	1.161100	nan	0.000000
-0.973400	1.212500	11.342974	0.000041
-0.973400	1.263900	nan	0.000000
-0.973400	1.315300	nan	0.000000
-0.973400	1.366700	10.235075	0.000068
-0.973400	1.418100	nan	0.000000
-0.973400	1.469500	nan	0.000000
-0.973400	1.520900	nan	0.000000
-0.973400	1.572300	nan	0.000000
-0.973400	1.623700	nan	0.000000
-0.973400	1.675100	nan	0.000000
-0.973400	1.726500	7.607960	0.000216
-0.973400	1.777900	nan	0.000000
-0.973400	1.829300	nan	0.000000
-0.973400	1.880700	nan	0.000000
-0.973400	1.932100	nan	0.000000
-0.973400	1.983500	nan	0.000000
-0.973400	2.034900	nan	0.000000
-0.973400	2.086300	nan	0.000000
-0.973400	2.137700	nan	0.000000
-0.973400	2.189100	nan	0.000000
-0.973400	2.240500	nan	0.000000
-0.973400	2.291900	nan	0.000000
-0.973400	2.343300	nan	0.000000
-0.973400	2.394700	nan	0.000000
-0.973400	2.446100	nan	0.000000
-0.973400	2.497500	nan	0.000000
-0.973400	2.548900	nan	0.000000
-0.973400	2.600300	nan	0.000000
-0.973400	2.651700	nan	0.000000
-0.973400	2.703100	nan	0.000000
-0.973400	2.754500	nan	0.000000
-0.973400	2.805900	nan	0.000000
-0.973400	2.857300	nan	0.000000
-0.973400	2.908700	nan	0.000000
-0.973400	2.960100	nan	0.000000
-0.973400	3.011500	nan	0.000000
-0.973400	3.062900	nan	0.000000
-0.973400	3.114300	nan	0.000000
-0.973400	3.165700	nan	0.000000

-0.910600	-2.025700	nan	0.000000
-0.910600	-1.974300	nan	0.000000
-0.910600	-1.922900	nan	0.000000
-0.910600	-1.871500	nan	0.000000
-0.910600	-1.820100	nan	0.000000
-0.910600	-1.768700	nan	0.000000
-0.910600	-1.717300	nan	0.000000
-0.910600	-1.665900	nan	0.000000
-0.910600	-1.614500	nan	0.000000
-0.910600	-1.563100	nan	0.000000
-0.910600	-1.511700	31.203896	0.000000
-0.910600	-1.460300	33.258869	0.000000
-0.910600	-1.408900	32.632395	0.000000
-0.910600	-1.357500	29.687827	0.000000
-0.910600	-1.306100	28.573579	0.000000
-0.910600	-1.254700	27.687145	0.000000
-0.910600	-1.203300	26.720231	0.000000
-0.910600	-1.151900	25.817385	0.000000
-0.910600	-1.100500	25.001813	0.000000
-0.910600	-1.049100	24.328470	0.000000
-0.910600	-0.997700	23.660878	0.000000
-0.910600	-0.946300	23.095344	0.000000
-0.910600	-0.894900	22.672550	0.000000
-0.910600	-0.843500	22.211199	0.000000
-0.910600	-0.792100	21.939083	0.000000
-0.910600	-0.740700	21.807230	0.000000
-0.910600	-0.689300	21.639995	0.000000
-0.910600	-0.637900	21.652626	0.000000
-0.910600	-0.586500	21.848384	0.000000
-0.910600	-0.535100	22.145133	0.000000
-0.910600	-0.483700	22.358061	0.000000
-0.910600	-0.432300	22.912588	0.000000
-0.910600	-0.380900	23.139177	0.000000
-0.910600	-0.329500	23.121230	0.000000
-0.910600	-0.278100	23.942261	0.000000
-0.910600	-0.226700	22.843411	0.000000
-0.910600	-0.175300	27.428442	0.000000
-0.910600	-0.123900	nan	0.000000
-0.910600	-0.072500	25.631403	0.000000
-0.910600	-0.021100	nan	0.000000
-0.910600	0.030300	24.356935	0.000000
-0.910600	0.081700	23.791767	0.000000
-0.910600	0.133100	nan	0.000000
-0.910600	0.184500	22.650908	0.000000
-0.910600	0.235900	nan	0.000000
-0.910600	0.287300	nan	0.000000
-0.910600	0.338700	nan	0.000000
-0.910600	0.390100	nan	0.000000
-0.910600	0.441500	nan	0.000000
-0.910600	0.492900	nan	0.000000
-0.910600	0.544300	nan	0.000000
-0.910600	0.595700	nan	0.000000
-0.910600	0.647100	nan	0.000000
-0.910600	0.698500	nan	0.000000
-0.910600	0.749900	nan	0.000000
-0.910600	0.801300	nan	0.000000
-0.910600	0.852700	nan	0.000000
-0.910600	0.904100	nan	0.000000
-0.910600	0.955500	nan	0.000000
-0.910600	1.006900	nan	0.000000
-0.910600	1.058300	nan	0.000000
-0.910600	1.109700	nan	0.000000
-0.910600	1.161100	nan	0.000000
-0.910600	1.212500	nan	0.000000
-0.910600	1.263900	nan	0.000000
-0.910600	1.315300	nan	0.000000
-0.910600	1.366700	nan	0.000000
-0.910600	1.418100	nan	0.000000
-0.910600	1.469500	nan	0.000000
-0.910600	1.520900	nan	0.000000
-0.910600	1.572300	nan	0.000000
-0.910600	1.623700	nan	0.000000
-0.910600	1.675100	nan	0.000000
-0.910600	1.726500	nan	0.000000
-0.910600	1.777900	nan	0.000000
-0.910600	1.829300	nan	0.000000
-0.910600	1.880700	nan	0.000000
-0.910600	1.932100	nan	0.000000
-0.910600	1.983500	nan	0.000000
-0.910600	2.034900	nan	0.000000
-0.910600	2.086300	nan	0.000000
-0.910600	2.137700	nan	0.000000
-0.910600	2.189100	nan	0.000000
-0.910600	2.240500	nan	0.000000
-0.910600	2.291900	nan	0.000000
-0.910600	2.343300	nan	0.000000
-0.910600	2.394700	nan	0.000000
-0.910600	2.446100	nan	0.000000
-0.910600	2.497500	nan	0.000000
-0.910600	2.548900	nan	0.000000
-0.910600	2.600300	nan	0.000000
-0.910600	2.651700	nan	0.000000
-0.910600	2.703100	nan	0.000000
-0.910600	2.754500	nan	0.000000
-0.910600	2.805900	nan	0.000000
-0.910600	2.857300	nan	0.000000
-0.910600	2.908700	nan	0.000000
-0.910600	2.960100	nan	0.000000
-0.910600	3.011500	nan	0.000000
-0.910600	3.062900	nan	0.000000
-0.910600	3.114300	nan	0.000000
-0.910600	3.165700	nan	0.000000

-0.847800	-2.025700	nan	0.000000
-0.847800	-1.974300	nan	0.000000
-0.847800	-1.922900	nan	0.000000
-0.847800	-1.871500	nan	0.000000
-0.847800	-1.820100	nan	0.000000
-0.847800	-1.768700	nan	0.000000
-0.847800	-1.717300	nan	0.000000
-0.847800	-1.665900	nan	0.000000
-0.847800	-1.614500	nan	0.000000
-0.847800	-1.563100	nan	0.000000
-0.847800	-1.511700	31.610536	0.000000
-0.847800	-1.460300	32.692114	0.000000
-0.847800	-1.408900	32.273877	0.000000
-0.847800	-1.357500	30.812401	0.000000
-0.847800	-1.306100	30.407318	0.000000
-0.847800	-1.254700	29.002952	0.000000
-0.847800	-1.203300	27.672048	0.000000
-0.847800	-1.151900	26.946652	0.000000
-0.847800	-1.100500	26.103537	0.000000
-0.847800	-1.049100	25.367592	0.000000
-0.847800	-0.997700	24.765640	0.000000
-0.847800	-0.946300	24.267257	0.000000
-0.847800	-0.894900	23.768513	0.000000
-0.847800	-0.843500	23.411761	0.000000
-0.847800	-0.792100	23.192765	0.000000
-0.847800	-0.740700	23.094951	0.000000
-0.847800	-0.689300	23.065544	0.000000
-0.847800	-0.637900	23.221104	0.000000
-0.847800	-0.586500	23.333239	0.000000
-0.847800	-0.535100	23.716144	0.000000
-0.847800	-0.483700	23.994643	0.000000
-0.847800	-0.432300	24.408981	0.000000
-0.847800	-0.380900	25.602329	0.000000
-0.847800	-0.329500	25.087059	0.000000
-0.847800	-0.278100	25.479343	0.000000
-0.847800	-0.226700	25.693601	0.000000
-0.847800	-0.175300	25.605116	0.000000
-0.847800	-0.123900	nan	0.000000
-0.847800	-0.072500	nan	0.000000
-0.847800	-0.021100	nan	0.000000
-0.847800	0.030300	nan	0.000000
-0.847800	0.081700	nan	0.000000
-0.847800	0.133100	nan	0.000000
-0.847800	0.184500	nan	0.000000
-0.847800	0.235900	nan	0.000000
-0.847800	0.287300	nan	0.000000
-0.847800	0.338700	nan	0.000000
-0.847800	0.390100	nan	0.000000
-0.847800	0.441500	nan	0.000000
-0.847800	0.492900	nan	0.000000
-0.847800	0.544300	nan	0.000000
-0.847800	0.595700	nan	0.000000
-0.847800	0.647100	nan	0.000000
-0.847800	0.698500	nan	0.000000
-0.847800	0.749900	nan	0.000000
-0.847800	0.801300	nan	0.000000
-0.847800	0.852700	nan	0.000000
-0.847800	0.904100	nan	0.000000
-0.847800	0.955500	nan	0.000000
-0.847800	1.006900	nan	0.000000
-0.847800	1.058300	nan	0.000000
-0.847800	1.109700	nan	0.000000
-0.847800	1.161100	nan	0.000000
-0.847800	1.212500	nan	0.000000
-0.847800	1.263900	nan	0.000000
-0.847800	1.315300	nan	0.000000
-0.847800	1.366700	nan	0.000000
-0.847800	1.418100	nan	0.000000
-0.847800	1.469500	nan	0.000000
-0.847800	1.520900	nan	0.000000
-0.847800	1.572300	nan	0.000000
-0.847800	1.623700	nan	0.000000
-0.847800	1.675100	nan	0.000000
-0.847800	1.726500	nan	0.000000
-0.847800	1.777900	nan	0.000000
-0.847800	1.829300	nan	0.000000
-0.847800	1.880700	nan	0.000000
-0.847800	1.932100	nan	0.000000
-0.847800	1.983500	nan	0.000000
-0.847800	2.034900	nan	0.000000
-0.847800	2.086300	nan	0.000000
-0.847800	2.137700	nan	0.000000
-0.847800	2.189100	nan	0.000000
-0.847800	2.240500	nan	0.000000
-0.847800	2.291900	nan	0.000000
-0.847800	2.343300	nan	0.000000
-0.847800	2.394700	nan	0.000000
-0.847800	2.446100	nan	0.000000
-0.847800	2.497500	nan	0.000000
-0.847800	2.548900	nan	0.000000
-0.847800	2.600300	nan	0.000000
-0.847800	2.651700	nan	0.000000
-0.847800	2.703100	nan	0.000000
-0.847800	2.754500	nan	0.000000
-0.847800	2.805900	nan	0.000000
-0.847800	2.857300	nan	0.000000
-0.847800	2.908700	nan	0.000000
-0.847800	2.960100	nan	0.000000
-0.847800	3.011500	nan	0.000000
-0.847800	3.062900	nan	0.000000
-0.847800	3.114300	nan	0.000000
-0.847800	3.165700	nan	0.000000

-0.785000	-2.025700	nan	0.000000
-0.785000	-1.974300	nan	0.000000
-0.785000	-1.922900	nan	0.000000
-0.785000	-1.871500	nan	0.000000
-0.785000	-1.820100	nan	0.000000
-0.785000	-1.768700	nan	0.000000
-0.785000	-1.717300	nan	0.000000
-0.785000	-1.665900	nan	0.000000
-0.785000	-1.614500	nan	0.000000
-0.785000	-1.563100	nan	0.000000
-0.785000	-1.511700	nan	0.000000
-0.785000	-1.460300	35.456193	0.000000
-0.785000	-1.408900	33.561818	0.000000
-0.785000	-1.357500	33.324574	0.000000
-0.785000	-1.306100	31.052227	0.000000
-0.785000	-1.254700	30.003118	0.000000
-0.785000	-1.203300	28.828331	0.000000
-0.785000	-1.151900	27.971018	0.000000
-0.785000	-1.100500	27.231205	0.000000
-0.785000	-1.049100	26.450442	0.000000
-0.785000	-0.997700	25.861125	0.000000
-0.785000	-0.946300	25.368581	0.000000
-0.785000	-0.894900	25.002784	0.000000
-0.785000	-0.843500	24.693109	0.000000
-0.785000	-0.792100	24.535407	0.000000
-0.785000	-0.740700	24.527154	0.000000
-0.785000	-0.689300	24.554087	0.000000
-0.785000	-0.637900	24.721879	0.000000
-0.785000	-0.586500	25.084583	0.000000
-0.785000	-0.535100	25.657964	0.000000
-0.785000	-0.483700	25.874026	0.000000
-0.785000	-0.432300	26.546450	0.000000
-0.785000	-0.380900	27.715971	0.000000
-0.785000	-0.329500	28.282618	0.000000
-0.785000	-0.278100	nan	0.000000
-0.785000	-0.226700	nan	0.000000
-0.785000	-0.175300	nan	0.000000
-0.785000	-0.123900	nan	0.000000
-0.785000	-0.072500	nan	0.000000
-0.785000	-0.021100	nan	0.000000
-0.785000	0.030300	nan	0.000000
-0.785000	0.081700	nan	0.000000
-0.785000	0.133100	nan	0.000000
-0.785000	0.184500	nan	0.000000
-0.785000	0.235900	nan	0.000000
-0.785000	0.287300	nan	0.000000
-0.785000	0.338700	nan	0.000000
-0.785000	0.390100	nan	0.000000
-0.785000	0.441500	nan	0.000000
-0.785000	0.492900	nan	0.000000
-0.785000	0.544300	nan	0.000000
-0.785000	0.595700	nan	0.000000
-0.785000	0.647100	nan	0.000000
-0.785000	0.698500	nan	0.000000
-0.785000	0.749900	nan	0.000000
-0.785000	0.801300	nan	0.000000
-0.785000	0.852700	nan	0.000000
-0.785000	0.904100	nan	0.000000
-0.785000	0.955500	nan	0.000000
-0.785000	1.006900	nan	0.000000
-0.785000	1.058300	nan	0.000000
-0.785000	1.109700	nan	0.000000
-0.785000	1.161100	nan	0.000000
-0.785000	1.212500	nan	0.000000
-0.785000	1.263900	nan	0.000000
-0.785000	1.315300	nan	0.000000
-0.785000	1.366700	nan	0.000000
-0.785000	1.418100	nan	0.000000
-0.785000	1.469500	nan	0.000000
-0.785000	1.520900	nan	0.000000
-0.785000	1.572300	nan	0.000000
-0.785000	1.623700	nan	0.000000
-0.785000	1.675100	nan	0.000000
-0.785000	1.726500	nan	0.000000
-0.785000	1.777900	nan	0.000000
-0.785000	1.829300	nan	0.000000
-0.785000	1.880700	nan	0.000000
-0.785000	1.932100	nan	0.000000
-0.785000	1.983500	nan	0.000000
-0.785000	2.034900	nan	0.000000
-0.785000	2.086300	nan	0.000000
-0.785000	2.137700	nan	0.000000
-0.785000	2.189100	nan	0.000000
-0.785000	2.240500	nan	0.000000
-0.785000	2.291900	nan	0.000000
-0.785000	2.343300	nan	0.000000
-0.785000	2.394700	nan	0.000000
-0.785000	2.446100	nan	0.000000
-0.785000	2.497500	nan	0.000000
-0.785000	2.548900	nan	0.000000
-0.785000	2.600300	nan	0.000000
-0.785000	2.651700	nan	0.000000
-0.785000	2.703100	nan	0.000000
-0.785000	2.754500	nan	0.000000
-0.785000	2.805900	nan	0.000000
-0.785000	2.857300	nan	0.000000
-0.785000	2.908700	nan	0.000000
-0.785000	2.960100	nan	0.000000
-0.785000	3.011500	nan	0.000000
-0.785000	3.062900	nan	0.000000
-0.785000	3.114300	nan	0.000000
-0.785000	3.165700	nan	0.000000

-0.722200	-2.025700	nan	0.000000
-0.722200	-1.974300	nan	0.000000
-0.722200	-1.922900	nan	0.000000
-0.722200	-1.871500	nan	0.000000
-0.722200	-1.820100	nan	0.000000
-0.722200	-1.768700	nan	0.000000
-0.722200	-1.717300	nan	0.000000
-0.722200	-1.665900	nan	0.000000
-0.722200	-1.614500	nan	0.000000
-0.722200	-1.563100	nan	0.000000
-0.722200	-1.511700	nan	0.000000
-0.722200	-1.460300	38.796109	0.000000
-0.722200	-1.408900	34.220518	0.000000
-0.722200	-1.357500	33.375675	0.000000
-0.722200	-1.306100	32.085985	0.000000
-0.722200	-1.254700	30.895681	0.000000
-0.722200	-1.203300	30.020382	0.000000
-0.722200	-1.151900	29.031149	0.000000
-0.722200	-1.100500	28.186809	0.000000
-0.722200	-1.049100	27.553690	0.000000
-0.722200	-0.997700	27.016032	0.000000
-0.722200	-0.946300	26.561115	0.000000
-0.722200	-0.894900	26.238449	0.000000
-0.722200	-0.843500	26.027016	0.000000
-0.722200	-0.792100	25.991538	0.000000
-0.722200	-0.740700	26.001731	0.000000
-0.722200	-0.689300	26.295473	0.000000
-0.722200	-0.637900	26.552865	0.000000
-0.722200	-0.586500	26.936389	0.000000
-0.722200	-0.535100	27.708432	0.000000
-0.722200	-0.483700	27.914795	0.000000
-0.722200	-0.432300	30.249738	0.000000
-0.722200	-0.380900	33.052093	0.000000
-0.722200	-0.329500	30.720524	0.000000
-0.722200	-0.278100	nan	0.000000
-0.722200	-0.226700	nan	0.000000
-0.722200	-0.175300	nan	0.000000
-0.722200	-0.123900	nan	0.000000
-0.722200	-0.072500	nan	0.000000
-0.722200	-0.021100	nan	0.000000
-0.722200	0.030300	nan	0.000000
-0.722200	0.081700	nan	0.000000
-0.722200	0.133100	nan	0.000000
-0.722200	0.184500	nan	0.000000
-0.722200	0.235900	nan	0.000000
-0.722200	0.287300	nan	0.000000
-0.722200	0.338700	nan	0.000000
-0.722200	0.390100	nan	0.000000
-0.722200	0.441500	nan	0.000000
-0.722200	0.492900	nan	0.000000
-0.722200	0.544300	nan	0.000000
-0.722200	0.595700	nan	0.000000
-0.722200	0.647100	nan	0.000000
-0.722200	0.698500	nan	0.000000
-0.722200	0.749900	nan	0.000000
-0.722200	0.801300	nan	0.000000
-0.722200	0.852700	nan	0.000000
-0.722200	0.904100	nan	0.000000
-0.722200	0.955500	nan	0.000000
-0.722200	1.006900	nan	0.000000
-0.722200	1.058300	nan	0.000000
-0.722200	1.109700	nan	0.000000
-0.722200	1.161100	nan	0.000000
-0.722200	1.212500	nan	0.000000
-0.722200	1.263900	nan	0.000000
-0.722200	1.315300	nan	0.000000
-0.722200	1.366700	nan	0.000000
-0.722200	1.418100	nan	0.000000
-0.722200	1.469500	nan	0.000000
-0.722200	1.520900	nan	0.000000
-0.722200	1.572300	nan	0.000000
-0.722200	1.623700	nan	0.000000
-0.722200	1.675100	nan	0.000000
-0.722200	1.726500	nan	0.000000
-0.722200	1.777900	nan	0.000000
-0.722200	1.829300	nan	0.000000
-0.722200	1.880700	nan	0.000000
-0.722200	1.932100	nan	0.000000
-0.722200	1.983500	nan	0.000000
-0.722200	2.034900	nan	0.000000
-0.722200	2.086300	nan	0.000000
-0.722200	2.137700	nan	0.000000
-0.722200	2.189100	nan	0.000000
-0.722200	2.240500	nan	0.000000
-0.722200	2.291900	nan	0.000000
-0.722200	2.343300	nan	0.000000
-0.722200	2.394700	nan	0.000000
-0.722200	2.446100	nan	0.000000
-0.722200	2.497500	nan	0.000000
-0.722200	2.548900	nan	0.000000
-0.722200	2.600300	nan	0.000000
-0.722200	2.651700	nan	0.000000
-0.722200	2.703100	nan	0.000000
-0.722200	2.754500	nan	0.000000
-0.722200	2.805900	nan	0.000000
-0.722200	2.857300	nan	0.000000
-0.722200	2.908700	nan	0.000000
-0.722200	2.960100	nan	0.000000
-0.722200	3.011500	nan	0.000000
-0.722200	3.062900	nan	0.000000
-0.722200	3.114300	nan	0.000000
-0.722200	3.165700	nan	0.000000

-0.659400	-2.025700	nan	0.000000
-0.659400	-1.974300	nan	0.000000
-0.659400	-1.922900	nan	0.000000
-0.659400	-1.871500	nan	0.000000
-0.659400	-1.820100	nan	0.000000
-0.659400	-1.768700	nan	0.000000
-0.659400	-1.717300	nan	0.000000
-0.659400	-1.665900	nan	0.000000
-0.659400	-1.614500	nan	0.000000
-0.659400	-1.563100	nan	0.000000
-0.659400	-1.511700	38.629769	0.000000
-0.659400	-1.460300	40.481624	0.000000
-0.659400	-1.408900	35.039640	0.000000
-0.659400	-1.357500	33.843463	0.000000
-0.659400	-1.306100	32.920007	0.000000
-0.659400	-1.254700	31.979028	0.000000
-0.659400	-1.203300	30.975838	0.000000
-0.659400	-1.151900	30.035026	0.000000
-0.659400	-1.100500	29.325512	0.000000
-0.659400	-1.049100	28.641752	0.000000
-0.659400	-0.997700	28.160013	0.000000
-0.659400	-0.946300	27.742682	0.000000
-0.659400	-0.894900	27.526855	0.000000
-0.659400	-0.843500	27.400798	0.000000
-0.659400	-0.792100	27.485981	0.000000
-0.659400	-0.740700	27.642099	0.000000
-0.659400	-0.689300	27.922405	0.000000
-0.659400	-0.637900	28.540220	0.000000
-0.659400	-0.586500	28.834535	0.000000
-0.659400	-0.535100	29.944452	0.000000
-0.659400	-0.483700	30.396815	0.000000
-0.659400	-0.432300	30.611671	0.000000
-0.659400	-0.380900	31.732961	0.000000
-0.659400	-0.329500	nan	0.000000
-0.659400	-0.278100	nan	0.000000
-0.659400	-0.226700	nan	0.000000
-0.659400	-0.175300	nan	0.000000
-0.659400	-0.123900	nan	0.000000
-0.659400	-0.072500	nan	0.000000
-0.659400	-0.021100	nan	0.000000
-0.659400	0.030300	nan	0.000000
-0.659400	0.081700	nan	0.000000
-0.659400	0.133100	nan	0.000000
-0.659400	0.184500	nan	0.000000
-0.659400	0.235900	nan	0.000000
-0.659400	0.287300	nan	0.000000
-0.659400	0.338700	nan	0.000000
-0.659400	0.390100	nan	0.000000
-0.659400	0.441500	nan	0.000000
-0.659400	0.492900	nan	0.000000
-0.659400	0.544300	nan	0.000000
-0.659400	0.595700	nan	0.000000
-0.659400	0.647100	nan	0.000000
-0.659400	0.698500	nan	0.000000
-0.659400	0.749900	nan	0.000000
-0.659400	0.801300	nan	0.000000
-0.659400	0.852700	nan	0.000000
-0.659400	0.904100	nan	0.000000
-0.659400	0.955500	nan	0.000000
-0.659400	1.006900	nan	0.000000
-0.659400	1.058300	nan	0.000000
-0.659400	1.109700	nan	0.000000
-0.659400	1.161100	nan	0.000000
-0.659400	1.212500	nan	0.000000
-0.659400	1.263900	nan	0.000000
-0.659400	1.315300	nan	0.000000
-0.659400	1.366700	nan	0.000000
-0.659400	1.418100	nan	0.000000
-0.659400	1.469500	nan	0.000000
-0.659400	1.520900	nan	0.000000
-0.659400	1.572300	nan	0.000000
-0.659400	1.623700	nan	0.000000
-0.659400	1.675100	nan	0.000000
-0.659400	1.726500	nan	0.000000
-0.659400	1.777900	nan	0.000000
-0.659400	1.829300	nan	0.000000
-0.659400	1.880700	nan	0.000000
-0.659400	1.932100	nan	0.000000
-0.659400	1.983500	nan	0.000000
-0.659400	2.034900	nan	0.000000
-0.659400	2.086300	nan	0.000000
-0.659400	2.137700	nan	0.000000
-0.659400	2.189100	nan	0.000000
-0.659400	2.240500	nan	0.000000
-0.659400	2.291900	nan	0.000000
-0.659400	2.343300	nan	0.000000
-0.659400	2.394700	nan	0.000000
-0.659400	2.446100	nan	0.000000
-0.659400	2.497500	nan	0.000000
-0.659400	2.548900	nan	0.000000
-0.659400	2.600300	nan	0.000000
-0.659400	2.651700	nan	0.000000
-0.659400	2.703100	nan	0.000000
-0.659400	2.754500	nan	0.000000
-0.659400	2.805900	nan	0.000000
-0.659400	2.857300	nan	0.000000
-0.659400	2.908700	nan	0.000000
-0.659400	2.960100	nan	0.000000
-0.659400	3.011500	nan	0.000000
-0.659400	3.062900	nan	0.000000
-0.659400	3.114300	nan	0.000000
-0.659400	3.165700	nan	0.000000

-0.596600	-2.025700	nan	0.000000
-0.596600	-1.974300	nan	0.000000
-0.596600	-1.922900	nan	0.000000
-0.596600	-1.871500	nan	0.000000
-0.596600	-1.820100	nan	0.000000
-0.596600	-1.768700	nan	0.000000
-0.596600	-1.717300	nan	0.000000
-0.596600	-1.665900	nan	0.000000
-0.596600	-1.614500	nan	0.000000
-0.596600	-1.563100	nan	0.000000
-0.596600	-1.511700	37.764523	0.000000
-0.596600	-1.460300	38.422053	0.000000
-0.596600	-1.408900	36.216947	0.000000
-0.596600	-1.357500	34.660815	0.000000
-0.596600	-1.306100	33.808245	0.000000
-0.596600	-1.254700	32.976677	0.000000
-0.596600	-1.203300	31.876377	0.000000
-0.596600	-1.151900	31.045933	0.000000
-0.596600	-1.100500	30.303298	0.000000
-0.596600	-1.049100	29.768856	0.000000
-0.596600	-0.997700	29.280125	0.000000
-0.596600	-0.946300	29.016184	0.000000
-0.596600	-0.894900	28.895184	0.000000
-0.596600	-0.843500	28.891193	0.000000
-0.596600	-0.792100	29.088841	0.000000
-0.596600	-0.740700	29.298867	0.000000
-0.596600	-0.689300	29.746409	0.000000
-0.596600	-0.637900	30.453767	0.000000
-0.596600	-0.586500	30.901646	0.000000
-0.596600	-0.535100	31.411035	0.000000
-0.596600	-0.483700	32.969164	0.000000
-0.596600	-0.432300	34.427045	0.000000
-0.596600	-0.380900	nan	0.000000
-0.596600	-0.329500	nan	0.000000
-0.596600	-0.278100	nan	0.000000
-0.596600	-0.226700	nan	0.000000
-0.596600	-0.175300	nan	0.000000
-0.596600	-0.123900	nan	0.000000
-0.596600	-0.072500	nan	0.000000
-0.596600	-0.021100	nan	0.000000
-0.596600	0.030300	nan	0.000000
-0.596600	0.081700	nan	0.000000
-0.596600	0.133100	nan	0.000000
-0.596600	0.184500	nan	0.000000
-0.596600	0.235900	nan	0.000000
-0.596600	0.287300	nan	0.000000
-0.596600	0.338700	nan	0.000000
-0.596600	0.390100	nan	0.000000
-0.596600	0.441500	nan	0.000000
-0.596600	0.492900	nan	0.000000
-0.596600	0.544300	nan	0.000000
-0.596600	0.595700	nan	0.000000
-0.596600	0.647100	nan	0.000000
-0.596600	0.698500	nan	0.000000
-0.596600	0.749900	nan	0.000000
-0.596600	0.801300	nan	0.000000
-0.596600	0.852700	nan	0.000000
-0.596600	0.904100	nan	0.000000
-0.596600	0.955500	nan	0.000000
-0.596600	1.006900	nan	0.000000
-0.596600	1.058300	nan	0.000000
-0.596600	1.109700	nan	0.000000
-0.596600	1.161100	nan	0.000000
-0.596600	1.212500	nan	0.000000
-0.596600	1.263900	nan	0.000000
-0.596600	1.315300	nan	0.000000
-0.596600	1.366700	nan	0.000000
-0.596600	1.418100	nan	0.000000
-0.596600	1.469500	nan	0.000000
-0.596600	1.520900	nan	0.000000
-0.596600	1.572300	nan	0.000000
-0.596600	1.623700	nan	0.000000
-0.596600	1.675100	nan	0.000000
-0.596600	1.726500	nan	0.000000
-0.596600	1.777900	nan	0.000000
-0.596600	1.829300	nan	0.000000
-0.596600	1.880700	nan	0.000000
-0.596600	1.932100	nan	0.000000
-0.596600	1.983500	nan	0.000000
-0.596600	2.034900	nan	0.000000
-0.596600	2.086300	nan	0.000000
-0.596600	2.137700	nan	0.000000
-0.596600	2.189100	nan	0.000000
-0.596600	2.240500	nan	0.000000
-0.596600	2.291900	nan	0.000000
-0.596600	2.343300	nan	0.000000
-0.596600	2.394700	nan	0.000000
-0.596600	2.446100	nan	0.000000
-0.596600	2.497500	nan	0.000000
-0.596600	2.548900	nan	0.000000
-0.596600	2.600300	nan	0.000000
-0.596600	2.651700	nan	0.000000
-0.596600	2.703100	nan	0.000000
-0.596600	2.754500	nan	0.000000
-0.596600	2.805900	nan	0.000000
-0.596600	2.857300	nan	0.000000
-0.596600	2.908700	nan	0.000000
-0.596600	2.960100	nan	0.000000
-0.596600	3.011500	nan	0.000000
-0.596600	3.062900	nan	0.000000
-0.596600	3.114300	nan	0.000000
-0.596600	3.165700	nan	0.000000

-0.533800	-2.025700	nan	0.000000
-0.533800	-1.974300	nan	0.000000
-0.533800	-1.922900	nan	0.000000
-0.533800	-1.871500	nan	0.000000
-0.533800	-1.820100	nan	0.000000
-0.533800	-1.768700	nan	0.000000
-0.533800	-1.717300	nan	0.000000
-0.533800	-1.665900	nan	0.000000
-0.533800	-1.614500	nan	0.000000
-0.533800	-1.563100	nan	0.000000
-0.533800	-1.511700	39.259997	0.000000
-0.533800	-1.460300	38.552396	0.000000
-0.533800	-1.408900	36.989452	0.000000
-0.533800	-1.357500	35.790266	0.000000
-0.533800	-1.306100	34.809676	0.000000
-0.533800	-1.254700	33.694835	0.000000
-0.533800	-1.203300	32.657564	0.000000
-0.533800	-1.151900	31.918000	0.000000
-0.533800	-1.100500	31.317463	0.000000
-0.533800	-1.049100	30.847457	0.000000
-0.533800	-0.997700	30.496220	0.000000
-0.533800	-0.946300	30.322747	0.000000
-0.533800	-0.894900	30.247180	0.000000
-0.533800	-0.843500	30.346108	0.000000
-0.533800	-0.792100	30.626162	0.000000
-0.533800	-0.740700	30.992351	0.000000
-0.533800	-0.689300	31.517771	0.000000
-0.533800	-0.637900	32.382461	0.000000
-0.533800	-0.586500	32.457004	0.000000
-0.533800	-0.535100	33.860649	0.000000
-0.533800	-0.483700	34.285737	0.000000
-0.533800	-0.432300	32.790948	0.000000
-0.533800	-0.380900	nan	0.000000
-0.533800	-0.329500	nan	0.000000
-0.533800	-0.278100	nan	0.000000
-0.533800	-0.226700	nan	0.000000
-0.533800	-0.175300	nan	0.000000
-0.533800	-0.123900	nan	0.000000
-0.533800	-0.072500	nan	0.000000
-0.533800	-0.021100	nan	0.000000
-0.533800	0.030300	nan	0.000000
-0.533800	0.081700	nan	0.000000
-0.533800	0.133100	nan	0.000000
-0.533800	0.184500	nan	0.000000
-0.533800	0.235900	nan	0.000000
-0.533800	0.287300	nan	0.000000
-0.533800	0.338700	nan	0.000000
-0.533800	0.390100	nan	0.000000
-0.533800	0.441500	nan	0.000000
-0.533800	0.492900	nan	0.000000
-0.533800	0.544300	nan	0.000000
-0.533800	0.595700	nan	0.000000
-0.533800	0.647100	nan	0.000000
-0.533800	0.698500	nan	0.000000
-0.533800	0.749900	nan	0.000000
-0.533800	0.801300	nan	0.000000
-0.533800	0.852700	nan	0.000000
-0.533800	0.904100	nan	0.000000
-0.533800	0.955500	nan	0.000000
-0.533800	1.006900	nan	0.000000
-0.533800	1.058300	nan	0.000000
-0.533800	1.109700	nan	0.000000
-0.533800	1.161100	nan	0.000000
-0.533800	1.212500	nan	0.000000
-0.533800	1.263900	nan	0.000000
-0.533800	1.315300	nan	0.000000
-0.533800	1.366700	nan	0.000000
-0.533800	1.418100	nan	0.000000
-0.533800	1.469500	nan	0.000000
-0.533800	1.520900	nan	0.000000
-0.533800	1.572300	nan	0.000000
-0.533800	1.623700	nan	0.000000
-0.533800	1.675100	nan	0.000000
-0.533800	1.726500	nan	0.000000
-0.533800	1.777900	nan	0.000000
-0.533800	1.829300	nan	0.000000
-0.533800	1.880700	nan	0.000000
-0.533800	1.932100	nan	0.000000
-0.533800	1.983500	nan	0.000000
-0.533800	2.034900	nan	0.000000
-0.533800	2.086300	nan	0.000000
-0.533800	2.137700	nan	0.000000
-0.533800	2.189100	nan	0.000000
-0.533800	2.240500	nan	0.000000
-0.533800	2.291900	nan	0.000000
-0.533800	2.343300	nan	0.000000
-0.533800	2.394700	nan	0.000000
-0.533800	2.446100	nan	0.000000
-0.533800	2.497500	nan	0.000000
-0.533800	2.548900	nan	0.000000
-0.533800	2.600300	nan	0.000000
-0.533800	2.651700	nan	0.000000
-0.533800	2.703100	nan	0.000000
-0.533800	2.754500	nan	0.000000
-0.533800	2.805900	nan	0.000000
-0.533800	2.857300	nan	0.000000
-0.533800	2.908700	nan	0.000000
-0.533800	2.960100	nan	0.000000
-0.533800	3.011500	nan	0.000000
-0.533800	3.062900	nan	0.000000
-0.533800	3.114300	nan	0.000000
-0.533800	3.165700	nan	0.000000

-0.471000	-2.025700	nan	0.000000
-0.471000	-1.974300	nan	0.000000
-0.471000	-1.922900	nan	0.000000
-0.471000	-1.871500	nan	0.000000
-0.471000	-1.820100	nan	0.000000
-0.471000	-1.768700	nan	0.000000
-0.471000	-1.717300	nan	0.000000
-0.471000	-1.665900	nan	0.000000
-0.471000	-1.614500	nan	0.000000
-0.471000	-1.563100	nan	0.000000
-0.471000	-1.511700	40.629997	0.000000
-0.471000	-1.460300	38.586127	0.000000
-0.471000	-1.408900	37.638490	0.000000
-0.471000	-1.357500	36.304924	0.000000
-0.471000	-1.306100	35.553485	0.000000
-0.471000	-1.254700	34.436771	0.000000
-0.471000	-1.203300	33.490351	0.000000
-0.471000	-1.151900	32.799761	0.000000
-0.471000	-1.100500	32.302331	0.000000
-0.471000	-1.049100	31.889330	0.000000
-0.471000	-0.997700	31.618806	0.000000
-0.471000	-0.946300	31.591550	0.000000
-0.471000	-0.894900	31.662345	0.000000
-0.471000	-0.843500	31.899820	0.000000
-0.471000	-0.792100	32.278773	0.000000
-0.471000	-0.740700	32.787758	0.000000
-0.471000	-0.689300	33.658385	0.000000
-0.471000	-0.637900	33.812436	0.000000
-0.471000	-0.586500	34.934471	0.000000
-0.471000	-0.535100	36.899114	0.000000
-0.471000	-0.483700	37.612523	0.000000
-0.471000	-0.432300	nan	0.000000
-0.471000	-0.380900	nan	0.000000
-0.471000	-0.329500	nan	0.000000
-0.471000	-0.278100	nan	0.000000
-0.471000	-0.226700	nan	0.000000
-0.471000	-0.175300	nan	0.000000
-0.471000	-0.123900	nan	0.000000
-0.471000	-0.072500	nan	0.000000
-0.471000	-0.021100	nan	0.000000
-0.471000	0.030300	nan	0.000000
-0.471000	0.081700	nan	0.000000
-0.471000	0.133100	nan	0.000000
-0.471000	0.184500	nan	0.000000
-0.471000	0.235900	nan	0.000000
-0.471000	0.287300	nan	0.000000
-0.471000	0.338700	nan	0.000000
-0.471000	0.390100	nan	0.000000
-0.471000	0.441500	nan	0.000000
-0.471000	0.492900	nan	0.000000
-0.471000	0.544300	nan	0.000000
-0.471000	0.595700	nan	0.000000
-0.471000	0.647100	nan	0.000000
-0.471000	0.698500	nan	0.000000
-0.471000	0.749900	nan	0.000000
-0.471000	0.801300	nan	0.000000
-0.471000	0.852700	nan	0.000000
-0.471000	0.904100	nan	0.000000
-0.471000	0.955500	nan	0.000000
-0.471000	1.006900	nan	0.000000
-0.471000	1.058300	nan	0.000000
-0.471000	1.109700	nan	0.000000
-0.471000	1.161100	nan	0.000000
-0.471000	1.212500	nan	0.000000
-0.471000	1.263900	nan	0.000000
-0.471000	1.315300	nan	0.000000
-0.471000	1.366700	nan	0.000000
-0.471000	1.418100	nan	0.000000
-0.471000	1.469500	nan	0.000000
-0.471000	1.520900	nan	0.000000
-0.471000	1.572300	nan	0.000000
-0.471000	1.623700	nan	0.000000
-0.471000	1.675100	nan	0.000000
-0.471000	1.726500	nan	0.000000
-0.471000	1.777900	nan	0.000000
-0.471000	1.829300	nan	0.000000
-0.471000	1.880700	nan	0.000000
-0.471000	1.932100	nan	0.000000
-0.471000	1.983500	nan	0.000000
-0.471000	2.034900	nan	0.000000
-0.471000	2.086300	nan	0.000000
-0.471000	2.137700	nan	0.000000
-0.471000	2.189100	nan	0.000000
-0.471000	2.240500	nan	0.000000
-0.471000	2.291900	nan	0.000000
-0.471000	2.343300	nan	0.000000
-0.471000	2.394700	nan	0.000000
-0.471000	2.446100	nan	0.000000
-0.471000	2.497500	nan	0.000000
-0.471000	2.548900	nan	0.000000
-0.471000	2.600300	nan	0.000000
-0.471000	2.651700	nan	0.000000
-0.471000	2.703100	nan	0.000000
-0.471000	2.754500	nan	0.000000
-0.471000	2.805900	nan	0.000000
-0.471000	2.857300	nan	0.000000
-0.471000	2.908700	nan	0.000000
-0.471000	2.960100	nan	0.000000
-0.471000	3.011500	nan	0.000000
-0.471000	3.062900	nan	0.000000
-0.471000	3.114300	nan	0.000000
-0.471000	3.165700	nan	0.000000

-0.408200	-2.025700	nan	0.000000
-0.408200	-1.974300	nan	0.000000
-0.408200	-1.922900	nan	0.000000
-0.408200	-1.871500	nan	0.000000
-0.408200	-1.820100	nan	0.000000
-0.408200	-1.768700	nan	0.000000
-0.408200	-1.717300	nan	0.000000
-0.408200	-1.665900	nan	0.000000
-0.408200	-1.614500	nan	0.000000
-0.408200	-1.563100	nan	0.000000
-0.408200	-1.511700	42.797827	0.000000
-0.408200	-1.460300	39.413020	0.000000
-0.408200	-1.408900	38.030855	0.000000
-0.408200	-1.357500	36.864981	0.000000
-0.408200	-1.306100	35.943140	0.000000
-0.408200	-1.254700	35.102331	0.000000
-0.408200	-1.203300	34.389894	0.000000
-0.408200	-1.151900	33.668159	0.000000
-0.408200	-1.100500	33.211212	0.000000
-0.408200	-1.049100	32.802883	0.000000
-0.408200	-0.997700	32.704062	0.000000
-0.408200	-0.946300	32.819360	0.000000
-0.408200	-0.894900	32.954220	0.000000
-0.408200	-0.843500	33.441224	0.000000
-0.408200	-0.792100	33.784008	0.000000
-0.408200	-0.740700	34.550305	0.000000
-0.408200	-0.689300	35.116900	0.000000
-0.408200	-0.637900	36.201573	0.000000
-0.408200	-0.586500	36.777952	0.000000
-0.408200	-0.535100	38.664116	0.000000
-0.408200	-0.483700	39.628110	0.000000
-0.408200	-0.432300	nan	0.000000
-0.408200	-0.380900	nan	0.000000
-0.408200	-0.329500	nan	0.000000
-0.408200	-0.278100	nan	0.000000
-0.408200	-0.226700	nan	0.000000
-0.408200	-0.175300	nan	0.000000
-0.408200	-0.123900	nan	0.000000
-0.408200	-0.072500	nan	0.000000
-0.408200	-0.021100	nan	0.000000
-0.408200	0.030300	nan	0.000000
-0.408200	0.081700	nan	0.000000
-0.408200	0.133100	nan	0.000000
-0.408200	0.184500	nan	0.000000
-0.408200	0.235900	nan	0.000000
-0.408200	0.287300	nan	0.000000
-0.408200	0.338700	nan	0.000000
-0.408200	0.390100	nan	0.000000
-0.408200	0.441500	nan	0.000000
-0.408200	0.492900	nan	0.000000
-0.408200	0.544300	nan	0.000000
-0.408200	0.595700	nan	0.000000
-0.408200	0.647100	nan	0.000000
-0.408200	0.698500	nan	0.000000
-0.408200	0.749900	nan	0.000000
-0.408200	0.801300	nan	0.000000
-0.408200	0.852700	nan	0.000000
-0.408200	0.904100	nan	0.000000
-0.408200	0.955500	nan	0.000000
-0.408200	1.006900	nan	0.000000
-0.408200	1.058300	nan	0.000000
-0.408200	1.109700	nan	0.000000
-0.408200	1.161100	nan	0.000000
-0.408200	1.212500	nan	0.000000
-0.408200	1.263900	nan	0.000000
-0.408200	1.315300	nan	0.000000
-0.408200	1.366700	nan	0.000000
-0.408200	1.418100	nan	0.000000
-0.408200	1.469500	nan	0.000000
-0.408200	1.520900	nan	0.000000
-0.408200	1.572300	nan	0.000000
-0.408200	1.623700	nan	0.000000
-0.408200	1.675100	nan	0.000000
-0.408200	1.726500	nan	0.000000
-0.408200	1.777900	nan	0.000000
-0.408200	1.829300	nan	0.000000
-0.408200	1.880700	nan	0.000000
-0.408200	1.932100	nan	0.000000
-0.408200	1.983500	nan	0.000000
-0.408200	2.034900	nan	0.000000
-0.408200	2.086300	nan	0.000000
-0.408200	2.137700	nan	0.000000
-0.408200	2.189100	nan	0.000000
-0.408200	2.240500	nan	0.000000
-0.408200	2.291900	nan	0.000000
-0.408200	2.343300	nan	0.000000
-0.408200	2.394700	nan	0.000000
-0.408200	2.446100	nan	0.000000
-0.408200	2.497500	nan	0.000000
-0.408200	2.548900	nan	0.000000
-0.408200	2.600300	nan	0.000000
-0.408200	2.651700	nan	0.000000
-0.408200	2.703100	nan	0.000000
-0.408200	2.754500	nan	0.000000
-0.408200	2.805900	nan	0.000000
-0.408200	2.857300	nan	0.000000
-0.408200	2.908700	nan	0.000000
-0.408200	2.960100	nan	0.000000
-0.408200	3.011500	nan	0.000000
-0.408200	3.062900	nan	0.000000
-0.408200	3.114300	nan	0.000000
-0.408200	3.165700	nan	0.000000

-0.345400	-2.025700	nan	0.000000
-0.345400	-1.974300	nan	0.000000
-0.345400	-1.922900	nan	0.000000
-0.345400	-1.871500	nan	0.000000
-0.345400	-1.820100	nan	0.000000
-0.345400	-1.768700	nan	0.000000
-0.345400	-1.717300	nan	0.000000
-0.345400	-1.665900	nan	0.000000
-0.345400	-1.614500	nan	0.000000
-0.345400	-1.563100	nan	0.000000
-0.345400	-1.511700	43.014571	0.000000
-0.345400	-1.460300	39.556264	0.000000
-0.345400	-1.408900	38.512665	0.000000
-0.345400	-1.357500	37.247012	0.000000
-0.345400	-1.306100	36.429230	0.000000
-0.345400	-1.254700	35.539297	0.000000
-0.345400	-1.203300	34.916882	0.000000
-0.345400	-1.151900	34.356625	0.000000
-0.345400	-1.100500	34.005169	0.000000
-0.345400	-1.049100	33.869046	0.000000
-0.345400	-0.997700	33.856042	0.000000
-0.345400	-0.946300	34.021940	0.000000
-0.345400	-0.894900	34.351820	0.000000
-0.345400	-0.843500	34.882383	0.000000
-0.345400	-0.792100	35.381860	0.000000
-0.345400	-0.740700	36.246293	0.000000
-0.345400	-0.689300	36.953345	0.000000
-0.345400	-0.637900	37.999023	0.000000
-0.345400	-0.586500	38.106455	0.000000
-0.345400	-0.535100	39.733876	0.000000
-0.345400	-0.483700	40.002685	0.000000
-0.345400	-0.432300	nan	0.000000
-0.345400	-0.380900	nan	0.000000
-0.345400	-0.329500	nan	0.000000
-0.345400	-0.278100	nan	0.000000
-0.345400	-0.226700	nan	0.000000
-0.345400	-0.175300	nan	0.000000
-0.345400	-0.123900	nan	0.000000
-0.345400	-0.072500	nan	0.000000
-0.345400	-0.021100	nan	0.000000
-0.345400	0.030300	nan	0.000000
-0.345400	0.081700	nan	0.000000
-0.345400	0.133100	nan	0.000000
-0.345400	0.184500	nan	0.000000
-0.345400	0.235900	nan	0.000000
-0.345400	0.287300	nan	0.000000
-0.345400	0.338700	nan	0.000000
-0.345400	0.390100	nan	0.000000
-0.345400	0.441500	nan	0.000000
-0.345400	0.492900	nan	0.000000
-0.345400	0.544300	nan	0.000000
-0.345400	0.595700	nan	0.000000
-0.345400	0.647100	nan	0.000000
-0.345400	0.698500	nan	0.000000
-0.345400	0.749900	nan	0.000000
-0.345400	0.801300	nan	0.000000
-0.345400	0.852700	nan	0.000000
-0.345400	0.904100	nan	0.000000
-0.345400	0.955500	nan	0.000000
-0.345400	1.006900	nan	0.000000
-0.345400	1.058300	nan	0.000000
-0.345400	1.109700	nan	0.000000
-0.345400	1.161100	nan	0.000000
-0.345400	1.212500	nan	0.000000
-0.345400	1.263900	nan	0.000000
-0.345400	1.315300	nan	0.000000
-0.345400	1.366700	nan	0.000000
-0.345400	1.418100	nan	0.000000
-0.345400	1.469500	nan	0.000000
-0.345400	1.520900	nan	0.000000
-0.345400	1.572300	nan	0.000000
-0.345400	1.623700	nan	0.000000
-0.345400	1.675100	nan	0.000000
-0.345400	1.726500	nan	0.000000
-0.345400	1.777900	nan	0.000000
-0.345400	1.829300	nan	0.000000
-0.345400	1.880700	nan	0.000000
-0.345400	1.932100	nan	0.000000
-0.345400	1.983500	nan	0.000000
-0.345400	2.034900	nan	0.000000
-0.345400	2.086300	nan	0.000000
-0.345400	2.137700	nan	0.000000
-0.345400	2.189100	nan	0.000000
-0.345400	2.240500	nan	0.000000
-0.345400	2.291900	nan	0.000000
-0.345400	2.343300	nan	0.000000
-0.345400	2.394700	nan	0.000000
-0.345400	2.446100	nan	0.000000
-0.345400	2.497500	nan	0.000000
-0.345400	2.548900	nan	0.000000
-0.345400	2.600300	nan	0.000000
-0.345400	2.651700	nan	0.000000
-0.345400	2.703100	nan	0.000000
-0.345400	2.754500	nan	0.000000
-0.345400	2.805900	nan	0.000000
-0.345400	2.857300	nan	0.000000
-0.345400	2.908700	nan	0.000000
-0.345400	2.960100	nan	0.000000
-0.345400	3.011500	nan	0.000000
-0.345400	3.062900	nan	0.000000
-0.345400	3.114300	nan	0.000000
-0.345400	3.165700	nan	0.000000

-0.282600	-2.025700	nan	0.000000
-0.282600	-1.974300	nan	0.000000
-0.282600	-1.922900	nan	0.000000
-0.282600	-1.871500	nan	0.000000
-0.282600	-1.820100	nan	0.000000
-0.282600	-1.768700	nan	0.000000
-0.282600	-1.717300	nan	0.000000
-0.282600	-1.665900	nan	0.000000
-0.282600	-1.614500	42.597750	0.000000
-0.282600	-1.563100	41.013750	0.000000
-0.282600	-1.511700	40.534110	0.000000
-0.282600	-1.460300	39.691719	0.000000
-0.282600	-1.408900	38.678989	0.000000
-0.282600	-1.357500	37.535905	0.000000
-0.282600	-1.306100	36.755122	0.000000
-0.282600	-1.254700	36.000414	0.000000
-0.282600	-1.203300	35.363707	0.000000
-0.282600	-1.151900	35.082343	0.000000
-0.282600	-1.100500	34.760680	0.000000
-0.282600	-1.049100	34.738684	0.000000
-0.282600	-0.997700	34.829318	0.000000
-0.282600	-0.946300	35.164646	0.000000
-0.282600	-0.894900	35.694901	0.000000
-0.282600	-0.843500	36.225815	0.000000
-0.282600	-0.792100	36.919357	0.000000
-0.282600	-0.740700	37.794427	0.000000
-0.282600	-0.689300	38.983088	0.000000
-0.282600	-0.637900	39.351740	0.000000
-0.282600	-0.586500	40.542491	0.000000
-0.282600	-0.535100	40.974652	0.000000
-0.282600	-0.483700	nan	0.000000
-0.282600	-0.432300	nan	0.000000
-0.282600	-0.380900	nan	0.000000
-0.282600	-0.329500	nan	0.000000
-0.282600	-0.278100	nan	0.000000
-0.282600	-0.226700	nan	0.000000
-0.282600	-0.175300	nan	0.000000
-0.282600	-0.123900	nan	0.000000
-0.282600	-0.072500	nan	0.000000
-0.282600	-0.021100	nan	0.000000
-0.282600	0.030300	nan	0.000000
-0.282600	0.081700	nan	0.000000
-0.282600	0.133100	nan	0.000000
-0.282600	0.184500	nan	0.000000
-0.282600	0.235900	nan	0.000000
-0.282600	0.287300	nan	0.000000
-0.282600	0.338700	nan	0.000000
-0.282600	0.390100	nan	0.000000
-0.282600	0.441500	nan	0.000000
-0.282600	0.492900	nan	0.000000
-0.282600	0.544300	nan	0.000000
-0.282600	0.595700	nan	0.000000
-0.282600	0.647100	nan	0.000000
-0.282600	0.698500	nan	0.000000
-0.282600	0.749900	nan	0.000000
-0.282600	0.801300	nan	0.000000
-0.282600	0.852700	nan	0.000000
-0.282600	0.904100	nan	0.000000
-0.282600	0.955500	nan	0.000000
-0.282600	1.006900	nan	0.000000
-0.282600	1.058300	nan	0.000000
-0.282600	1.109700	nan	0.000000
-0.282600	1.161100	nan	0.000000
-0.282600	1.212500	nan	0.000000
-0.282600	1.263900	nan	0.000000
-0.282600	1.315300	nan	0.000000
-0.282600	1.366700	nan	0.000000
-0.282600	1.418100	nan	0.000000
-0.282600	1.469500	nan	0.000000
-0.282600	1.520900	nan	0.000000
-0.282600	1.572300	nan	0.000000
-0.282600	1.623700	nan	0.000000
-0.282600	1.675100	nan	0.000000
-0.282600	1.726500	nan	0.000000
-0.282600	1.777900	nan	0.000000
-0.282600	1.829300	nan	0.000000
-0.282600	1.880700	nan	0.000000
-0.282600	1.932100	nan	0.000000
-0.282600	1.983500	nan	0.000000
-0.282600	2.034900	nan	0.000000
-0.282600	2.086300	nan	0.000000
-0.282600	2.137700	nan	0.000000
-0.282600	2.189100	nan	0.000000
-0.282600	2.240500	nan	0.000000
-0.282600	2.291900	nan	0.000000
-0.282600	2.343300	nan	0.000000
-0.282600	2.394700	nan	0.000000
-0.282600	2.446100	nan	0.000000
-0.282600	2.497500	nan	0.000000
-0.282600	2.548900	nan	0.000000
-0.282600	2.600300	nan	0.000000
-0.282600	2.651700	nan	0.000000
-0.282600	2.703100	nan	0.000000
-0.282600	2.754500	nan	0.000000
-0.282600	2.805900	nan	0.000000
-0.282600	2.857300	nan	0.000000
-0.282600	2.908700	nan	0.000000
-0.282600	2.960100	nan	0.000000
-0.282600	3.011500	nan	0.000000
-0.282600	3.062900	nan	0.000000
-0.282600	3.114300	nan	0.000000
-0.282600	3.165700	nan	0.000000

-0.219800	-2.025700	nan	0.000000
-0.219800	-1.974300	nan	0.000000
-0.219800	-1.922900	nan	0.000000
-0.219800	-1.871500	nan	0.000000
-0.219800	-1.820100	nan	0.000000
-0.219800	-1.768700	nan	0.000000
-0.219800	-1.717300	38.795357	0.000000
-0.219800	-1.665900	nan	0.000000
-0.219800	-1.614500	43.487463	0.000000
-0.219800	-1.563100	43.953561	0.000000
-0.219800	-1.511700	40.939386	0.000000
-0.219800	-1.460300	39.821121	0.000000
-0.219800	-1.408900	38.520415	0.000000
-0.219800	-1.357500	37.843149	0.000000
-0.219800	-1.306100	36.870935	0.000000
-0.219800	-1.254700	36.429000	0.000000
-0.219800	-1.203300	35.951649	0.000000
-0.219800	-1.151900	35.559686	0.000000
-0.219800	-1.100500	35.510215	0.000000
-0.219800	-1.049100	35.635260	0.000000
-0.219800	-0.997700	35.863168	0.000000
-0.219800	-0.946300	36.283457	0.000000
-0.219800	-0.894900	36.794395	0.000000
-0.219800	-0.843500	37.581087	0.000000
-0.219800	-0.792100	38.342773	0.000000
-0.219800	-0.740700	39.725291	0.000000
-0.219800	-0.689300	40.450282	0.000000
-0.219800	-0.637900	40.775511	0.000000
-0.219800	-0.586500	44.857580	0.000000
-0.219800	-0.535100	nan	0.000000
-0.219800	-0.483700	nan	0.000000
-0.219800	-0.432300	nan	0.000000
-0.219800	-0.380900	nan	0.000000
-0.219800	-0.329500	nan	0.000000
-0.219800	-0.278100	nan	0.000000
-0.219800	-0.226700	nan	0.000000
-0.219800	-0.175300	nan	0.000000
-0.219800	-0.123900	nan	0.000000
-0.219800	-0.072500	nan	0.000000
-0.219800	-0.021100	nan	0.000000
-0.219800	0.030300	nan	0.000000
-0.219800	0.081700	nan	0.000000
-0.219800	0.133100	nan	0.000000
-0.219800	0.184500	nan	0.000000
-0.219800	0.235900	nan	0.000000
-0.219800	0.287300	nan	0.000000
-0.219800	0.338700	nan	0.000000
-0.219800	0.390100	nan	0.000000
-0.219800	0.441500	nan	0.000000
-0.219800	0.492900	nan	0.000000
-0.219800	0.544300	nan	0.000000
-0.219800	0.595700	nan	0.000000
-0.219800	0.647100	nan	0.000000
-0.219800	0.698500	nan	0.000000
-0.219800	0.749900	nan	0.000000
-0.219800	0.801300	nan	0.000000
-0.219800	0.852700	nan	0.000000
-0.219800	0.904100	nan	0.000000
-0.219800	0.955500	nan	0.000000
-0.219800	1.006900	nan	0.000000
-0.219800	1.058300	nan	0.000000
-0.219800	1.109700	nan	0.000000
-0.219800	1.161100	nan	0.000000
-0.219800	1.212500	nan	0.000000
-0.219800	1.263900	nan	0.000000
-0.219800	1.315300	nan	0.000000
-0.219800	1.366700	nan	0.000000
-0.219800	1.418100	nan	0.000000
-0.219800	1.469500	nan	0.000000
-0.219800	1.520900	nan	0.000000
-0.219800	1.572300	nan	0.000000
-0.219800	1.623700	nan	0.000000
-0.219800	1.675100	nan	0.000000
-0.219800	1.726500	nan	0.000000
-0.219800	1.777900	nan	0.000000
-0.219800	1.829300	nan	0.000000
-0.219800	1.880700	nan	0.000000
-0.219800	1.932100	nan	0.000000
-0.219800	1.983500	nan	0.000000
-0.219800	2.034900	nan	0.000000
-0.219800	2.086300	nan	0.000000
-0.219800	2.137700	nan	0.000000
-0.219800	2.189100	nan	0.000000
-0.219800	2.240500	nan	0.000000
-0.219800	2.291900	nan	0.000000
-0.219800	2.343300	nan	0.000000
-0.219800	2.394700	nan	0.000000
-0.219800	2.446100	nan	0.000000
-0.219800	2.497500	nan	0.000000
-0.219800	2.548900	nan	0.000000
-0.219800	2.600300	nan	0.000000
-0.219800	2.651700	nan	0.000000
-0.219800	2.703100	nan	0.000000
-0.219800	2.754500	nan	0.000000
-0.219800	2.805900	nan	0.000000
-0.219800	2.857300	nan	0.000000
-0.219800	2.908700	nan	0.000000
-0.219800	2.960100	nan	0.000000
-0.219800	3.011500	nan	0.000000
-0.219800	3.062900	nan	0.000000
-0.219800	3.114300	nan	0.000000
-0.219800	3.165700	nan	0.000000

-0.157000	-2.025700	nan	0.000000
-0.157000	-1.974300	nan	0.000000
-0.157000	-1.922900	nan	0.000000
-0.157000	-1.871500	nan	0.000000
-0.157000	-1.820100	nan	0.000000
-0.157000	-1.768700	nan	0.000000
-0.157000	-1.717300	nan	0.000000
-0.157000	-1.665900	nan	0.000000
-0.157000	-1.614500	44.173320	0.000000
-0.157000	-1.563100	42.550564	0.000000
-0.157000	-1.511700	40.718914	0.000000
-0.157000	-1.460300	39.631956	0.000000
-0.157000	-1.408900	38.651281	0.000000
-0.157000	-1.357500	37.784687	0.000000
-0.157000	-1.306100	37.062077	0.000000
-0.157000	-1.254700	36.561848	0.000000
-0.157000	-1.203300	36.233942	0.000000
-0.157000	-1.151900	36.090761	0.000000
-0.157000	-1.100500	36.203228	0.000000
-0.157000	-1.049100	36.411427	0.000000
-0.157000	-0.997700	36.800554	0.000000
-0.157000	-0.946300	37.402444	0.000000
-0.157000	-0.894900	38.096815	0.000000
-0.157000	-0.843500	38.918850	0.000000
-0.157000	-0.792100	39.815435	0.000000
-0.157000	-0.740700	40.400973	0.000000
-0.157000	-0.689300	41.200866	0.000000
-0.157000	-0.637900	42.886025	0.000000
-0.157000	-0.586500	43.448640	0.000000
-0.157000	-0.535100	nan	0.000000
-0.157000	-0.483700	nan	0.000000
-0.157000	-0.432300	nan	0.000000
-0.157000	-0.380900	nan	0.000000
-0.157000	-0.329500	nan	0.000000
-0.157000	-0.278100	nan	0.000000
-0.157000	-0.226700	nan	0.000000
-0.157000	-0.175300	nan	0.000000
-0.157000	-0.123900	nan	0.000000
-0.157000	-0.072500	nan	0.000000
-0.157000	-0.021100	nan	0.000000
-0.157000	0.030300	nan	0.000000
-0.157000	0.081700	nan	0.000000
-0.157000	0.133100	nan	0.000000
-0.157000	0.184500	nan	0.000000
-0.157000	0.235900	nan	0.000000
-0.157000	0.287300	nan	0.000000
-0.157000	0.338700	nan	0.000000
-0.157000	0.390100	nan	0.000000
-0.157000	0.441500	nan	0.000000
-0.157000	0.492900	nan	0.000000
-0.157000	0.544300	nan	0.000000
-0.157000	0.595700	nan	0.000000
-0.157000	0.647100	nan	0.000000
-0.157000	0.698500	nan	0.000000
-0.157000	0.749900	nan	0.000000
-0.157000	0.801300	nan	0.000000
-0.157000	0.852700	nan	0.000000
-0.157000	0.904100	nan	0.000000
-0.157000	0.955500	nan	0.000000
-0.157000	1.006900	nan	0.000000
-0.157000	1.058300	nan	0.000000
-0.157000	1.109700	nan	0.000000
-0.157000	1.161100	nan	0.000000
-0.157000	1.212500	nan	0.000000
-0.157000	1.263900	nan	0.000000
-0.157000	1.315300	nan	0.000000
-0.157000	1.366700	nan	0.000000
-0.157000	1.418100	nan	0.000000
-0.157000	1.469500	nan	0.000000
-0.157000	1.520900	nan	0.000000
-0.157000	1.572300	nan	0.000000
-0.157000	1.623700	nan	0.000000
-0.157000	1.675100	nan	0.000000
-0.157000	1.726500	nan	0.000000
-0.157000	1.777900	nan	0.000000
-0.157000	1.829300	nan	0.000000
-0.157000	1.880700	nan	0.000000
-0.157000	1.932100	nan	0.000000
-0.157000	1.983500	nan	0.000000
-0.157000	2.034900	nan	0.000000
-0.157000	2.086300	nan	0.000000
-0.157000	2.137700	nan	0.000000
-0.157000	2.189100	nan	0.000000
-0.157000	2.240500	nan	0.000000
-0.157000	2.291900	nan	0.000000
-0.157000	2.343300	nan	0.000000
-0.157000	2.394700	nan	0.000000
-0.157000	2.446100	nan	0.000000
-0.157000	2.497500	nan	0.000000
-0.157000	2.548900	nan	0.000000
-0.157000	2.600300	nan	0.000000
-0.157000	2.651700	nan	0.000000
-0.157000	2.703100	nan	0.000000
-0.157000	2.754500	nan	0.000000
-0.157000	2.805900	nan	0.000000
-0.157000	2.857300	nan	0.000000
-0.157000	2.908700	nan	0.000000
-0.157000	2.960100	nan	0.000000
-0.157000	3.011500	nan	0.000000
-0.157000	3.062900	nan	0.000000
-0.157000	3.114300	nan	0.000000
-0.157000	3.165700	nan	0.000000

-0.094200	-2.025700	nan	0.000000
-0.094200	-1.974300	nan	0.000000
-0.094200	-1.922900	nan	0.000000
-0.094200	-1.871500	nan	0.000000
-0.094200	-1.820100	nan	0.000000
-0.094200	-1.768700	nan	0.000000
-0.094200	-1.717300	nan	0.000000
-0.094200	-1.665900	42.418160	0.000000
-0.094200	-1.614500	44.631584	0.000000
-0.094200	-1.563100	41.932818	0.000000
-0.094200	-1.511700	39.821209	0.000000
-0.094200	-1.460300	38.888629	0.000000
-0.094200	-1.408900	38.353133	0.000000
-0.094200	-1.357500	37.647730	0.000000
-0.094200	-1.306100	37.113512	0.000000
-0.094200	-1.254700	36.669271	0.000000
-0.094200	-1.203300	36.505189	0.000000
-0.094200	-1.151900	36.482241	0.000000
-0.094200	-1.100500	36.648621	0.000000
-0.094200	-1.049100	36.940345	0.000000
-0.094200	-0.997700	37.476048	0.000000
-0.094200	-0.946300	38.207544	0.000000
-0.094200	-0.894900	38.897739	0.000000
-0.094200	-0.843500	39.828274	0.000000
-0.094200	-0.792100	40.401481	0.000000
-0.094200	-0.740700	40.996007	0.000000
-0.094200	-0.689300	42.483269	0.000000
-0.094200	-0.637900	43.367590	0.000000
-0.094200	-0.586500	43.486968	0.000000
-0.094200	-0.535100	nan	0.000000
-0.094200	-0.483700	nan	0.000000
-0.094200	-0.432300	nan	0.000000
-0.094200	-0.380900	nan	0.000000
-0.094200	-0.329500	nan	0.000000
-0.094200	-0.278100	nan	0.000000
-0.094200	-0.226700	nan	0.000000
-0.094200	-0.175300	nan	0.000000
-0.094200	-0.123900	nan	0.000000
-0.094200	-0.072500	nan	0.000000
-0.094200	-0.021100	nan	0.000000
-0.094200	0.030300	nan	0.000000
-0.094200	0.081700	nan	0.000000
-0.094200	0.133100	nan	0.000000
-0.094200	0.184500	nan	0.000000
-0.094200	0.235900	nan	0.000000
-0.094200	0.287300	nan	0.000000
-0.094200	0.338700	nan	0.000000
-0.094200	0.390100	nan	0.000000
-0.094200	0.441500	nan	0.000000
-0.094200	0.492900	nan	0.000000
-0.094200	0.544300	nan	0.000000
-0.094200	0.595700	nan	0.000000
-0.094200	0.647100	nan	0.000000
-0.094200	0.698500	nan	0.000000
-0.094200	0.749900	nan	0.000000
-0.094200	0.801300	nan	0.000000
-0.094200	0.852700	nan	0.000000
-0.094200	0.904100	nan	0.000000
-0.094200	0.955500	nan	0.000000
-0.094200	1.006900	nan	0.000000
-0.094200	1.058300	nan	0.000000
-0.094200	1.109700	nan	0.000000
-0.094200	1.161100	nan	0.000000
-0.094200	1.212500	nan	0.000000
-0.094200	1.263900	nan	0.000000
-0.094200	1.315300	nan	0.000000
-0.094200	1.366700	nan	0.000000
-0.094200	1.418100	nan	0.000000
-0.094200	1.469500	nan	0.000000
-0.094200	1.520900	nan	0.000000
-0.094200	1.572300	nan	0.000000
-0.094200	1.623700	nan	0.000000
-0.094200	1.675100	nan	0.000000
-0.094200	1.726500	nan	0.000000
-0.094200	1.777900	nan	0.000000
-0.094200	1.829300	nan	0.000000
-0.094200	1.880700	nan	0.000000
-0.094200	1.932100	nan	0.000000
-0.094200	1.983500	nan	0.000000
-0.094200	2.034900	nan	0.000000
-0.094200	2.086300	nan	0.000000
-0.094200	2.137700	nan	0.000000
-0.094200	2.189100	nan	0.000000
-0.094200	2.240500	nan	0.000000
-0.094200	2.291900	nan	0.000000
-0.094200	2.343300	nan	0.000000
-0.094200	2.394700	nan	0.000000
-0.094200	2.446100	nan	0.000000
-0.094200	2.497500	nan	0.000000
-0.094200	2.548900	nan	0.000000
-0.094200	2.600300	nan	0.000000
-0.094200	2.651700	nan	0.000000
-0.094200	2.703100	nan	0.000000
-0.094200	2.754500	nan	0.000000
-0.094200	2.805900	nan	0.000000
-0.094200	2.857300	nan	0.000000
-0.094200	2.908700	nan	0.000000
-0.094200	2.960100	nan	0.000000
-0.094200	3.011500	nan	0.000000
-0.094200	3.062900	nan	0.000000
-0.094200	3.114300	nan	0.000000
-0.094200	3.165700	nan	0.000000

-0.031400	-2.025700	nan	0.000000
-0.031400	-1.974300	nan	0.000000
-0.031400	-1.922900	nan	0.000000
-0.031400	-1.871500	nan	0.000000
-0.031400	-1.820100	nan	0.000000
-0.031400	-1.768700	nan	0.000000
-0.031400	-1.717300	nan	0.000000
-0.031400	-1.665900	42.651191	0.000000
-0.031400	-1.614500	40.451989	0.000000
-0.031400	-1.563100	40.720401	0.000000
-0.031400	-1.511700	39.483748	0.000000
-0.031400	-1.460300	38.369902	0.000000
-0.031400	-1.408900	37.903483	0.000000
-0.031400	-1.357500	37.479191	0.000000
-0.031400	-1.306100	37.081430	0.000000
-0.031400	-1.254700	36.676250	0.000000
-0.031400	-1.203300	36.675796	0.000000
-0.031400	-1.151900	36.833817	0.000000
-0.031400	-1.100500	37.115550	0.000000
-0.031400	-1.049100	37.566152	0.000000
-0.031400	-0.997700	38.257408	0.000000
-0.031400	-0.946300	38.834872	0.000000
-0.031400	-0.894900	39.692733	0.000000
-0.031400	-0.843500	40.734880	0.000000
-0.031400	-0.792100	41.330764	0.000000
-0.031400	-0.740700	42.147721	0.000000
-0.031400	-0.689300	42.419909	0.000000
-0.031400	-0.637900	44.435932	0.000000
-0.031400	-0.586500	44.942960	0.000000
-0.031400	-0.535100	42.757840	0.000000
-0.031400	-0.483700	nan	0.000000
-0.031400	-0.432300	nan	0.000000
-0.031400	-0.380900	nan	0.000000
-0.031400	-0.329500	nan	0.000000
-0.031400	-0.278100	nan	0.000000
-0.031400	-0.226700	nan	0.000000
-0.031400	-0.175300	nan	0.000000
-0.031400	-0.123900	nan	0.000000
-0.031400	-0.072500	nan	0.000000
-0.031400	-0.021100	nan	0.000000
-0.031400	0.030300	nan	0.000000
-0.031400	0.081700	nan	0.000000
-0.031400	0.133100	nan	0.000000
-0.031400	0.184500	nan	0.000000
-0.031400	0.235900	nan	0.000000
-0.031400	0.287300	nan	0.000000
-0.031400	0.338700	nan	0.000000
-0.031400	0.390100	nan	0.000000
-0.031400	0.441500	nan	0.000000
-0.031400	0.492900	nan	0.000000
-0.031400	0.544300	nan	0.000000
-0.031400	0.595700	nan	0.000000
-0.031400	0.647100	nan	0.000000
-0.031400	0.698500	nan	0.000000
-0.031400	0.749900	nan	0.000000
-0.031400	0.801300	nan	0.000000
-0.031400	0.852700	nan	0.000000
-0.031400	0.904100	nan	0.000000
-0.031400	0.955500	nan	0.000000
-0.031400	1.006900	nan	0.000000
-0.031400	1.058300	nan	0.000000
-0.031400	1.109700	nan	0.000000
-0.031400	1.161100	nan	0.000000
-0.031400	1.212500	nan	0.000000
-0.031400	1.263900	nan	0.000000
-0.031400	1.315300	nan	0.000000
-0.031400	1.366700	nan	0.000000
-0.031400	1.418100	nan	0.000000
-0.031400	1.469500	nan	0.000000
-0.031400	1.520900	nan	0.000000
-0.031400	1.572300	nan	0.000000
-0.031400	1.623700	nan	0.000000
-0.031400	1.675100	nan	0.000000
-0.031400	1.726500	nan	0.000000
-0.031400	1.777900	nan	0.000000
-0.031400	1.829300	nan	0.000000
-0.031400	1.880700	nan	0.000000
-0.031400	1.932100	nan	0.000000
-0.031400	1.983500	nan	0.000000
-0.031400	2.034900	nan	0.000000
-0.031400	2.086300	nan	0.000000
-0.031400	2.137700	nan	0.000000
-0.031400	2.189100	nan	0.000000
-0.031400	2.240500	nan	0.000000
-0.031400	2.291900	nan	0.000000
-0.031400	2.343300	nan	0.000000
-0.031400	2.394700	nan	0.000000
-0.031400	2.446100	nan	0.000000
-0.031400	2.497500	nan	0.000000
-0.031400	2.548900	nan	0.000000
-0.031400	2.600300	nan	0.000000
-0.031400	2.651700	nan	0.000000
-0.031400	2.703100	nan	0.000000
-0.031400	2.754500	nan	0.000000
-0.031400	2.805900	nan	0.000000
-0.031400	2.857300	nan	0.000000
-0.031400	2.908700	nan	0.000000
-0.031400	2.960100	nan	0.000000
-0.031400	3.011500	nan	0.000000
-0.031400	3.062900	nan	0.000000
-0.031400	3.114300	nan	0.000000
-0.031400	3.165700	nan	0.000000

0.031400	-2.025700	nan	0.000000
0.031400	-1.974300	nan	0.000000
0.031400	-1.922900	nan	0.000000
0.031400	-1.871500	nan	0.000000
0.031400	-1.820100	nan	0.000000
0.031400	-1.768700	nan	0.000000
0.031400	-1.717300	nan	0.000000
0.031400	-1.665900	42.654860	0.000000
0.031400	-1.614500	41.203108	0.000000
0.031400	-1.563100	38.983837	0.000000
0.031400	-1.511700	38.625296	0.000000
0.031400	-1.460300	38.102267	0.000000
0.031400	-1.408900	37.398518	0.000000
0.031400	-1.357500	37.055789	0.000000
0.031400	-1.306100	36.736394	0.000000
0.031400	-1.254700	36.693558	0.000000
0.031400	-1.203300	36.683937	0.000000
0.031400	-1.151900	36.906315	0.000000
0.031400	-1.100500	37.333895	0.000000
0.031400	-1.049100	37.822979	0.000000
0.031400	-0.997700	38.541192	0.000000
0.031400	-0.946300	39.274478	0.000000
0.031400	-0.894900	40.278724	0.000000
0.031400	-0.843500	40.773055	0.000000
0.031400	-0.792100	41.616850	0.000000
0.031400	-0.740700	41.970357	0.000000
0.031400	-0.689300	42.307549	0.000000
0.031400	-0.637900	45.076529	0.000000
0.031400	-0.586500	nan	0.000000
0.031400	-0.535100	nan	0.000000
0.031400	-0.483700	nan	0.000000
0.031400	-0.432300	nan	0.000000
0.031400	-0.380900	nan	0.000000
0.031400	-0.329500	nan	0.000000
0.031400	-0.278100	nan	0.000000
0.031400	-0.226700	nan	0.000000
0.031400	-0.175300	nan	0.000000
0.031400	-0.123900	nan	0.000000
0.031400	-0.072500	nan	0.000000
0.031400	-0.021100	nan	0.000000
0.031400	0.030300	nan	0.000000
0.031400	0.081700	nan	0.000000
0.031400	0.133100	nan	0.000000
0.031400	0.184500	nan	0.000000
0.031400	0.235900	nan	0.000000
0.031400	0.287300	nan	0.000000
0.031400	0.338700	nan	0.000000
0.031400	0.390100	nan	0.000000
0.031400	0.441500	nan	0.000000
0.031400	0.492900	nan	0.000000
0.031400	0.544300	nan	0.000000
0.031400	0.595700	nan	0.000000
0.031400	0.647100	nan	0.000000
0.031400	0.698500	nan	0.000000
0.031400	0.749900	nan	0.000000
0.031400	0.801300	nan	0.000000
0.031400	0.852700	nan	0.000000
0.031400	0.904100	nan	0.000000
0.031400	0.955500	nan	0.000000
0.031400	1.006900	nan	0.000000
0.031400	1.058300	nan	0.000000
0.031400	1.109700	nan	0.000000
0.031400	1.161100	nan	0.000000
0.031400	1.212500	nan	0.000000
0.031400	1.263900	nan	0.000000
0.031400	1.315300	nan	0.000000
0.031400	1.366700	nan	0.000000
0.031400	1.418100	nan	0.000000
0.031400	1.469500	nan	0.000000
0.031400	1.520900	nan	0.000000
0.031400	1.572300	nan	0.000000
0.031400	1.623700	nan	0.000000
0.031400	1.675100	nan	0.000000
0.031400	1.726500	nan	0.000000
0.031400	1.777900	nan	0.000000
0.031400	1.829300	nan	0.000000
0.031400	1.880700	nan	0.000000
0.031400	1.932100	nan	0.000000
0.031400	1.983500	nan	0.000000
0.031400	2.034900	nan	0.000000
0.031400	2.086300	nan	0.000000
0.031400	2.137700	nan	0.000000
0.031400	2.189100	nan	0.000000
0.031400	2.240500	nan	0.000000
0.031400	2.291900	nan	0.000000
0.031400	2.343300	nan	0.000000
0.031400	2.394700	nan	0.000000
0.031400	2.446100	nan	0.000000
0.031400	2.497500	nan	0.000000
0.031400	2.548900	nan	0.000000
0.031400	2.600300	nan	0.000000
0.031400	2.651700	nan	0.000000
0.031400	2.703100	nan	0.000000
0.031400	2.754500	nan	0.000000
0.031400	2.805900	nan	0.000000
0.031400	2.857300	nan	0.000000
0.031400	2.908700	nan	0.000000
0.031400	2.960100	nan	0.000000
0.031400	3.011500	nan	0.000000
0.031400	3.062900	nan	0.000000
0.031400	3.114300	nan	0.000000
0.031400	3.165700	nan	0.000000

0.094200	-2.025700	nan	0.000000
0.094200	-1.974300	nan	0.000000
0.094200	-1.922900	nan	0.000000
0.094200	-1.871500	nan	0.000000
0.094200	-1.820100	nan	0.000000
0.094200	-1.768700	nan	0.000000
0.094200	-1.717300	nan	0.000000
0.094200	-1.665900	nan	0.000000
0.094200	-1.614500	38.822182	0.000000
0.094200	-1.563100	38.819142	0.000000
0.094200	-1.511700	38.016324	0.000000
0.094200	-1.460300	37.498216	0.000000
0.094200	-1.408900	36.908324	0.000000
0.094200	-1.357500	36.596290	0.000000
0.094200	-1.306100	36.442791	0.000000
0.094200	-1.254700	36.424541	0.000000
0.094200	-1.203300	36.599057	0.000000
0.094200	-1.151900	36.901861	0.000000
0.094200	-1.100500	37.377755	0.000000
0.094200	-1.049100	38.011218	0.000000
0.094200	-0.997700	38.814451	0.000000
0.094200	-0.946300	39.451640	0.000000
0.094200	-0.894900	40.197355	0.000000
0.094200	-0.843500	40.673551	0.000000
0.094200	-0.792100	41.912402	0.000000
0.094200	-0.740700	42.269958	0.000000
0.094200	-0.689300	44.821091	0.000000
0.094200	-0.637900	43.669185	0.000000
0.094200	-0.586500	44.142082	0.000000
0.094200	-0.535100	nan	0.000000
0.094200	-0.483700	nan	0.000000
0.094200	-0.432300	nan	0.000000
0.094200	-0.380900	nan	0.000000
0.094200	-0.329500	nan	0.000000
0.094200	-0.278100	nan	0.000000
0.094200	-0.226700	nan	0.000000
0.094200	-0.175300	nan	0.000000
0.094200	-0.123900	nan	0.000000
0.094200	-0.072500	nan	0.000000
0.094200	-0.021100	nan	0.000000
0.094200	0.030300	nan	0.000000
0.094200	0.081700	nan	0.000000
0.094200	0.133100	nan	0.000000
0.094200	0.184500	nan	0.000000
0.094200	0.235900	nan	0.000000
0.094200	0.287300	nan	0.000000
0.094200	0.338700	nan	0.000000
0.094200	0.390100	nan	0.000000
0.094200	0.441500	nan	0.000000
0.094200	0.492900	nan	0.000000
0.094200	0.544300	nan	0.000000
0.094200	0.595700	nan	0.000000
0.094200	0.647100	nan	0.000000
0.094200	0.698500	nan	0.000000
0.094200	0.749900	nan	0.000000
0.094200	0.801300	nan	0.000000
0.094200	0.852700	nan	0.000000
0.094200	0.904100	nan	0.000000
0.094200	0.955500	nan	0.000000
0.094200	1.006900	nan	0.000000
0.094200	1.058300	nan	0.000000
0.094200	1.109700	nan	0.000000
0.094200	1.161100	nan	0.000000
0.094200	1.212500	nan	0.000000
0.094200	1.263900	nan	0.000000
0.094200	1.315300	nan	0.000000
0.094200	1.366700	nan	0.000000
0.094200	1.418100	nan	0.000000
0.094200	1.469500	nan	0.000000
0.094200	1.520900	nan	0.000000
0.094200	1.572300	nan	0.000000
0.094200	1.623700	nan	0.000000
0.094200	1.675100	nan	0.000000
0.094200	1.726500	nan	0.000000
0.094200	1.777900	nan	0.000000
0.094200	1.829300	nan	0.000000
0.094200	1.880700	nan	0.000000
0.094200	1.932100	nan	0.000000
0.094200	1.983500	nan	0.000000
0.094200	2.034900	nan	0.000000
0.094200	2.086300	nan	0.000000
0.094200	2.137700	nan	0.000000
0.094200	2.189100	nan	0.000000
0.094200	2.240500	nan	0.000000
0.094200	2.291900	nan	0.000000
0.094200	2.343300	nan	0.000000
0.094200	2.394700	nan	0.000000
0.094200	2.446100	nan	0.000000
0.094200	2.497500	nan	0.000000
0.094200	2.548900	nan	0.000000
0.094200	2.600300	nan	0.000000
0.094200	2.651700	nan	0.000000
0.094200	2.703100	nan	0.000000
0.094200	2.754500	nan	0.000000
0.094200	2.805900	nan	0.000000
0.094200	2.857300	nan	0.000000
0.094200	2.908700	nan	0.000000
0.094200	2.960100	nan	0.000000
0.094200	3.011500	nan	0.000000
0.094200	3.062900	nan	0.000000
0.094200	3.114300	nan	0.000000
0.094200	3.165700	nan	0.000000

0.157000	-2.025700	nan	0.000000
0.157000	-1.974300	nan	0.000000
0.157000	-1.922900	nan	0.000000
0.157000	-1.871500	nan	0.000000
0.157000	-1.820100	nan	0.000000
0.157000	-1.768700	37.150300	0.000000
0.157000	-1.717300	39.716116	0.000000
0.157000	-1.665900	42.073890	0.000000
0.157000	-1.614500	44.223567	0.000000
0.157000	-1.563100	37.273129	0.000000
0.157000	-1.511700	36.960967	0.000000
0.157000	-1.460300	36.632172	0.000000
0.157000	-1.408900	36.307341	0.000000
0.157000	-1.357500	35.906118	0.000000
0.157000	-1.306100	35.864121	0.000000
0.157000	-1.254700	36.032807	0.000000
0.157000	-1.203300	36.324247	0.000000
0.157000	-1.151900	36.640896	0.000000
0.157000	-1.100500	37.167607	0.000000
0.157000	-1.049100	37.734921	0.000000
0.157000	-0.997700	38.535739	0.000000
0.157000	-0.946300	39.230133	0.000000
0.157000	-0.894900	39.998910	0.000000
0.157000	-0.843500	40.642896	0.000000
0.157000	-0.792100	41.809169	0.000000
0.157000	-0.740700	41.327984	0.000000
0.157000	-0.689300	43.616749	0.000000
0.157000	-0.637900	45.440026	0.000000
0.157000	-0.586500	43.414307	0.000000
0.157000	-0.535100	nan	0.000000
0.157000	-0.483700	nan	0.000000
0.157000	-0.432300	nan	0.000000
0.157000	-0.380900	nan	0.000000
0.157000	-0.329500	nan	0.000000
0.157000	-0.278100	nan	0.000000
0.157000	-0.226700	nan	0.000000
0.157000	-0.175300	nan	0.000000
0.157000	-0.123900	nan	0.000000
0.157000	-0.072500	nan	0.000000
0.157000	-0.021100	nan	0.000000
0.157000	0.030300	nan	0.000000
0.157000	0.081700	nan	0.000000
0.157000	0.133100	nan	0.000000
0.157000	0.184500	nan	0.000000
0.157000	0.235900	nan	0.000000
0.157000	0.287300	nan	0.000000
0.157000	0.338700	nan	0.000000
0.157000	0.390100	nan	0.000000
0.157000	0.441500	nan	0.000000
0.157000	0.492900	nan	0.000000
0.157000	0.544300	nan	0.000000
0.157000	0.595700	nan	0.000000
0.157000	0.647100	nan	0.000000
0.157000	0.698500	nan	0.000000
0.157000	0.749900	nan	0.000000
0.157000	0.801300	nan	0.000000
0.157000	0.852700	nan	0.000000
0.157000	0.904100	nan	0.000000
0.157000	0.955500	nan	0.000000
0.157000	1.006900	nan	0.000000
0.157000	1.058300	nan	0.000000
0.157000	1.109700	nan	0.000000
0.157000	1.161100	nan	0.000000
0.157000	1.212500	nan	0.000000
0.157000	1.263900	nan	0.000000
0.157000	1.315300	nan	0.000000
0.157000	1.366700	nan	0.000000
0.157000	1.418100	nan	0.000000
0.157000	1.469500	nan	0.000000
0.157000	1.520900	nan	0.000000
0.157000	1.572300	nan	0.000000
0.157000	1.623700	nan	0.000000
0.157000	1.675100	nan	0.000000
0.157000	1.726500	nan	0.000000
0.157000	1.777900	nan	0.000000
0.157000	1.829300	nan	0.000000
0.157000	1.880700	nan	0.000000
0.157000	1.932100	nan	0.000000
0.157000	1.983500	nan	0.000000
0.157000	2.034900	nan	0.000000
0.157000	2.086300	nan	0.000000
0.157000	2.137700	nan	0.000000
0.157000	2.189100	nan	0.000000
0.157000	2.240500	nan	0.000000
0.157000	2.291900	nan	0.000000
0.157000	2.343300	nan	0.000000
0.157000	2.394700	nan	0.000000
0.157000	2.446100	nan	0.000000
0.157000	2.497500	nan	0.000000
0.157000	2.548900	nan	0.000000
0.157000	2.600300	nan	0.000000
0.157000	2.651700	nan	0.000000
0.157000	2.703100	nan	0.000000
0.157000	2.754500	nan	0.000000
0.157000	2.805900	nan	0.000000
0.157000	2.857300	nan	0.000000
0.157000	2.908700	nan	0.000000
0.157000	2.960100	nan	0.000000
0.157000	3.011500	nan	0.000000
0.157000	3.062900	nan	0.000000
0.157000	3.114300	nan	0.000000
0.157000	3.165700	nan	0.000000

0.219800	-2.025700	nan	0.000000
0.219800	-1.974300	nan	0.000000
0.219800	-1.922900	nan	0.000000
0.219800	-1.871500	nan	0.000000
0.219800	-1.820100	nan	0.000000
0.219800	-1.768700	nan	0.000000
0.219800	-1.717300	39.218251	0.000000
0.219800	-1.665900	41.550998	0.000000
0.219800	-1.614500	37.268513	0.000000
0.219800	-1.563100	36.745835	0.000000
0.219800	-1.511700	36.437782	0.000000
0.219800	-1.460300	35.837441	0.000000
0.219800	-1.408900	35.519805	0.000000
0.219800	-1.357500	35.338665	0.000000
0.219800	-1.306100	35.360824	0.000000
0.219800	-1.254700	35.530656	0.000000
0.219800	-1.203300	35.729597	0.000000
0.219800	-1.151900	36.167593	0.000000
0.219800	-1.100500	36.556208	0.000000
0.219800	-1.049100	37.225820	0.000000
0.219800	-0.997700	37.928338	0.000000
0.219800	-0.946300	38.817707	0.000000
0.219800	-0.894900	39.459753	0.000000
0.219800	-0.843500	40.105556	0.000000
0.219800	-0.792100	40.982786	0.000000
0.219800	-0.740700	41.998119	0.000000
0.219800	-0.689300	42.290812	0.000000
0.219800	-0.637900	44.510595	0.000000
0.219800	-0.586500	nan	0.000000
0.219800	-0.535100	nan	0.000000
0.219800	-0.483700	nan	0.000000
0.219800	-0.432300	nan	0.000000
0.219800	-0.380900	nan	0.000000
0.219800	-0.329500	nan	0.000000
0.219800	-0.278100	nan	0.000000
0.219800	-0.226700	nan	0.000000
0.219800	-0.175300	nan	0.000000
0.219800	-0.123900	nan	0.000000
0.219800	-0.072500	nan	0.000000
0.219800	-0.021100	nan	0.000000
0.219800	0.030300	nan	0.000000
0.219800	0.081700	nan	0.000000
0.219800	0.133100	nan	0.000000
0.219800	0.184500	nan	0.000000
0.219800	0.235900	nan	0.000000
0.219800	0.287300	nan	0.000000
0.219800	0.338700	nan	0.000000
0.219800	0.390100	nan	0.000000
0.219800	0.441500	nan	0.000000
0.219800	0.492900	nan	0.000000
0.219800	0.544300	nan	0.000000
0.219800	0.595700	nan	0.000000
0.219800	0.647100	nan	0.000000
0.219800	0.698500	nan	0.000000
0.219800	0.749900	nan	0.000000
0.219800	0.801300	nan	0.000000
0.219800	0.852700	nan	0.000000
0.219800	0.904100	nan	0.000000
0.219800	0.955500	nan	0.000000
0.219800	1.006900	nan	0.000000
0.219800	1.058300	nan	0.000000
0.219800	1.109700	nan	0.000000
0.219800	1.161100	nan	0.000000
0.219800	1.212500	nan	0.000000
0.219800	1.263900	nan	0.000000
0.219800	1.315300	nan	0.000000
0.219800	1.366700	nan	0.000000
0.219800	1.418100	nan	0.000000
0.219800	1.469500	nan	0.000000
0.219800	1.520900	nan	0.000000
0.219800	1.572300	nan	0.000000
0.219800	1.623700	nan	0.000000
0.219800	1.675100	nan	0.000000
0.219800	1.726500	nan	0.000000
0.219800	1.777900	nan	0.000000
0.219800	1.829300	nan	0.000000
0.219800	1.880700	nan	0.000000
0.219800	1.932100	nan	0.000000
0.219800	1.983500	nan	0.000000
0.219800	2.034900	nan	0.000000
0.219800	2.086300	nan	0.000000
0.219800	2.137700	nan	0.000000
0.219800	2.189100	nan	0.000000
0.219800	2.240500	nan	0.000000
0.219800	2.291900	nan	0.000000
0.219800	2.343300	nan	0.000000
0.219800	2.394700	nan	0.000000
0.219800	2.446100	nan	0.000000
0.219800	2.497500	nan	0.000000
0.219800	2.548900	nan	0.000000
0.219800	2.600300	nan	0.000000
0.219800	2.651700	nan	0.000000
0.219800	2.703100	nan	0.000000
0.219800	2.754500	nan	0.000000
0.219800	2.805900	nan	0.000000
0.219800	2.857300	nan	0.000000
0.219800	2.908700	nan	0.000000
0.219800	2.960100	nan	0.000000
0.219800	3.011500	nan	0.000000
0.219800	3.062900	nan	0.000000
0.219800	3.114300	nan	0.000000
0.219800	3.165700	nan	0.000000

0.282600	-2.025700	nan	0.000000
0.282600	-1.974300	nan	0.000000
0.282600	-1.922900	nan	0.000000
0.282600	-1.871500	nan	0.000000
0.282600	-1.820100	nan	0.000000
0.282600	-1.768700	nan	0.000000
0.282600	-1.717300	36.107292	0.000000
0.282600	-1.665900	38.414518	0.000000
0.282600	-1.614500	35.630056	0.000000
0.282600	-1.563100	35.347173	0.000000
0.282600	-1.511700	35.067472	0.000000
0.282600	-1.460300	34.731015	0.000000
0.282600	-1.408900	34.412569	0.000000
0.282600	-1.357500	34.466298	0.000000
0.282600	-1.306100	34.482628	0.000000
0.282600	-1.254700	34.672488	0.000000
0.282600	-1.203300	35.090062	0.000000
0.282600	-1.151900	35.404120	0.000000
0.282600	-1.100500	35.974463	0.000000
0.282600	-1.049100	36.415100	0.000000
0.282600	-0.997700	37.076938	0.000000
0.282600	-0.946300	37.640799	0.000000
0.282600	-0.894900	38.582034	0.000000
0.282600	-0.843500	39.153437	0.000000
0.282600	-0.792100	39.812347	0.000000
0.282600	-0.740700	40.224267	0.000000
0.282600	-0.689300	40.032377	0.000000
0.282600	-0.637900	43.387970	0.000000
0.282600	-0.586500	nan	0.000000
0.282600	-0.535100	nan	0.000000
0.282600	-0.483700	nan	0.000000
0.282600	-0.432300	nan	0.000000
0.282600	-0.380900	nan	0.000000
0.282600	-0.329500	nan	0.000000
0.282600	-0.278100	nan	0.000000
0.282600	-0.226700	nan	0.000000
0.282600	-0.175300	nan	0.000000
0.282600	-0.123900	nan	0.000000
0.282600	-0.072500	nan	0.000000
0.282600	-0.021100	nan	0.000000
0.282600	0.030300	nan	0.000000
0.282600	0.081700	nan	0.000000
0.282600	0.133100	nan	0.000000
0.282600	0.184500	nan	0.000000
0.282600	0.235900	nan	0.000000
0.282600	0.287300	nan	0.000000
0.282600	0.338700	nan	0.000000
0.282600	0.390100	nan	0.000000
0.282600	0.441500	nan	0.000000
0.282600	0.492900	nan	0.000000
0.282600	0.544300	nan	0.000000
0.282600	0.595700	nan	0.000000
0.282600	0.647100	nan	0.000000
0.282600	0.698500	nan	0.000000
0.282600	0.749900	nan	0.000000
0.282600	0.801300	nan	0.000000
0.282600	0.852700	nan	0.000000
0.282600	0.904100	nan	0.000000
0.282600	0.955500	nan	0.000000
0.282600	1.006900	nan	0.000000
0.282600	1.058300	nan	0.000000
0.282600	1.109700	nan	0.000000
0.282600	1.161100	nan	0.000000
0.282600	1.212500	nan	0.000000
0.282600	1.263900	nan	0.000000
0.282600	1.315300	nan	0.000000
0.282600	1.366700	nan	0.000000
0.282600	1.418100	nan	0.000000
0.282600	1.469500	nan	0.000000
0.282600	1.520900	nan	0.000000
0.282600	1.572300	nan	0.000000
0.282600	1.623700	nan	0.000000
0.282600	1.675100	nan	0.000000
0.282600	1.726500	nan	0.000000
0.282600	1.777900	nan	0.000000
0.282600	1.829300	nan	0.000000
0.282600	1.880700	nan	0.000000
0.282600	1.932100	nan	0.000000
0.282600	1.983500	nan	0.000000
0.282600	2.034900	nan	0.000000
0.282600	2.086300	nan	0.000000
0.282600	2.137700	nan	0.000000
0.282600	2.189100	nan	0.000000
0.282600	2.240500	nan	0.000000
0.282600	2.291900	nan	0.000000
0.282600	2.343300	nan	0.000000
0.282600	2.394700	nan	0.000000
0.282600	2.446100	nan	0.000000
0.282600	2.497500	nan	0.000000
0.282600	2.548900	nan	0.000000
0.282600	2.600300	nan	0.000000
0.282600	2.651700	nan	0.000000
0.282600	2.703100	nan	0.000000
0.282600	2.754500	nan	0.000000
0.282600	2.805900	nan	0.000000
0.282600	2.857300	nan	0.000000
0.282600	2.908700	nan	0.000000
0.282600	2.960100	nan	0.000000
0.282600	3.011500	nan	0.000000
0.282600	3.062900	nan	0.000000
0.282600	3.114300	nan	0.000000
0.282600	3.165700	nan	0.000000

0.345400	-2.025700	nan	0.000000
0.345400	-1.974300	nan	0.000000
0.345400	-1.922900	nan	0.000000
0.345400	-1.871500	nan	0.000000
0.345400	-1.820100	nan	0.000000
0.345400	-1.768700	35.338781	0.000000
0.345400	-1.717300	34.695605	0.000000
0.345400	-1.665900	34.313647	0.000000
0.345400	-1.614500	34.497744	0.000000
0.345400	-1.563100	34.233053	0.000000
0.345400	-1.511700	33.417171	0.000000
0.345400	-1.460300	33.411146	0.000000
0.345400	-1.408900	33.086206	0.000000
0.345400	-1.357500	33.302335	0.000000
0.345400	-1.306100	33.331335	0.000000
0.345400	-1.254700	33.509449	0.000000
0.345400	-1.203300	33.860727	0.000000
0.345400	-1.151900	34.320811	0.000000
0.345400	-1.100500	34.773399	0.000000
0.345400	-1.049100	35.239255	0.000000
0.345400	-0.997700	35.699460	0.000000
0.345400	-0.946300	36.430018	0.000000
0.345400	-0.894900	37.043518	0.000000
0.345400	-0.843500	37.348222	0.000000
0.345400	-0.792100	38.397434	0.000000
0.345400	-0.740700	39.108537	0.000000
0.345400	-0.689300	39.577160	0.000000
0.345400	-0.637900	38.050586	0.000000
0.345400	-0.586500	nan	0.000000
0.345400	-0.535100	nan	0.000000
0.345400	-0.483700	nan	0.000000
0.345400	-0.432300	nan	0.000000
0.345400	-0.380900	nan	0.000000
0.345400	-0.329500	nan	0.000000
0.345400	-0.278100	nan	0.000000
0.345400	-0.226700	nan	0.000000
0.345400	-0.175300	nan	0.000000
0.345400	-0.123900	nan	0.000000
0.345400	-0.072500	nan	0.000000
0.345400	-0.021100	nan	0.000000
0.345400	0.030300	nan	0.000000
0.345400	0.081700	nan	0.000000
0.345400	0.133100	nan	0.000000
0.345400	0.184500	nan	0.000000
0.345400	0.235900	nan	0.000000
0.345400	0.287300	nan	0.000000
0.345400	0.338700	nan	0.000000
0.345400	0.390100	nan	0.000000
0.345400	0.441500	nan	0.000000
0.345400	0.492900	nan	0.000000
0.345400	0.544300	nan	0.000000
0.345400	0.595700	nan	0.000000
0.345400	0.647100	nan	0.000000
0.345400	0.698500	nan	0.000000
0.345400	0.749900	nan	0.000000
0.345400	0.801300	nan	0.000000
0.345400	0.852700	nan	0.000000
0.345400	0.904100	nan	0.000000
0.345400	0.955500	nan	0.000000
0.345400	1.006900	nan	0.000000
0.345400	1.058300	nan	0.000000
0.345400	1.109700	nan	0.000000
0.345400	1.161100	nan	0.000000
0.345400	1.212500	nan	0.000000
0.345400	1.263900	nan	0.000000
0.345400	1.315300	nan	0.000000
0.345400	1.366700	nan	0.000000
0.345400	1.418100	nan	0.000000
0.345400	1.469500	nan	0.000000
0.345400	1.520900	nan	0.000000
0.345400	1.572300	nan	0.000000
0.345400	1.623700	nan	0.000000
0.345400	1.675100	nan	0.000000
0.345400	1.726500	nan	0.000000
0.345400	1.777900	nan	0.000000
0.345400	1.829300	nan	0.000000
0.345400	1.880700	nan	0.000000
0.345400	1.932100	nan	0.000000
0.345400	1.983500	nan	0.000000
0.345400	2.034900	nan	0.000000
0.345400	2.086300	nan	0.000000
0.345400	2.137700	nan	0.000000
0.345400	2.189100	nan	0.000000
0.345400	2.240500	nan	0.000000
0.345400	2.291900	nan	0.000000
0.345400	2.343300	nan	0.000000
0.345400	2.394700	nan	0.000000
0.345400	2.446100	nan	0.000000
0.345400	2.497500	nan	0.000000
0.345400	2.548900	nan	0.000000
0.345400	2.600300	nan	0.000000
0.345400	2.651700	nan	0.000000
0.345400	2.703100	nan	0.000000
0.345400	2.754500	nan	0.000000
0.345400	2.805900	nan	0.000000
0.345400	2.857300	nan	0.000000
0.345400	2.908700	nan	0.000000
0.345400	2.960100	nan	0.000000
0.345400	3.011500	nan	0.000000
0.345400	3.062900	nan	0.000000
0.345400	3.114300	nan	0.000000
0.345400	3.165700	nan	0.000000

0.408200	-2.025700	nan	0.000000
0.408200	-1.974300	nan	0.000000
0.408200	-1.922900	nan	0.000000
0.408200	-1.871500	nan	0.000000
0.408200	-1.820100	31.767672	0.000000
0.408200	-1.768700	nan	0.000000
0.408200	-1.717300	34.434129	0.000000
0.408200	-1.665900	32.295870	0.000000
0.408200	-1.614500	32.480152	0.000000
0.408200	-1.563100	32.512488	0.000000
0.408200	-1.511700	32.284904	0.000000
0.408200	-1.460300	31.997520	0.000000
0.408200	-1.408900	31.804602	0.000000
0.408200	-1.357500	31.885798	0.000000
0.408200	-1.306100	31.983727	0.000000
0.408200	-1.254700	32.150124	0.000000
0.408200	-1.203300	32.529073	0.000000
0.408200	-1.151900	32.842419	0.000000
0.408200	-1.100500	33.284065	0.000000
0.408200	-1.049100	33.783059	0.000000
0.408200	-0.997700	34.223058	0.000000
0.408200	-0.946300	34.866681	0.000000
0.408200	-0.894900	35.373355	0.000000
0.408200	-0.843500	35.996113	0.000000
0.408200	-0.792100	37.152195	0.000000
0.408200	-0.740700	37.738957	0.000000
0.408200	-0.689300	37.613281	0.000000
0.408200	-0.637900	40.681352	0.000000
0.408200	-0.586500	nan	0.000000
0.408200	-0.535100	nan	0.000000
0.408200	-0.483700	nan	0.000000
0.408200	-0.432300	nan	0.000000
0.408200	-0.380900	nan	0.000000
0.408200	-0.329500	nan	0.000000
0.408200	-0.278100	nan	0.000000
0.408200	-0.226700	nan	0.000000
0.408200	-0.175300	nan	0.000000
0.408200	-0.123900	nan	0.000000
0.408200	-0.072500	nan	0.000000
0.408200	-0.021100	nan	0.000000
0.408200	0.030300	nan	0.000000
0.408200	0.081700	nan	0.000000
0.408200	0.133100	nan	0.000000
0.408200	0.184500	nan	0.000000
0.408200	0.235900	nan	0.000000
0.408200	0.287300	nan	0.000000
0.408200	0.338700	nan	0.000000
0.408200	0.390100	nan	0.000000
0.408200	0.441500	nan	0.000000
0.408200	0.492900	nan	0.000000
0.408200	0.544300	nan	0.000000
0.408200	0.595700	nan	0.000000
0.408200	0.647100	nan	0.000000
0.408200	0.698500	nan	0.000000
0.408200	0.749900	nan	0.000000
0.408200	0.801300	nan	0.000000
0.408200	0.852700	nan	0.000000
0.408200	0.904100	nan	0.000000
0.408200	0.955500	nan	0.000000
0.408200	1.006900	nan	0.000000
0.408200	1.058300	nan	0.000000
0.408200	1.109700	nan	0.000000
0.408200	1.161100	nan	0.000000
0.408200	1.212500	nan	0.000000
0.408200	1.263900	nan	0.000000
0.408200	1.315300	nan	0.000000
0.408200	1.366700	nan	0.000000
0.408200	1.418100	nan	0.000000
0.408200	1.469500	nan	0.000000
0.408200	1.520900	nan	0.000000
0.408200	1.572300	nan	0.000000
0.408200	1.623700	nan	0.000000
0.408200	1.675100	nan	0.000000
0.408200	1.726500	nan	0.000000
0.408200	1.777900	nan	0.000000
0.408200	1.829300	nan	0.000000
0.408200	1.880700	nan	0.000000
0.408200	1.932100	nan	0.000000
0.408200	1.983500	nan	0.000000
0.408200	2.034900	nan	0.000000
0.408200	2.086300	nan	0.000000
0.408200	2.137700	nan	0.000000
0.408200	2.189100	nan	0.000000
0.408200	2.240500	nan	0.000000
0.408200	2.291900	nan	0.000000
0.408200	2.343300	nan	0.000000
0.408200	2.394700	nan	0.000000
0.408200	2.446100	nan	0.000000
0.408200	2.497500	nan	0.000000
0.408200	2.548900	nan	0.000000
0.408200	2.600300	nan	0.000000
0.408200	2.651700	nan	0.000000
0.408200	2.703100	nan	0.000000
0.408200	2.754500	nan	0.000000
0.408200	2.805900	nan	0.000000
0.408200	2.857300	nan	0.000000
0.408200	2.908700	nan	0.000000
0.408200	2.960100	nan	0.000000
0.408200	3.011500	nan	0.000000
0.408200	3.062900	nan	0.000000
0.408200	3.114300	nan	0.000000
0.408200	3.165700	nan	0.000000

0.471000	-2.025700	nan	0.000000
0.471000	-1.974300	nan	0.000000
0.471000	-1.922900	nan	0.000000
0.471000	-1.871500	nan	0.000000
0.471000	-1.820100	nan	0.000000
0.471000	-1.768700	31.825676	0.000000
0.471000	-1.717300	32.709240	0.000000
0.471000	-1.665900	32.118515	0.000000
0.471000	-1.614500	30.937740	0.000000
0.471000	-1.563100	30.885906	0.000000
0.471000	-1.511700	30.716017	0.000000
0.471000	-1.460300	30.232954	0.000000
0.471000	-1.408900	30.147271	0.000000
0.471000	-1.357500	30.191074	0.000000
0.471000	-1.306100	30.321490	0.000000
0.471000	-1.254700	30.559578	0.000000
0.471000	-1.203300	30.865130	0.000000
0.471000	-1.151900	31.249055	0.000000
0.471000	-1.100500	31.656601	0.000000
0.471000	-1.049100	32.032390	0.000000
0.471000	-0.997700	32.454692	0.000000
0.471000	-0.946300	33.198568	0.000000
0.471000	-0.894900	33.585993	0.000000
0.471000	-0.843500	34.449674	0.000000
0.471000	-0.792100	34.993504	0.000000
0.471000	-0.740700	36.509519	0.000000
0.471000	-0.689300	35.853821	0.000000
0.471000	-0.637900	37.566978	0.000000
0.471000	-0.586500	nan	0.000000
0.471000	-0.535100	nan	0.000000
0.471000	-0.483700	nan	0.000000
0.471000	-0.432300	nan	0.000000
0.471000	-0.380900	nan	0.000000
0.471000	-0.329500	nan	0.000000
0.471000	-0.278100	nan	0.000000
0.471000	-0.226700	nan	0.000000
0.471000	-0.175300	nan	0.000000
0.471000	-0.123900	nan	0.000000
0.471000	-0.072500	nan	0.000000
0.471000	-0.021100	nan	0.000000
0.471000	0.030300	nan	0.000000
0.471000	0.081700	nan	0.000000
0.471000	0.133100	nan	0.000000
0.471000	0.184500	nan	0.000000
0.471000	0.235900	nan	0.000000
0.471000	0.287300	nan	0.000000
0.471000	0.338700	nan	0.000000
0.471000	0.390100	nan	0.000000
0.471000	0.441500	nan	0.000000
0.471000	0.492900	nan	0.000000
0.471000	0.544300	nan	0.000000
0.471000	0.595700	nan	0.000000
0.471000	0.647100	nan	0.000000
0.471000	0.698500	nan	0.000000
0.471000	0.749900	nan	0.000000
0.471000	0.801300	nan	0.000000
0.471000	0.852700	nan	0.000000
0.471000	0.904100	nan	0.000000
0.471000	0.955500	nan	0.000000
0.471000	1.006900	nan	0.000000
0.471000	1.058300	nan	0.000000
0.471000	1.109700	nan	0.000000
0.471000	1.161100	nan	0.000000
0.471000	1.212500	nan	0.000000
0.471000	1.263900	nan	0.000000
0.471000	1.315300	nan	0.000000
0.471000	1.366700	nan	0.000000
0.471000	1.418100	nan	0.000000
0.471000	1.469500	nan	0.000000
0.471000	1.520900	nan	0.000000
0.471000	1.572300	nan	0.000000
0.471000	1.623700	nan	0.000000
0.471000	1.675100	nan	0.000000
0.471000	1.726500	nan	0.000000
0.471000	1.777900	nan	0.000000
0.471000	1.829300	nan	0.000000
0.471000	1.880700	nan	0.000000
0.471000	1.932100	nan	0.000000
0.471000	1.983500	nan	0.000000
0.471000	2.034900	nan	0.000000
0.471000	2.086300	nan	0.000000
0.471000	2.137700	nan	0.000000
0.471000	2.189100	nan	0.000000
0.471000	2.240500	nan	0.000000
0.471000	2.291900	nan	0.000000
0.471000	2.343300	nan	0.000000
0.471000	2.394700	nan	0.000000
0.471000	2.446100	nan	0.000000
0.471000	2.497500	nan	0.000000
0.471000	2.548900	nan	0.000000
0.471000	2.600300	nan	0.000000
0.471000	2.651700	nan	0.000000
0.471000	2.703100	nan	0.000000
0.471000	2.754500	nan	0.000000
0.471000	2.805900	nan	0.000000
0.471000	2.857300	nan	0.000000
0.471000	2.908700	nan	0.000000
0.471000	2.960100	nan	0.000000
0.471000	3.011500	nan	0.000000
0.471000	3.062900	nan	0.000000
0.471000	3.114300	nan	0.000000
0.471000	3.165700	nan	0.000000

0.533800	-2.025700	nan	0.000000
0.533800	-1.974300	nan	0.000000
0.533800	-1.922900	nan	0.000000
0.533800	-1.871500	nan	0.000000
0.533800	-1.820100	nan	0.000000
0.533800	-1.768700	30.616417	0.000000
0.533800	-1.717300	29.644362	0.000000
0.533800	-1.665900	29.647233	0.000000
0.533800	-1.614500	29.175275	0.000000
0.533800	-1.563100	28.894617	0.000000
0.533800	-1.511700	28.800987	0.000000
0.533800	-1.460300	28.629310	0.000000
0.533800	-1.408900	28.502989	0.000000
0.533800	-1.357500	28.472258	0.000000
0.533800	-1.306100	28.507686	0.000000
0.533800	-1.254700	28.699960	0.000000
0.533800	-1.203300	28.904904	0.000000
0.533800	-1.151900	29.265627	0.000000
0.533800	-1.100500	29.548312	0.000000
0.533800	-1.049100	30.031895	0.000000
0.533800	-0.997700	30.544730	0.000000
0.533800	-0.946300	31.210684	0.000000
0.533800	-0.894900	31.797413	0.000000
0.533800	-0.843500	32.248612	0.000000
0.533800	-0.792100	33.310467	0.000000
0.533800	-0.740700	33.867362	0.000000
0.533800	-0.689300	35.004447	0.000000
0.533800	-0.637900	34.970496	0.000000
0.533800	-0.586500	nan	0.000000
0.533800	-0.535100	nan	0.000000
0.533800	-0.483700	nan	0.000000
0.533800	-0.432300	nan	0.000000
0.533800	-0.380900	nan	0.000000
0.533800	-0.329500	nan	0.000000
0.533800	-0.278100	nan	0.000000
0.533800	-0.226700	nan	0.000000
0.533800	-0.175300	nan	0.000000
0.533800	-0.123900	nan	0.000000
0.533800	-0.072500	nan	0.000000
0.533800	-0.021100	nan	0.000000
0.533800	0.030300	nan	0.000000
0.533800	0.081700	nan	0.000000
0.533800	0.133100	nan	0.000000
0.533800	0.184500	nan	0.000000
0.533800	0.235900	nan	0.000000
0.533800	0.287300	nan	0.000000
0.533800	0.338700	nan	0.000000
0.533800	0.390100	nan	0.000000
0.533800	0.441500	nan	0.000000
0.533800	0.492900	nan	0.000000
0.533800	0.544300	nan	0.000000
0.533800	0.595700	nan	0.000000
0.533800	0.647100	nan	0.000000
0.533800	0.698500	nan	0.000000
0.533800	0.749900	nan	0.000000
0.533800	0.801300	nan	0.000000
0.533800	0.852700	nan	0.000000
0.533800	0.904100	nan	0.000000
0.533800	0.955500	nan	0.000000
0.533800	1.006900	nan	0.000000
0.533800	1.058300	nan	0.000000
0.533800	1.109700	nan	0.000000
0.533800	1.161100	nan	0.000000
0.533800	1.212500	nan	0.000000
0.533800	1.263900	nan	0.000000
0.533800	1.315300	nan	0.000000
0.533800	1.366700	nan	0.000000
0.533800	1.418100	nan	0.000000
0.533800	1.469500	nan	0.000000
0.533800	1.520900	nan	0.000000
0.533800	1.572300	nan	0.000000
0.533800	1.623700	nan	0.000000
0.533800	1.675100	nan	0.000000
0.533800	1.726500	nan	0.000000
0.533800	1.777900	nan	0.000000
0.533800	1.829300	nan	0.000000
0.533800	1.880700	nan	0.000000
0.533800	1.932100	nan	0.000000
0.533800	1.983500	nan	0.000000
0.533800	2.034900	nan	0.000000
0.533800	2.086300	nan	0.000000
0.533800	2.137700	nan	0.000000
0.533800	2.189100	nan	0.000000
0.533800	2.240500	nan	0.000000
0.533800	2.291900	nan	0.000000
0.533800	2.343300	nan	0.000000
0.533800	2.394700	nan	0.000000
0.533800	2.446100	nan	0.000000
0.533800	2.497500	nan	0.000000
0.533800	2.548900	nan	0.000000
0.533800	2.600300	nan	0.000000
0.533800	2.651700	nan	0.000000
0.533800	2.703100	nan	0.000000
0.533800	2.754500	nan	0.000000
0.533800	2.805900	nan	0.000000
0.533800	2.857300	nan	0.000000
0.533800	2.908700	nan	0.000000
0.533800	2.960100	nan	0.000000
0.533800	3.011500	nan	0.000000
0.533800	3.062900	nan	0.000000
0.533800	3.114300	nan	0.000000
0.533800	3.165700	nan	0.000000

0.596600	-2.025700	nan	0.000000
0.596600	-1.974300	nan	0.000000
0.596600	-1.922900	nan	0.000000
0.596600	-1.871500	nan	0.000000
0.596600	-1.820100	nan	0.000000
0.596600	-1.768700	30.847492	0.000000
0.596600	-1.717300	26.592644	0.000000
0.596600	-1.665900	27.681634	0.000000
0.596600	-1.614500	27.021060	0.000000
0.596600	-1.563100	27.256241	0.000000
0.596600	-1.511700	26.887615	0.000000
0.596600	-1.460300	26.563551	0.000000
0.596600	-1.408900	26.444004	0.000000
0.596600	-1.357500	26.435018	0.000000
0.596600	-1.306100	26.525097	0.000000
0.596600	-1.254700	26.704712	0.000000
0.596600	-1.203300	26.833047	0.000000
0.596600	-1.151900	27.155077	0.000000
0.596600	-1.100500	27.410589	0.000000
0.596600	-1.049100	27.839841	0.000000
0.596600	-0.997700	28.413881	0.000000
0.596600	-0.946300	28.812117	0.000000
0.596600	-0.894900	29.486684	0.000000
0.596600	-0.843500	30.327272	0.000000
0.596600	-0.792100	31.065090	0.000000
0.596600	-0.740700	31.909732	0.000000
0.596600	-0.689300	32.897517	0.000000
0.596600	-0.637900	33.143993	0.000000
0.596600	-0.586500	nan	0.000000
0.596600	-0.535100	nan	0.000000
0.596600	-0.483700	nan	0.000000
0.596600	-0.432300	nan	0.000000
0.596600	-0.380900	nan	0.000000
0.596600	-0.329500	nan	0.000000
0.596600	-0.278100	nan	0.000000
0.596600	-0.226700	nan	0.000000
0.596600	-0.175300	nan	0.000000
0.596600	-0.123900	nan	0.000000
0.596600	-0.072500	nan	0.000000
0.596600	-0.021100	nan	0.000000
0.596600	0.030300	nan	0.000000
0.596600	0.081700	nan	0.000000
0.596600	0.133100	nan	0.000000
0.596600	0.184500	nan	0.000000
0.596600	0.235900	nan	0.000000
0.596600	0.287300	nan	0.000000
0.596600	0.338700	nan	0.000000
0.596600	0.390100	nan	0.000000
0.596600	0.441500	nan	0.000000
0.596600	0.492900	nan	0.000000
0.596600	0.544300	nan	0.000000
0.596600	0.595700	nan	0.000000
0.596600	0.647100	nan	0.000000
0.596600	0.698500	nan	0.000000
0.596600	0.749900	nan	0.000000
0.596600	0.801300	nan	0.000000
0.596600	0.852700	nan	0.000000
0.596600	0.904100	nan	0.000000
0.596600	0.955500	nan	0.000000
0.596600	1.006900	nan	0.000000
0.596600	1.058300	nan	0.000000
0.596600	1.109700	nan	0.000000
0.596600	1.161100	nan	0.000000
0.596600	1.212500	nan	0.000000
0.596600	1.263900	nan	0.000000
0.596600	1.315300	nan	0.000000
0.596600	1.366700	nan	0.000000
0.596600	1.418100	nan	0.000000
0.596600	1.469500	nan	0.000000
0.596600	1.520900	nan	0.000000
0.596600	1.572300	nan	0.000000
0.596600	1.623700	nan	0.000000
0.596600	1.675100	nan	0.000000
0.596600	1.726500	nan	0.000000
0.596600	1.777900	nan	0.000000
0.596600	1.829300	nan	0.000000
0.596600	1.880700	nan	0.000000
0.596600	1.932100	nan	0.000000
0.596600	1.983500	nan	0.000000
0.596600	2.034900	nan	0.000000
0.596600	2.086300	nan	0.000000
0.596600	2.137700	nan	0.000000
0.596600	2.189100	nan	0.000000
0.596600	2.240500	nan	0.000000
0.596600	2.291900	nan	0.000000
0.596600	2.343300	nan	0.000000
0.596600	2.394700	nan	0.000000
0.596600	2.446100	nan	0.000000
0.596600	2.497500	nan	0.000000
0.596600	2.548900	nan	0.000000
0.596600	2.600300	nan	0.000000
0.596600	2.651700	nan	0.000000
0.596600	2.703100	nan	0.000000
0.596600	2.754500	nan	0.000000
0.596600	2.805900	nan	0.000000
0.596600	2.857300	nan	0.000000
0.596600	2.908700	nan	0.000000
0.596600	2.960100	nan	0.000000
0.596600	3.011500	nan	0.000000
0.596600	3.062900	nan	0.000000
0.596600	3.114300	nan	0.000000
0.596600	3.165700	nan	0.000000

0.659400	-2.025700	nan	0.000000
0.659400	-1.974300	nan	0.000000
0.659400	-1.922900	nan	0.000000
0.659400	-1.871500	nan	0.000000
0.659400	-1.820100	nan	0.000000
0.659400	-1.768700	29.424996	0.000000
0.659400	-1.717300	26.830425	0.000000
0.659400	-1.665900	26.058927	0.000000
0.659400	-1.614500	25.699434	0.000000
0.659400	-1.563100	25.172160	0.000000
0.659400	-1.511700	24.890050	0.000000
0.659400	-1.460300	24.605195	0.000000
0.659400	-1.408900	24.410352	0.000000
0.659400	-1.357500	24.370461	0.000000
0.659400	-1.306100	24.411695	0.000000
0.659400	-1.254700	24.521412	0.000000
0.659400	-1.203300	24.643570	0.000000
0.659400	-1.151900	24.887430	0.000000
0.659400	-1.100500	25.237526	0.000000
0.659400	-1.049100	25.565891	0.000000
0.659400	-0.997700	26.035102	0.000000
0.659400	-0.946300	26.525041	0.000000
0.659400	-0.894900	27.363934	0.000000
0.659400	-0.843500	28.026173	0.000000
0.659400	-0.792100	28.828508	0.000000
0.659400	-0.740700	29.662317	0.000000
0.659400	-0.689300	30.940690	0.000000
0.659400	-0.637900	33.650015	0.000000
0.659400	-0.586500	31.448160	0.000000
0.659400	-0.535100	nan	0.000000
0.659400	-0.483700	nan	0.000000
0.659400	-0.432300	nan	0.000000
0.659400	-0.380900	nan	0.000000
0.659400	-0.329500	nan	0.000000
0.659400	-0.278100	nan	0.000000
0.659400	-0.226700	nan	0.000000
0.659400	-0.175300	nan	0.000000
0.659400	-0.123900	nan	0.000000
0.659400	-0.072500	nan	0.000000
0.659400	-0.021100	nan	0.000000
0.659400	0.030300	nan	0.000000
0.659400	0.081700	nan	0.000000
0.659400	0.133100	nan	0.000000
0.659400	0.184500	nan	0.000000
0.659400	0.235900	nan	0.000000
0.659400	0.287300	nan	0.000000
0.659400	0.338700	nan	0.000000
0.659400	0.390100	nan	0.000000
0.659400	0.441500	nan	0.000000
0.659400	0.492900	nan	0.000000
0.659400	0.544300	nan	0.000000
0.659400	0.595700	nan	0.000000
0.659400	0.647100	nan	0.000000
0.659400	0.698500	nan	0.000000
0.659400	0.749900	nan	0.000000
0.659400	0.801300	nan	0.000000
0.659400	0.852700	nan	0.000000
0.659400	0.904100	nan	0.000000
0.659400	0.955500	nan	0.000000
0.659400	1.006900	nan	0.000000
0.659400	1.058300	nan	0.000000
0.659400	1.109700	nan	0.000000
0.659400	1.161100	nan	0.000000
0.659400	1.212500	nan	0.000000
0.659400	1.263900	nan	0.000000
0.659400	1.315300	nan	0.000000
0.659400	1.366700	nan	0.000000
0.659400	1.418100	nan	0.000000
0.659400	1.469500	nan	0.000000
0.659400	1.520900	nan	0.000000
0.659400	1.572300	nan	0.000000
0.659400	1.623700	nan	0.000000
0.659400	1.675100	nan	0.000000
0.659400	1.726500	nan	0.000000
0.659400	1.777900	nan	0.000000
0.659400	1.829300	nan	0.000000
0.659400	1.880700	nan	0.000000
0.659400	1.932100	nan	0.000000
0.659400	1.983500	nan	0.000000
0.659400	2.034900	nan	0.000000
0.659400	2.086300	nan	0.000000
0.659400	2.137700	nan	0.000000
0.659400	2.189100	nan	0.000000
0.659400	2.240500	nan	0.000000
0.659400	2.291900	nan	0.000000
0.659400	2.343300	nan	0.000000
0.659400	2.394700	nan	0.000000
0.659400	2.446100	nan	0.000000
0.659400	2.497500	nan	0.000000
0.659400	2.548900	nan	0.000000
0.659400	2.600300	nan	0.000000
0.659400	2.651700	nan	0.000000
0.659400	2.703100	nan	0.000000
0.659400	2.754500	nan	0.000000
0.659400	2.805900	nan	0.000000
0.659400	2.857300	nan	0.000000
0.659400	2.908700	nan	0.000000
0.659400	2.960100	nan	0.000000
0.659400	3.011500	nan	0.000000
0.659400	3.062900	nan	0.000000
0.659400	3.114300	nan	0.000000
0.659400	3.165700	nan	0.000000

0.722200	-2.025700	nan	0.000000
0.722200	-1.974300	nan	0.000000
0.722200	-1.922900	nan	0.000000
0.722200	-1.871500	nan	0.000000
0.722200	-1.820100	25.411250	0.000000
0.722200	-1.768700	27.960900	0.000000
0.722200	-1.717300	24.683162	0.000000
0.722200	-1.665900	23.590012	0.000000
0.722200	-1.614500	23.287278	0.000000
0.722200	-1.563100	23.066264	0.000000
0.722200	-1.511700	22.569543	0.000000
0.722200	-1.460300	22.344696	0.000000
0.722200	-1.408900	22.267874	0.000000
0.722200	-1.357500	22.159771	0.000000
0.722200	-1.306100	22.164029	0.000000
0.722200	-1.254700	22.181674	0.000000
0.722200	-1.203300	22.387340	0.000000
0.722200	-1.151900	22.557021	0.000000
0.722200	-1.100500	22.893040	0.000000
0.722200	-1.049100	23.253589	0.000000
0.722200	-0.997700	23.797462	0.000000
0.722200	-0.946300	24.292564	0.000000
0.722200	-0.894900	25.081289	0.000000
0.722200	-0.843500	25.734225	0.000000
0.722200	-0.792100	26.621157	0.000000
0.722200	-0.740700	27.598620	0.000000
0.722200	-0.689300	28.585371	0.000000
0.722200	-0.637900	29.051728	0.000000
0.722200	-0.586500	nan	0.000000
0.722200	-0.535100	nan	0.000000
0.722200	-0.483700	nan	0.000000
0.722200	-0.432300	nan	0.000000
0.722200	-0.380900	nan	0.000000
0.722200	-0.329500	nan	0.000000
0.722200	-0.278100	nan	0.000000
0.722200	-0.226700	nan	0.000000
0.722200	-0.175300	nan	0.000000
0.722200	-0.123900	nan	0.000000
0.722200	-0.072500	nan	0.000000
0.722200	-0.021100	nan	0.000000
0.722200	0.030300	nan	0.000000
0.722200	0.081700	nan	0.000000
0.722200	0.133100	nan	0.000000
0.722200	0.184500	nan	0.000000
0.722200	0.235900	nan	0.000000
0.722200	0.287300	nan	0.000000
0.722200	0.338700	nan	0.000000
0.722200	0.390100	nan	0.000000
0.722200	0.441500	nan	0.000000
0.722200	0.492900	nan	0.000000
0.722200	0.544300	nan	0.000000
0.722200	0.595700	nan	0.000000
0.722200	0.647100	nan	0.000000
0.722200	0.698500	nan	0.000000
0.722200	0.749900	nan	0.000000
0.722200	0.801300	nan	0.000000
0.722200	0.852700	nan	0.000000
0.722200	0.904100	nan	0.000000
0.722200	0.955500	nan	0.000000
0.722200	1.006900	nan	0.000000
0.722200	1.058300	nan	0.000000
0.722200	1.109700	nan	0.000000
0.722200	1.161100	nan	0.000000
0.722200	1.212500	nan	0.000000
0.722200	1.263900	nan	0.000000
0.722200	1.315300	nan	0.000000
0.722200	1.366700	nan	0.000000
0.722200	1.418100	nan	0.000000
0.722200	1.469500	nan	0.000000
0.722200	1.520900	nan	0.000000
0.722200	1.572300	nan	0.000000
0.722200	1.623700	nan	0.000000
0.722200	1.675100	nan	0.000000
0.722200	1.726500	nan	0.000000
0.722200	1.777900	nan	0.000000
0.722200	1.829300	nan	0.000000
0.722200	1.880700	nan	0.000000
0.722200	1.932100	nan	0.000000
0.722200	1.983500	nan	0.000000
0.722200	2.034900	nan	0.000000
0.722200	2.086300	nan	0.000000
0.722200	2.137700	nan	0.000000
0.722200	2.189100	nan	0.000000
0.722200	2.240500	nan	0.000000
0.722200	2.291900	nan	0.000000
0.722200	2.343300	nan	0.000000
0.722200	2.394700	nan	0.000000
0.722200	2.446100	nan	0.000000
0.722200	2.497500	nan	0.000000
0.722200	2.548900	nan	0.000000
0.722200	2.600300	nan	0.000000
0.722200	2.651700	nan	0.000000
0.722200	2.703100	nan	0.000000
0.722200	2.754500	nan	0.000000
0.722200	2.805900	nan	0.000000
0.722200	2.857300	nan	0.000000
0.722200	2.908700	nan	0.000000
0.722200	2.960100	nan	0.000000
0.722200	3.011500	nan	0.000000
0.722200	3.062900	nan	0.000000
0.722200	3.114300	nan	0.000000
0.722200	3.165700	nan	0.000000

0.785000	-2.025700	nan	0.000000
0.785000	-1.974300	nan	0.000000
0.785000	-1.922900	nan	0.000000
0.785000	-1.871500	nan	0.000000
0.785000	-1.820100	23.980179	0.000000
0.785000	-1.768700	21.793699	0.000000
0.785000	-1.717300	22.680326	0.000000
0.785000	-1.665900	21.761496	0.000000
0.785000	-1.614500	21.236525	0.000001
0.785000	-1.563100	21.151748	0.000001
0.785000	-1.511700	20.570241	0.000001
0.785000	-1.460300	20.265725	0.000001
0.785000	-1.408900	20.054557	0.000001
0.785000	-1.357500	19.999396	0.000001
0.785000	-1.306100	19.885251	0.000001
0.785000	-1.254700	19.932563	0.000001
0.785000	-1.203300	20.068697	0.000001
0.785000	-1.151900	20.262616	0.000001
0.785000	-1.100500	20.549904	0.000001
0.785000	-1.049100	20.967112	0.000001
0.785000	-0.997700	21.472782	0.000000
0.785000	-0.946300	22.108176	0.000000
0.785000	-0.894900	22.855846	0.000000
0.785000	-0.843500	23.489864	0.000000
0.785000	-0.792100	24.780944	0.000000
0.785000	-0.740700	25.116546	0.000000
0.785000	-0.689300	27.327509	0.000000
0.785000	-0.637900	26.846531	0.000000
0.785000	-0.586500	nan	0.000000
0.785000	-0.535100	nan	0.000000
0.785000	-0.483700	nan	0.000000
0.785000	-0.432300	nan	0.000000
0.785000	-0.380900	nan	0.000000
0.785000	-0.329500	nan	0.000000
0.785000	-0.278100	nan	0.000000
0.785000	-0.226700	nan	0.000000
0.785000	-0.175300	nan	0.000000
0.785000	-0.123900	nan	0.000000
0.785000	-0.072500	nan	0.000000
0.785000	-0.021100	nan	0.000000
0.785000	0.030300	nan	0.000000
0.785000	0.081700	nan	0.000000
0.785000	0.133100	nan	0.000000
0.785000	0.184500	nan	0.000000
0.785000	0.235900	nan	0.000000
0.785000	0.287300	nan	0.000000
0.785000	0.338700	nan	0.000000
0.785000	0.390100	nan	0.000000
0.785000	0.441500	nan	0.000000
0.785000	0.492900	nan	0.000000
0.785000	0.544300	nan	0.000000
0.785000	0.595700	nan	0.000000
0.785000	0.647100	nan	0.000000
0.785000	0.698500	nan	0.000000
0.785000	0.749900	nan	0.000000
0.785000	0.801300	nan	0.000000
0.785000	0.852700	nan	0.000000
0.785000	0.904100	nan	0.000000
0.785000	0.955500	nan	0.000000
0.785000	1.006900	nan	0.000000
0.785000	1.058300	nan	0.000000
0.785000	1.109700	nan	0.000000
0.785000	1.161100	nan	0.000000
0.785000	1.212500	nan	0.000000
0.785000	1.263900	nan	0.000000
0.785000	1.315300	nan	0.000000
0.785000	1.366700	nan	0.000000
0.785000	1.418100	nan	0.000000
0.785000	1.469500	nan	0.000000
0.785000	1.520900	nan	0.000000
0.785000	1.572300	nan	0.000000
0.785000	1.623700	nan	0.000000
0.785000	1.675100	nan	0.000000
0.785000	1.726500	nan	0.000000
0.785000	1.777900	nan	0.000000
0.785000	1.829300	nan	0.000000
0.785000	1.880700	nan	0.000000
0.785000	1.932100	nan	0.000000
0.785000	1.983500	nan	0.000000
0.785000	2.034900	nan	0.000000
0.785000	2.086300	nan	0.000000
0.785000	2.137700	nan	0.000000
0.785000	2.189100	nan	0.000000
0.785000	2.240500	nan	0.000000
0.785000	2.291900	nan	0.000000
0.785000	2.343300	nan	0.000000
0.785000	2.394700	nan	0.000000
0.785000	2.446100	nan	0.000000
0.785000	2.497500	nan	0.000000
0.785000	2.548900	nan	0.000000
0.785000	2.600300	nan	0.000000
0.785000	2.651700	nan	0.000000
0.785000	2.703100	nan	0.000000
0.785000	2.754500	nan	0.000000
0.785000	2.805900	nan	0.000000
0.785000	2.857300	nan	0.000000
0.785000	2.908700	nan	0.000000
0.785000	2.960100	nan	0.000000
0.785000	3.011500	nan	0.000000
0.785000	3.062900	nan	0.000000
0.785000	3.114300	nan	0.000000
0.785000	3.165700	nan	0.000000

0.847800	-2.025700	nan	0.000000
0.847800	-1.974300	nan	0.000000
0.847800	-1.922900	nan	0.000000
0.847800	-1.871500	19.896658	0.000001
0.847800	-1.820100	nan	0.000000
0.847800	-1.768700	19.863730	0.000001
0.847800	-1.717300	20.158401	0.000001
0.847800	-1.665900	19.617813	0.000001
0.847800	-1.614500	19.209760	0.000001
0.847800	-1.563100	19.058610	0.000001
0.847800	-1.511700	18.431015	0.000002
0.847800	-1.460300	18.239611	0.000002
0.847800	-1.408900	17.969281	0.000002
0.847800	-1.357500	17.831537	0.000002
0.847800	-1.306100	17.779133	0.000002
0.847800	-1.254700	17.756630	0.000002
0.847800	-1.203300	17.870397	0.000002
0.847800	-1.151900	18.066819	0.000002
0.847800	-1.100500	18.322729	0.000002
0.847800	-1.049100	18.795020	0.000002
0.847800	-0.997700	19.286648	0.000001
0.847800	-0.946300	19.987317	0.000001
0.847800	-0.894900	20.593615	0.000001
0.847800	-0.843500	21.393226	0.000000
0.847800	-0.792100	22.147417	0.000000
0.847800	-0.740700	22.612263	0.000000
0.847800	-0.689300	24.217877	0.000000
0.847800	-0.637900	24.617224	0.000000
0.847800	-0.586500	nan	0.000000
0.847800	-0.535100	22.310272	0.000000
0.847800	-0.483700	nan	0.000000
0.847800	-0.432300	nan	0.000000
0.847800	-0.380900	nan	0.000000
0.847800	-0.329500	nan	0.000000
0.847800	-0.278100	nan	0.000000
0.847800	-0.226700	nan	0.000000
0.847800	-0.175300	nan	0.000000
0.847800	-0.123900	nan	0.000000
0.847800	-0.072500	nan	0.000000
0.847800	-0.021100	nan	0.000000
0.847800	0.030300	nan	0.000000
0.847800	0.081700	nan	0.000000
0.847800	0.133100	nan	0.000000
0.847800	0.184500	nan	0.000000
0.847800	0.235900	nan	0.000000
0.847800	0.287300	nan	0.000000
0.847800	0.338700	nan	0.000000
0.847800	0.390100	nan	0.000000
0.847800	0.441500	nan	0.000000
0.847800	0.492900	nan	0.000000
0.847800	0.544300	nan	0.000000
0.847800	0.595700	nan	0.000000
0.847800	0.647100	nan	0.000000
0.847800	0.698500	nan	0.000000
0.847800	0.749900	nan	0.000000
0.847800	0.801300	nan	0.000000
0.847800	0.852700	nan	0.000000
0.847800	0.904100	nan	0.000000
0.847800	0.955500	nan	0.000000
0.847800	1.006900	nan	0.000000
0.847800	1.058300	nan	0.000000
0.847800	1.109700	nan	0.000000
0.847800	1.161100	nan	0.000000
0.847800	1.212500	nan	0.000000
0.847800	1.263900	nan	0.000000
0.847800	1.315300	nan	0.000000
0.847800	1.366700	nan	0.000000
0.847800	1.418100	nan	0.000000
0.847800	1.469500	nan	0.000000
0.847800	1.520900	nan	0.000000
0.847800	1.572300	nan	0.000000
0.847800	1.623700	nan	0.000000
0.847800	1.675100	nan	0.000000
0.847800	1.726500	nan	0.000000
0.847800	1.777900	nan	0.000000
0.847800	1.829300	nan	0.000000
0.847800	1.880700	nan	0.000000
0.847800	1.932100	nan	0.000000
0.847800	1.983500	nan	0.000000
0.847800	2.034900	nan	0.000000
0.847800	2.086300	nan	0.000000
0.847800	2.137700	nan	0.000000
0.847800	2.189100	nan	0.000000
0.847800	2.240500	nan	0.000000
0.847800	2.291900	nan	0.000000
0.847800	2.343300	nan	0.000000
0.847800	2.394700	nan	0.000000
0.847800	2.446100	nan	0.000000
0.847800	2.497500	nan	0.000000
0.847800	2.548900	nan	0.000000
0.847800	2.600300	nan	0.000000
0.847800	2.651700	nan	0.000000
0.847800	2.703100	nan	0.000000
0.847800	2.754500	nan	0.000000
0.847800	2.805900	nan	0.000000
0.847800	2.857300	nan	0.000000
0.847800	2.908700	nan	0.000000
0.847800	2.960100	nan	0.000000
0.847800	3.011500	nan	0.000000
0.847800	3.062900	nan	0.000000
0.847800	3.114300	nan	0.000000
0.847800	3.165700	nan	0.000000

0.910600	-2.025700	nan	0.000000
0.910600	-1.974300	nan	0.000000
0.910600	-1.922900	nan	0.000000
0.910600	-1.871500	nan	0.000000
0.910600	-1.820100	17.631957	0.000003
0.910600	-1.768700	18.514905	0.000002
0.910600	-1.717300	19.305030	0.000001
0.910600	-1.665900	18.388797	0.000002
0.910600	-1.614500	17.522743	0.000003
0.910600	-1.563100	16.848776	0.000004
0.910600	-1.511700	16.559744	0.000004
0.910600	-1.460300	16.382554	0.000004
0.910600	-1.408900	16.044660	0.000005
0.910600	-1.357500	15.790549	0.000006
0.910600	-1.306100	15.699139	0.000006
0.910600	-1.254700	15.680922	0.000006
0.910600	-1.203300	15.791790	0.000006
0.910600	-1.151900	16.002701	0.000005
0.910600	-1.100500	16.236286	0.000005
0.910600	-1.049100	16.667451	0.000004
0.910600	-0.997700	17.264970	0.000003
0.910600	-0.946300	17.903008	0.000002
0.910600	-0.894900	18.694205	0.000002
0.910600	-0.843500	19.545499	0.000001
0.910600	-0.792100	20.096233	0.000001
0.910600	-0.740700	21.206949	0.000001
0.910600	-0.689300	22.084680	0.000000
0.910600	-0.637900	23.359785	0.000000
0.910600	-0.586500	nan	0.000000
0.910600	-0.535100	nan	0.000000
0.910600	-0.483700	nan	0.000000
0.910600	-0.432300	nan	0.000000
0.910600	-0.380900	nan	0.000000
0.910600	-0.329500	nan	0.000000
0.910600	-0.278100	nan	0.000000
0.910600	-0.226700	nan	0.000000
0.910600	-0.175300	nan	0.000000
0.910600	-0.123900	nan	0.000000
0.910600	-0.072500	nan	0.000000
0.910600	-0.021100	nan	0.000000
0.910600	0.030300	nan	0.000000
0.910600	0.081700	nan	0.000000
0.910600	0.133100	nan	0.000000
0.910600	0.184500	nan	0.000000
0.910600	0.235900	nan	0.000000
0.910600	0.287300	nan	0.000000
0.910600	0.338700	nan	0.000000
0.910600	0.390100	nan	0.000000
0.910600	0.441500	nan	0.000000
0.910600	0.492900	nan	0.000000
0.910600	0.544300	nan	0.000000
0.910600	0.595700	nan	0.000000
0.910600	0.647100	nan	0.000000
0.910600	0.698500	nan	0.000000
0.910600	0.749900	nan	0.000000
0.910600	0.801300	nan	0.000000
0.910600	0.852700	nan	0.000000
0.910600	0.904100	nan	0.000000
0.910600	0.955500	nan	0.000000
0.910600	1.006900	nan	0.000000
0.910600	1.058300	nan	0.000000
0.910600	1.109700	nan	0.000000
0.910600	1.161100	nan	0.000000
0.910600	1.212500	nan	0.000000
0.910600	1.263900	nan	0.000000
0.910600	1.315300	nan	0.000000
0.910600	1.366700	nan	0.000000
0.910600	1.418100	nan	0.000000
0.910600	1.469500	nan	0.000000
0.910600	1.520900	nan	0.000000
0.910600	1.572300	nan	0.000000
0.910600	1.623700	nan	0.000000
0.910600	1.675100	nan	0.000000
0.910600	1.726500	nan	0.000000
0.910600	1.777900	nan	0.000000
0.910600	1.829300	nan	0.000000
0.910600	1.880700	nan	0.000000
0.910600	1.932100	nan	0.000000
0.910600	1.983500	nan	0.000000
0.910600	2.034900	nan	0.000000
0.910600	2.086300	nan	0.000000
0.910600	2.137700	nan	0.000000
0.910600	2.189100	nan	0.000000
0.910600	2.240500	nan	0.000000
0.910600	2.291900	nan	0.000000
0.910600	2.343300	nan	0.000000
0.910600	2.394700	nan	0.000000
0.910600	2.446100	nan	0.000000
0.910600	2.497500	nan	0.000000
0.910600	2.548900	nan	0.000000
0.910600	2.600300	nan	0.000000
0.910600	2.651700	nan	0.000000
0.910600	2.703100	nan	0.000000
0.910600	2.754500	nan	0.000000
0.910600	2.805900	nan	0.000000
0.910600	2.857300	nan	0.000000
0.910600	2.908700	nan	0.000000
0.910600	2.960100	nan	0.000000
0.910600	3.011500	nan	0.000000
0.910600	3.062900	nan	0.000000
0.910600	3.114300	nan	0.000000
0.910600	3.165700	nan	0.000000

0.973400	-2.025700	nan	0.000000
0.973400	-1.974300	nan	0.000000
0.973400	-1.922900	nan	0.000000
0.973400	-1.871500	nan	0.000000
0.973400	-1.820100	18.482610	0.000002
0.973400	-1.768700	18.069803	0.000002
0.973400	-1.717300	17.145740	0.000003
0.973400	-1.665900	15.952676	0.000005
0.973400	-1.614500	16.016529	0.000005
0.973400	-1.563100	15.478975	0.000007
0.973400	-1.511700	14.948587	0.000008
0.973400	-1.460300	14.558900	0.000010
0.973400	-1.408900	14.239027	0.000012
0.973400	-1.357500	13.965921	0.000013
0.973400	-1.306100	13.848130	0.000014
0.973400	-1.254700	13.839354	0.000014
0.973400	-1.203300	13.927702	0.000013
0.973400	-1.151900	14.096654	0.000012
0.973400	-1.100500	14.384407	0.000011
0.973400	-1.049100	14.785958	0.000009
0.973400	-0.997700	15.362141	0.000007
0.973400	-0.946300	15.939648	0.000005
0.973400	-0.894900	16.700456	0.000004
0.973400	-0.843500	17.793542	0.000002
0.973400	-0.792100	18.880637	0.000001
0.973400	-0.740700	19.555527	0.000001
0.973400	-0.689300	20.345508	0.000001
0.973400	-0.637900	21.312002	0.000001
0.973400	-0.586500	nan	0.000000
0.973400	-0.535100	nan	0.000000
0.973400	-0.483700	nan	0.000000
0.973400	-0.432300	nan	0.000000
0.973400	-0.380900	nan	0.000000
0.973400	-0.329500	nan	0.000000
0.973400	-0.278100	nan	0.000000
0.973400	-0.226700	nan	0.000000
0.973400	-0.175300	nan	0.000000
0.973400	-0.123900	nan	0.000000
0.973400	-0.072500	nan	0.000000
0.973400	-0.021100	nan	0.000000
0.973400	0.030300	nan	0.000000
0.973400	0.081700	nan	0.000000
0.973400	0.133100	nan	0.000000
0.973400	0.184500	nan	0.000000
0.973400	0.235900	nan	0.000000
0.973400	0.287300	nan	0.000000
0.973400	0.338700	nan	0.000000
0.973400	0.390100	nan	0.000000
0.973400	0.441500	nan	0.000000
0.973400	0.492900	nan	0.000000
0.973400	0.544300	nan	0.000000
0.973400	0.595700	nan	0.000000
0.973400	0.647100	nan	0.000000
0.973400	0.698500	nan	0.000000
0.973400	0.749900	nan	0.000000
0.973400	0.801300	nan	0.000000
0.973400	0.852700	nan	0.000000
0.973400	0.904100	nan	0.000000
0.973400	0.955500	nan	0.000000
0.973400	1.006900	nan	0.000000
0.973400	1.058300	nan	0.000000
0.973400	1.109700	nan	0.000000
0.973400	1.161100	nan	0.000000
0.973400	1.212500	nan	0.000000
0.973400	1.263900	nan	0.000000
0.973400	1.315300	nan	0.000000
0.973400	1.366700	nan	0.000000
0.973400	1.418100	nan	0.000000
0.973400	1.469500	nan	0.000000
0.973400	1.520900	nan	0.000000
0.973400	1.572300	nan	0.000000
0.973400	1.623700	nan	0.000000
0.973400	1.675100	nan	0.000000
0.973400	1.726500	nan	0.000000
0.973400	1.777900	nan	0.000000
0.973400	1.829300	nan	0.000000
0.973400	1.880700	nan	0.000000
0.973400	1.932100	nan	0.000000
0.973400	1.983500	nan	0.000000
0.973400	2.034900	nan	0.000000
0.973400	2.086300	nan	0.000000
0.973400	2.137700	nan	0.000000
0.973400	2.189100	nan	0.000000
0.973400	2.240500	nan	0.000000
0.973400	2.291900	nan	0.000000
0.973400	2.343300	nan	0.000000
0.973400	2.394700	nan	0.000000
0.973400	2.446100	nan	0.000000
0.973400	2.497500	nan	0.000000
0.973400	2.548900	nan	0.000000
0.973400	2.600300	nan	0.000000
0.973400	2.651700	nan	0.000000
0.973400	2.703100	nan	0.000000
0.973400	2.754500	nan	0.000000
0.973400	2.805900	nan	0.000000
0.973400	2.857300	nan	0.000000
0.973400	2.908700	nan	0.000000
0.973400	2.960100	nan	0.000000
0.973400	3.011500	nan	0.000000
0.973400	3.062900	nan	0.000000
0.973400	3.114300	nan	0.000000
0.973400	3.165700	nan	0.000000

1.036200	-2.025700	nan	0.000000
1.036200	-1.974300	nan	0.000000
1.036200	-1.922900	nan	0.000000
1.036200	-1.871500	nan	0.000000
1.036200	-1.820100	17.336230	0.000003
1.036200	-1.768700	17.658723	0.000003
1.036200	-1.717300	15.717398	0.000006
1.036200	-1.665900	15.183896	0.000008
1.036200	-1.614500	14.631268	0.000010
1.036200	-1.563100	14.043599	0.000013
1.036200	-1.511700	13.468487	0.000016
1.036200	-1.460300	13.150617	0.000019
1.036200	-1.408900	12.711903	0.000023
1.036200	-1.357500	12.446497	0.000025
1.036200	-1.306100	12.277830	0.000027
1.036200	-1.254700	12.287265	0.000027
1.036200	-1.203300	12.311762	0.000027
1.036200	-1.151900	12.447632	0.000025
1.036200	-1.100500	12.768658	0.000022
1.036200	-1.049100	13.201656	0.000018
1.036200	-0.997700	13.760187	0.000014
1.036200	-0.946300	14.361781	0.000011
1.036200	-0.894900	15.173542	0.000008
1.036200	-0.843500	15.995454	0.000005
1.036200	-0.792100	16.796192	0.000004
1.036200	-0.740700	18.431888	0.000002
1.036200	-0.689300	19.155319	0.000001
1.036200	-0.637900	20.999562	0.000001
1.036200	-0.586500	18.583284	0.000002
1.036200	-0.535100	nan	0.000000
1.036200	-0.483700	nan	0.000000
1.036200	-0.432300	nan	0.000000
1.036200	-0.380900	nan	0.000000
1.036200	-0.329500	nan	0.000000
1.036200	-0.278100	nan	0.000000
1.036200	-0.226700	nan	0.000000
1.036200	-0.175300	nan	0.000000
1.036200	-0.123900	nan	0.000000
1.036200	-0.072500	nan	0.000000
1.036200	-0.021100	nan	0.000000
1.036200	0.030300	nan	0.000000
1.036200	0.081700	nan	0.000000
1.036200	0.133100	nan	0.000000
1.036200	0.184500	nan	0.000000
1.036200	0.235900	nan	0.000000
1.036200	0.287300	nan	0.000000
1.036200	0.338700	nan	0.000000
1.036200	0.390100	nan	0.000000
1.036200	0.441500	nan	0.000000
1.036200	0.492900	nan	0.000000
1.036200	0.544300	nan	0.000000
1.036200	0.595700	nan	0.000000
1.036200	0.647100	nan	0.000000
1.036200	0.698500	nan	0.000000
1.036200	0.749900	nan	0.000000
1.036200	0.801300	nan	0.000000
1.036200	0.852700	nan	0.000000
1.036200	0.904100	nan	0.000000
1.036200	0.955500	nan	0.000000
1.036200	1.006900	nan	0.000000
1.036200	1.058300	nan	0.000000
1.036200	1.109700	nan	0.000000
1.036200	1.161100	nan	0.000000
1.036200	1.212500	nan	0.000000
1.036200	1.263900	nan	0.000000
1.036200	1.315300	nan	0.000000
1.036200	1.366700	nan	0.000000
1.036200	1.418100	nan	0.000000
1.036200	1.469500	nan	0.000000
1.036200	1.520900	nan	0.000000
1.036200	1.572300	nan	0.000000
1.036200	1.623700	nan	0.000000
1.036200	1.675100	nan	0.000000
1.036200	1.726500	nan	0.000000
1.036200	1.777900	nan	0.000000
1.036200	1.829300	nan	0.000000
1.036200	1.880700	nan	0.000000
1.036200	1.932100	nan	0.000000
1.036200	1.983500	nan	0.000000
1.036200	2.034900	nan	0.000000
1.036200	2.086300	nan	0.000000
1.036200	2.137700	nan	0.000000
1.036200	2.189100	nan	0.000000
1.036200	2.240500	nan	0.000000
1.036200	2.291900	nan	0.000000
1.036200	2.343300	nan	0.000000
1.036200	2.394700	nan	0.000000
1.036200	2.446100	nan	0.000000
1.036200	2.497500	nan	0.000000
1.036200	2.548900	nan	0.000000
1.036200	2.600300	nan	0.000000
1.036200	2.651700	nan	0.000000
1.036200	2.703100	nan	0.000000
1.036200	2.754500	nan	0.000000
1.036200	2.805900	nan	0.000000
1.036200	2.857300	nan	0.000000
1.036200	2.908700	nan	0.000000
1.036200	2.960100	nan	0.000000
1.036200	3.011500	nan	0.000000
1.036200	3.062900	nan	0.000000
1.036200	3.114300	nan	0.000000
1.036200	3.165700	nan	0.000000

1.099000	-2.025700	nan	0.000000
1.099000	-1.974300	nan	0.000000
1.099000	-1.922900	nan	0.000000
1.099000	-1.871500	nan	0.000000
1.099000	-1.820100	nan	0.000000
1.099000	-1.768700	15.745695	0.000006
1.099000	-1.717300	14.619391	0.000010
1.099000	-1.665900	14.015363	0.000013
1.099000	-1.614500	13.349477	0.000017
1.099000	-1.563100	12.865879	0.000021
1.099000	-1.511700	12.355825	0.000026
1.099000	-1.460300	11.946342	0.000032
1.099000	-1.408900	11.549999	0.000038
1.099000	-1.357500	11.213479	0.000044
1.099000	-1.306100	11.069136	0.000047
1.099000	-1.254700	10.991558	0.000048
1.099000	-1.203300	11.041872	0.000047
1.099000	-1.151900	11.216236	0.000044
1.099000	-1.100500	11.524159	0.000038
1.099000	-1.049100	11.946600	0.000032
1.099000	-0.997700	12.433495	0.000026
1.099000	-0.946300	13.235139	0.000018
1.099000	-0.894900	14.012448	0.000013
1.099000	-0.843500	15.520241	0.000007
1.099000	-0.792100	15.930498	0.000005
1.099000	-0.740700	17.278587	0.000003
1.099000	-0.689300	17.465302	0.000003
1.099000	-0.637900	19.276690	0.000001
1.099000	-0.586500	16.826752	0.000004
1.099000	-0.535100	nan	0.000000
1.099000	-0.483700	nan	0.000000
1.099000	-0.432300	nan	0.000000
1.099000	-0.380900	nan	0.000000
1.099000	-0.329500	nan	0.000000
1.099000	-0.278100	nan	0.000000
1.099000	-0.226700	nan	0.000000
1.099000	-0.175300	nan	0.000000
1.099000	-0.123900	nan	0.000000
1.099000	-0.072500	nan	0.000000
1.099000	-0.021100	nan	0.000000
1.099000	0.030300	nan	0.000000
1.099000	0.081700	nan	0.000000
1.099000	0.133100	nan	0.000000
1.099000	0.184500	nan	0.000000
1.099000	0.235900	nan	0.000000
1.099000	0.287300	nan	0.000000
1.099000	0.338700	nan	0.000000
1.099000	0.390100	nan	0.000000
1.099000	0.441500	nan	0.000000
1.099000	0.492900	nan	0.000000
1.099000	0.544300	nan	0.000000
1.099000	0.595700	nan	0.000000
1.099000	0.647100	nan	0.000000
1.099000	0.698500	nan	0.000000
1.099000	0.749900	nan	0.000000
1.099000	0.801300	nan	0.000000
1.099000	0.852700	nan	0.000000
1.099000	0.904100	nan	0.000000
1.099000	0.955500	nan	0.000000
1.099000	1.006900	nan	0.000000
1.099000	1.058300	nan	0.000000
1.099000	1.109700	nan	0.000000
1.099000	1.161100	nan	0.000000
1.099000	1.212500	nan	0.000000
1.099000	1.263900	nan	0.000000
1.099000	1.315300	nan	0.000000
1.099000	1.366700	nan	0.000000
1.099000	1.418100	nan	0.000000
1.099000	1.469500	nan	0.000000
1.099000	1.520900	nan	0.000000
1.099000	1.572300	nan	0.000000
1.099000	1.623700	nan	0.000000
1.099000	1.675100	nan	0.000000
1.099000	1.726500	nan	0.000000
1.099000	1.777900	nan	0.000000
1.099000	1.829300	nan	0.000000
1.099000	1.880700	nan	0.000000
1.099000	1.932100	nan	0.000000
1.099000	1.983500	nan	0.000000
1.099000	2.034900	nan	0.000000
1.099000	2.086300	nan	0.000000
1.099000	2.137700	nan	0.000000
1.099000	2.189100	nan	0.000000
1.099000	2.240500	nan	0.000000
1.099000	2.291900	nan	0.000000
1.099000	2.343300	nan	0.000000
1.099000	2.394700	nan	0.000000
1.099000	2.446100	nan	0.000000
1.099000	2.497500	nan	0.000000
1.099000	2.548900	nan	0.000000
1.099000	2.600300	nan	0.000000
1.099000	2.651700	nan	0.000000
1.099000	2.703100	nan	0.000000
1.099000	2.754500	nan	0.000000
1.099000	2.805900	nan	0.000000
1.099000	2.857300	nan	0.000000
1.099000	2.908700	nan	0.000000
1.099000	2.960100	nan	0.000000
1.099000	3.011500	nan	0.000000
1.099000	3.062900	nan	0.000000
1.099000	3.114300	nan	0.000000
1.099000	3.165700	nan	0.000000

1.161800	-2.025700	nan	0.000000
1.161800	-1.974300	nan	0.000000
1.161800	-1.922900	nan	0.000000
1.161800	-1.871500	nan	0.000000
1.161800	-1.820100	13.435118	0.000016
1.161800	-1.768700	15.291965	0.000007
1.161800	-1.717300	15.114321	0.000008
1.161800	-1.665900	14.268065	0.000011
1.161800	-1.614500	12.815988	0.000022
1.161800	-1.563100	12.253711	0.000028
1.161800	-1.511700	11.675896	0.000036
1.161800	-1.460300	11.135716	0.000045
1.161800	-1.408900	10.764155	0.000054
1.161800	-1.357500	10.438831	0.000062
1.161800	-1.306100	10.208981	0.000068
1.161800	-1.254700	10.127001	0.000071
1.161800	-1.203300	10.166091	0.000070
1.161800	-1.151900	10.305222	0.000066
1.161800	-1.100500	10.583746	0.000058
1.161800	-1.049100	11.042546	0.000047
1.161800	-0.997700	11.687742	0.000036
1.161800	-0.946300	12.317875	0.000027
1.161800	-0.894900	13.128595	0.000019
1.161800	-0.843500	14.056645	0.000012
1.161800	-0.792100	14.920349	0.000009
1.161800	-0.740700	16.543773	0.000004
1.161800	-0.689300	16.775942	0.000004
1.161800	-0.637900	nan	0.000000
1.161800	-0.586500	nan	0.000000
1.161800	-0.535100	nan	0.000000
1.161800	-0.483700	nan	0.000000
1.161800	-0.432300	nan	0.000000
1.161800	-0.380900	nan	0.000000
1.161800	-0.329500	nan	0.000000
1.161800	-0.278100	nan	0.000000
1.161800	-0.226700	nan	0.000000
1.161800	-0.175300	nan	0.000000
1.161800	-0.123900	nan	0.000000
1.161800	-0.072500	nan	0.000000
1.161800	-0.021100	nan	0.000000
1.161800	0.030300	nan	0.000000
1.161800	0.081700	nan	0.000000
1.161800	0.133100	nan	0.000000
1.161800	0.184500	nan	0.000000
1.161800	0.235900	nan	0.000000
1.161800	0.287300	nan	0.000000
1.161800	0.338700	nan	0.000000
1.161800	0.390100	nan	0.000000
1.161800	0.441500	nan	0.000000
1.161800	0.492900	nan	0.000000
1.161800	0.544300	nan	0.000000
1.161800	0.595700	nan	0.000000
1.161800	0.647100	nan	0.000000
1.161800	0.698500	nan	0.000000
1.161800	0.749900	nan	0.000000
1.161800	0.801300	nan	0.000000
1.161800	0.852700	nan	0.000000
1.161800	0.904100	nan	0.000000
1.161800	0.955500	nan	0.000000
1.161800	1.006900	nan	0.000000
1.161800	1.058300	nan	0.000000
1.161800	1.109700	nan	0.000000
1.161800	1.161100	nan	0.000000
1.161800	1.212500	nan	0.000000
1.161800	1.263900	nan	0.000000
1.161800	1.315300	nan	0.000000
1.161800	1.366700	nan	0.000000
1.161800	1.418100	nan	0.000000
1.161800	1.469500	nan	0.000000
1.161800	1.520900	nan	0.000000
1.161800	1.572300	nan	0.000000
1.161800	1.623700	nan	0.000000
1.161800	1.675100	nan	0.000000
1.161800	1.726500	nan	0.000000
1.161800	1.777900	nan	0.000000
1.161800	1.829300	nan	0.000000
1.161800	1.880700	nan	0.000000
1.161800	1.932100	nan	0.000000
1.161800	1.983500	nan	0.000000
1.161800	2.034900	nan	0.000000
1.161800	2.086300	nan	0.000000
1.161800	2.137700	nan	0.000000
1.161800	2.189100	nan	0.000000
1.161800	2.240500	nan	0.000000
1.161800	2.291900	nan	0.000000
1.161800	2.343300	nan	0.000000
1.161800	2.394700	nan	0.000000
1.161800	2.446100	nan	0.000000
1.161800	2.497500	nan	0.000000
1.161800	2.548900	nan	0.000000
1.161800	2.600300	nan	0.000000
1.161800	2.651700	nan	0.000000
1.161800	2.703100	nan	0.000000
1.161800	2.754500	nan	0.000000
1.161800	2.805900	nan	0.000000
1.161800	2.857300	nan	0.000000
1.161800	2.908700	nan	0.000000
1.161800	2.960100	nan	0.000000
1.161800	3.011500	nan	0.000000
1.161800	3.062900	nan	0.000000
1.161800	3.114300	nan	0.000000
1.161800	3.165700	nan	0.000000

1.224600	-2.025700	nan	0.000000
1.224600	-1.974300	nan	0.000000
1.224600	-1.922900	nan	0.000000
1.224600	-1.871500	nan	0.000000
1.224600	-1.820100	12.737543	0.000022
1.224600	-1.768700	17.574786	0.000003
1.224600	-1.717300	15.013859	0.000008
1.224600	-1.665900	13.543259	0.000016
1.224600	-1.614500	12.578502	0.000024
1.224600	-1.563100	11.947525	0.000032
1.224600	-1.511700	11.353214	0.000041
1.224600	-1.460300	10.794064	0.000053
1.224600	-1.408900	10.425329	0.000062
1.224600	-1.357500	10.072646	0.000073
1.224600	-1.306100	9.844082	0.000080
1.224600	-1.254700	9.684989	0.000086
1.224600	-1.203300	9.709586	0.000085
1.224600	-1.151900	9.820103	0.000081
1.224600	-1.100500	10.207543	0.000069
1.224600	-1.049100	10.660184	0.000056
1.224600	-0.997700	11.202003	0.000044
1.224600	-0.946300	12.157508	0.000029
1.224600	-0.894900	13.099269	0.000019
1.224600	-0.843500	14.112795	0.000012
1.224600	-0.792100	14.533816	0.000010
1.224600	-0.740700	15.394931	0.000007
1.224600	-0.689300	16.724263	0.000004
1.224600	-0.637900	16.009198	0.000005
1.224600	-0.586500	nan	0.000000
1.224600	-0.535100	nan	0.000000
1.224600	-0.483700	nan	0.000000
1.224600	-0.432300	nan	0.000000
1.224600	-0.380900	nan	0.000000
1.224600	-0.329500	nan	0.000000
1.224600	-0.278100	nan	0.000000
1.224600	-0.226700	nan	0.000000
1.224600	-0.175300	nan	0.000000
1.224600	-0.123900	nan	0.000000
1.224600	-0.072500	nan	0.000000
1.224600	-0.021100	nan	0.000000
1.224600	0.030300	nan	0.000000
1.224600	0.081700	nan	0.000000
1.224600	0.133100	nan	0.000000
1.224600	0.184500	nan	0.000000
1.224600	0.235900	nan	0.000000
1.224600	0.287300	nan	0.000000
1.224600	0.338700	nan	0.000000
1.224600	0.390100	nan	0.000000
1.224600	0.441500	nan	0.000000
1.224600	0.492900	nan	0.000000
1.224600	0.544300	nan	0.000000
1.224600	0.595700	nan	0.000000
1.224600	0.647100	nan	0.000000
1.224600	0.698500	nan	0.000000
1.224600	0.749900	nan	0.000000
1.224600	0.801300	nan	0.000000
1.224600	0.852700	nan	0.000000
1.224600	0.904100	nan	0.000000
1.224600	0.955500	nan	0.000000
1.224600	1.006900	nan	0.000000
1.224600	1.058300	nan	0.000000
1.224600	1.109700	nan	0.000000
1.224600	1.161100	nan	0.000000
1.224600	1.212500	nan	0.000000
1.224600	1.263900	nan	0.000000
1.224600	1.315300	nan	0.000000
1.224600	1.366700	nan	0.000000
1.224600	1.418100	nan	0.000000
1.224600	1.469500	nan	0.000000
1.224600	1.520900	nan	0.000000
1.224600	1.572300	nan	0.000000
1.224600	1.623700	nan	0.000000
1.224600	1.675100	nan	0.000000
1.224600	1.726500	nan	0.000000
1.224600	1.777900	nan	0.000000
1.224600	1.829300	nan	0.000000
1.224600	1.880700	nan	0.000000
1.224600	1.932100	nan	0.000000
1.224600	1.983500	nan	0.000000
1.224600	2.034900	nan	0.000000
1.224600	2.086300	nan	0.000000
1.224600	2.137700	nan	0.000000
1.224600	2.189100	nan	0.000000
1.224600	2.240500	nan	0.000000
1.224600	2.291900	nan	0.000000
1.224600	2.343300	nan	0.000000
1.224600	2.394700	nan	0.000000
1.224600	2.446100	nan	0.000000
1.224600	2.497500	nan	0.000000
1.224600	2.548900	nan	0.000000
1.224600	2.600300	nan	0.000000
1.224600	2.651700	nan	0.000000
1.224600	2.703100	nan	0.000000
1.224600	2.754500	nan	0.000000
1.224600	2.805900	nan	0.000000
1.224600	2.857300	nan	0.000000
1.224600	2.908700	nan	0.000000
1.224600	2.960100	nan	0.000000
1.224600	3.011500	nan	0.000000
1.224600	3.062900	nan	0.000000
1.224600	3.114300	nan	0.000000
1.224600	3.165700	nan	0.000000

1.287400	-2.025700	nan	0.000000
1.287400	-1.974300	nan	0.000000
1.287400	-1.922900	nan	0.000000
1.287400	-1.871500	nan	0.000000
1.287400	-1.820100	nan	0.000000
1.287400	-1.768700	16.013043	0.000005
1.287400	-1.717300	13.748505	0.000014
1.287400	-1.665900	13.299438	0.000017
1.287400	-1.614500	13.445948	0.000016
1.287400	-1.563100	12.099727	0.000030
1.287400	-1.511700	11.684226	0.000036
1.287400	-1.460300	10.988950	0.000048
1.287400	-1.408900	10.438676	0.000062
1.287400	-1.357500	10.064487	0.000073
1.287400	-1.306100	9.895213	0.000079
1.287400	-1.254700	9.683056	0.000086
1.287400	-1.203300	9.764120	0.000083
1.287400	-1.151900	9.890864	0.000079
1.287400	-1.100500	10.145325	0.000070
1.287400	-1.049100	10.646929	0.000056
1.287400	-0.997700	11.240904	0.000043
1.287400	-0.946300	11.971322	0.000031
1.287400	-0.894900	13.106058	0.000019
1.287400	-0.843500	14.205825	0.000012
1.287400	-0.792100	15.550523	0.000006
1.287400	-0.740700	15.007802	0.000008
1.287400	-0.689300	nan	0.000000
1.287400	-0.637900	nan	0.000000
1.287400	-0.586500	nan	0.000000
1.287400	-0.535100	nan	0.000000
1.287400	-0.483700	nan	0.000000
1.287400	-0.432300	nan	0.000000
1.287400	-0.380900	nan	0.000000
1.287400	-0.329500	nan	0.000000
1.287400	-0.278100	nan	0.000000
1.287400	-0.226700	nan	0.000000
1.287400	-0.175300	nan	0.000000
1.287400	-0.123900	nan	0.000000
1.287400	-0.072500	nan	0.000000
1.287400	-0.021100	nan	0.000000
1.287400	0.030300	nan	0.000000
1.287400	0.081700	nan	0.000000
1.287400	0.133100	nan	0.000000
1.287400	0.184500	nan	0.000000
1.287400	0.235900	nan	0.000000
1.287400	0.287300	nan	0.000000
1.287400	0.338700	nan	0.000000
1.287400	0.390100	nan	0.000000
1.287400	0.441500	nan	0.000000
1.287400	0.492900	nan	0.000000
1.287400	0.544300	nan	0.000000
1.287400	0.595700	nan	0.000000
1.287400	0.647100	nan	0.000000
1.287400	0.698500	nan	0.000000
1.287400	0.749900	nan	0.000000
1.287400	0.801300	nan	0.000000
1.287400	0.852700	nan	0.000000
1.287400	0.904100	nan	0.000000
1.287400	0.955500	nan	0.000000
1.287400	1.006900	nan	0.000000
1.287400	1.058300	nan	0.000000
1.287400	1.109700	nan	0.000000
1.287400	1.161100	nan	0.000000
1.287400	1.212500	nan	0.000000
1.287400	1.263900	nan	0.000000
1.287400	1.315300	nan	0.000000
1.287400	1.366700	nan	0.000000
1.287400	1.418100	nan	0.000000
1.287400	1.469500	nan	0.000000
1.287400	1.520900	nan	0.000000
1.287400	1.572300	nan	0.000000
1.287400	1.623700	nan	0.000000
1.287400	1.675100	nan	0.000000
1.287400	1.726500	nan	0.000000
1.287400	1.777900	nan	0.000000
1.287400	1.829300	nan	0.000000
1.287400	1.880700	nan	0.000000
1.287400	1.932100	nan	0.000000
1.287400	1.983500	nan	0.000000
1.287400	2.034900	nan	0.000000
1.287400	2.086300	nan	0.000000
1.287400	2.137700	nan	0.000000
1.287400	2.189100	nan	0.000000
1.287400	2.240500	nan	0.000000
1.287400	2.291900	nan	0.000000
1.287400	2.343300	nan	0.000000
1.287400	2.394700	nan	0.000000
1.287400	2.446100	nan	0.000000
1.287400	2.497500	nan	0.000000
1.287400	2.548900	nan	0.000000
1.287400	2.600300	nan	0.000000
1.287400	2.651700	nan	0.000000
1.287400	2.703100	nan	0.000000
1.287400	2.754500	nan	0.000000
1.287400	2.805900	nan	0.000000
1.287400	2.857300	nan	0.000000
1.287400	2.908700	nan	0.000000
1.287400	2.960100	nan	0.000000
1.287400	3.011500	nan	0.000000
1.287400	3.062900	nan	0.000000
1.287400	3.114300	nan	0.000000
1.287400	3.165700	nan	0.000000

1.350200	-2.025700	nan	0.000000
1.350200	-1.974300	nan	0.000000
1.350200	-1.922900	nan	0.000000
1.350200	-1.871500	nan	0.000000
1.350200	-1.820100	nan	0.000000
1.350200	-1.768700	14.203488	0.000012
1.350200	-1.717300	14.768771	0.000009
1.350200	-1.665900	14.205903	0.000012
1.350200	-1.614500	14.545615	0.000010
1.350200	-1.563100	12.760639	0.000022
1.350200	-1.511700	11.966994	0.000031
1.350200	-1.460300	11.505378	0.000039
1.350200	-1.408900	11.259123	0.000043
1.350200	-1.357500	10.765747	0.000054
1.350200	-1.306100	10.433655	0.000062
1.350200	-1.254700	10.305955	0.000066
1.350200	-1.203300	10.188938	0.000069
1.350200	-1.151900	10.513003	0.000060
1.350200	-1.100500	10.671042	0.000056
1.350200	-1.049100	11.078005	0.000047
1.350200	-0.997700	11.976376	0.000031
1.350200	-0.946300	12.692687	0.000023
1.350200	-0.894900	14.210357	0.000012
1.350200	-0.843500	14.867086	0.000009
1.350200	-0.792100	17.055140	0.000003
1.350200	-0.740700	16.744386	0.000004
1.350200	-0.689300	nan	0.000000
1.350200	-0.637900	nan	0.000000
1.350200	-0.586500	nan	0.000000
1.350200	-0.535100	nan	0.000000
1.350200	-0.483700	nan	0.000000
1.350200	-0.432300	nan	0.000000
1.350200	-0.380900	nan	0.000000
1.350200	-0.329500	nan	0.000000
1.350200	-0.278100	nan	0.000000
1.350200	-0.226700	nan	0.000000
1.350200	-0.175300	nan	0.000000
1.350200	-0.123900	nan	0.000000
1.350200	-0.072500	nan	0.000000
1.350200	-0.021100	nan	0.000000
1.350200	0.030300	nan	0.000000
1.350200	0.081700	nan	0.000000
1.350200	0.133100	nan	0.000000
1.350200	0.184500	nan	0.000000
1.350200	0.235900	nan	0.000000
1.350200	0.287300	nan	0.000000
1.350200	0.338700	nan	0.000000
1.350200	0.390100	nan	0.000000
1.350200	0.441500	nan	0.000000
1.350200	0.492900	nan	0.000000
1.350200	0.544300	nan	0.000000
1.350200	0.595700	nan	0.000000
1.350200	0.647100	nan	0.000000
1.350200	0.698500	nan	0.000000
1.350200	0.749900	nan	0.000000
1.350200	0.801300	nan	0.000000
1.350200	0.852700	nan	0.000000
1.350200	0.904100	nan	0.000000
1.350200	0.955500	nan	0.000000
1.350200	1.006900	nan	0.000000
1.350200	1.058300	nan	0.000000
1.350200	1.109700	nan	0.000000
1.350200	1.161100	nan	0.000000
1.350200	1.212500	nan	0.000000
1.350200	1.263900	nan	0.000000
1.350200	1.315300	nan	0.000000
1.350200	1.366700	nan	0.000000
1.350200	1.418100	nan	0.000000
1.350200	1.469500	nan	0.000000
1.350200	1.520900	nan	0.000000
1.350200	1.572300	nan	0.000000
1.350200	1.623700	nan	0.000000
1.350200	1.675100	nan	0.000000
1.350200	1.726500	nan	0.000000
1.350200	1.777900	nan	0.000000
1.350200	1.829300	nan	0.000000
1.350200	1.880700	nan	0.000000
1.350200	1.932100	nan	0.000000
1.350200	1.983500	nan	0.000000
1.350200	2.034900	nan	0.000000
1.350200	2.086300	nan	0.000000
1.350200	2.137700	nan	0.000000
1.350200	2.189100	nan	0.000000
1.350200	2.240500	nan	0.000000
1.350200	2.291900	nan	0.000000
1.350200	2.343300	nan	0.000000
1.350200	2.394700	nan	0.000000
1.350200	2.446100	nan	0.000000
1.350200	2.497500	nan	0.000000
1.350200	2.548900	nan	0.000000
1.350200	2.600300	nan	0.000000
1.350200	2.651700	nan	0.000000
1.350200	2.703100	nan	0.000000
1.350200	2.754500	nan	0.000000
1.350200	2.805900	nan	0.000000
1.350200	2.857300	nan	0.000000
1.350200	2.908700	nan	0.000000
1.350200	2.960100	nan	0.000000
1.350200	3.011500	nan	0.000000
1.350200	3.062900	nan	0.000000
1.350200	3.114300	nan	0.000000
1.350200	3.165700	nan	0.000000

1.413000	-2.025700	nan	0.000000
1.413000	-1.974300	nan	0.000000
1.413000	-1.922900	nan	0.000000
1.413000	-1.871500	nan	0.000000
1.413000	-1.820100	nan	0.000000
1.413000	-1.768700	nan	0.000000
1.413000	-1.717300	nan	0.000000
1.413000	-1.665900	14.601644	0.000010
1.413000	-1.614500	17.877626	0.000002
1.413000	-1.563100	14.974051	0.000008
1.413000	-1.511700	12.620183	0.000024
1.413000	-1.460300	12.631952	0.000023
1.413000	-1.408900	12.031130	0.000031
1.413000	-1.357500	11.690201	0.000036
1.413000	-1.306100	11.525339	0.000038
1.413000	-1.254700	11.162603	0.000045
1.413000	-1.203300	11.330365	0.000042
1.413000	-1.151900	11.270045	0.000043
1.413000	-1.100500	11.894908	0.000032
1.413000	-1.049100	12.140328	0.000029
1.413000	-0.997700	12.881700	0.000021
1.413000	-0.946300	14.206583	0.000012
1.413000	-0.894900	14.409584	0.000011
1.413000	-0.843500	16.589632	0.000004
1.413000	-0.792100	nan	0.000000
1.413000	-0.740700	nan	0.000000
1.413000	-0.689300	nan	0.000000
1.413000	-0.637900	nan	0.000000
1.413000	-0.586500	nan	0.000000
1.413000	-0.535100	nan	0.000000
1.413000	-0.483700	nan	0.000000
1.413000	-0.432300	nan	0.000000
1.413000	-0.380900	nan	0.000000
1.413000	-0.329500	nan	0.000000
1.413000	-0.278100	nan	0.000000
1.413000	-0.226700	nan	0.000000
1.413000	-0.175300	nan	0.000000
1.413000	-0.123900	nan	0.000000
1.413000	-0.072500	nan	0.000000
1.413000	-0.021100	nan	0.000000
1.413000	0.030300	nan	0.000000
1.413000	0.081700	nan	0.000000
1.413000	0.133100	nan	0.000000
1.413000	0.184500	nan	0.000000
1.413000	0.235900	nan	0.000000
1.413000	0.287300	nan	0.000000
1.413000	0.338700	nan	0.000000
1.413000	0.390100	nan	0.000000
1.413000	0.441500	nan	0.000000
1.413000	0.492900	nan	0.000000
1.413000	0.544300	nan	0.000000
1.413000	0.595700	nan	0.000000
1.413000	0.647100	nan	0.000000
1.413000	0.698500	nan	0.000000
1.413000	0.749900	nan	0.000000
1.413000	0.801300	nan	0.000000
1.413000	0.852700	nan	0.000000
1.413000	0.904100	nan	0.000000
1.413000	0.955500	nan	0.000000
1.413000	1.006900	nan	0.000000
1.413000	1.058300	nan	0.000000
1.413000	1.109700	nan	0.000000
1.413000	1.161100	nan	0.000000
1.413000	1.212500	nan	0.000000
1.413000	1.263900	nan	0.000000
1.413000	1.315300	nan	0.000000
1.413000	1.366700	nan	0.000000
1.413000	1.418100	nan	0.000000
1.413000	1.469500	nan	0.000000
1.413000	1.520900	nan	0.000000
1.413000	1.572300	nan	0.000000
1.413000	1.623700	nan	0.000000
1.413000	1.675100	nan	0.000000
1.413000	1.726500	nan	0.000000
1.413000	1.777900	nan	0.000000
1.413000	1.829300	nan	0.000000
1.413000	1.880700	nan	0.000000
1.413000	1.932100	nan	0.000000
1.413000	1.983500	nan	0.000000
1.413000	2.034900	nan	0.000000
1.413000	2.086300	nan	0.000000
1.413000	2.137700	nan	0.000000
1.413000	2.189100	nan	0.000000
1.413000	2.240500	nan	0.000000
1.413000	2.291900	nan	0.000000
1.413000	2.343300	nan	0.000000
1.413000	2.394700	nan	0.000000
1.413000	2.446100	nan	0.000000
1.413000	2.497500	nan	0.000000
1.413000	2.548900	nan	0.000000
1.413000	2.600300	nan	0.000000
1.413000	2.651700	nan	0.000000
1.413000	2.703100	nan	0.000000
1.413000	2.754500	nan	0.000000
1.413000	2.805900	nan	0.000000
1.413000	2.857300	nan	0.000000
1.413000	2.908700	nan	0.000000
1.413000	2.960100	nan	0.000000
1.413000	3.011500	nan	0.000000
1.413000	3.062900	nan	0.000000
1.413000	3.114300	nan	0.000000
1.413000	3.165700	nan	0.000000

1.475800	-2.025700	nan	0.000000
1.475800	-1.974300	nan	0.000000
1.475800	-1.922900	nan	0.000000
1.475800	-1.871500	nan	0.000000
1.475800	-1.820100	nan	0.000000
1.475800	-1.768700	nan	0.000000
1.475800	-1.717300	nan	0.000000
1.475800	-1.665900	nan	0.000000
1.475800	-1.614500	13.929725	0.000013
1.475800	-1.563100	15.425628	0.000007
1.475800	-1.511700	14.638027	0.000010
1.475800	-1.460300	14.648442	0.000010
1.475800	-1.408900	13.554288	0.000016
1.475800	-1.357500	12.956560	0.000020
1.475800	-1.306100	12.644950	0.000023
1.475800	-1.254700	12.824566	0.000022
1.475800	-1.203300	12.569841	0.000024
1.475800	-1.151900	13.011988	0.000020
1.475800	-1.100500	12.844725	0.000021
1.475800	-1.049100	14.061874	0.000012
1.475800	-0.997700	14.801398	0.000009
1.475800	-0.946300	14.825023	0.000009
1.475800	-0.894900	nan	0.000000
1.475800	-0.843500	nan	0.000000
1.475800	-0.792100	nan	0.000000
1.475800	-0.740700	nan	0.000000
1.475800	-0.689300	nan	0.000000
1.475800	-0.637900	nan	0.000000
1.475800	-0.586500	nan	0.000000
1.475800	-0.535100	nan	0.000000
1.475800	-0.483700	nan	0.000000
1.475800	-0.432300	nan	0.000000
1.475800	-0.380900	nan	0.000000
1.475800	-0.329500	nan	0.000000
1.475800	-0.278100	nan	0.000000
1.475800	-0.226700	nan	0.000000
1.475800	-0.175300	nan	0.000000
1.475800	-0.123900	nan	0.000000
1.475800	-0.072500	nan	0.000000
1.475800	-0.021100	nan	0.000000
1.475800	0.030300	nan	0.000000
1.475800	0.081700	nan	0.000000
1.475800	0.133100	nan	0.000000
1.475800	0.184500	nan	0.000000
1.475800	0.235900	nan	0.000000
1.475800	0.287300	nan	0.000000
1.475800	0.338700	nan	0.000000
1.475800	0.390100	nan	0.000000
1.475800	0.441500	nan	0.000000
1.475800	0.492900	nan	0.000000
1.475800	0.544300	nan	0.000000
1.475800	0.595700	nan	0.000000
1.475800	0.647100	nan	0.000000
1.475800	0.698500	nan	0.000000
1.475800	0.749900	nan	0.000000
1.475800	0.801300	nan	0.000000
1.475800	0.852700	nan	0.000000
1.475800	0.904100	nan	0.000000
1.475800	0.955500	nan	0.000000
1.475800	1.006900	nan	0.000000
1.475800	1.058300	nan	0.000000
1.475800	1.109700	nan	0.000000
1.475800	1.161100	nan	0.000000
1.475800	1.212500	nan	0.000000
1.475800	1.263900	nan	0.000000
1.475800	1.315300	nan	0.000000
1.475800	1.366700	nan	0.000000
1.475800	1.418100	nan	0.000000
1.475800	1.469500	nan	0.000000
1.475800	1.520900	nan	0.000000
1.475800	1.572300	nan	0.000000
1.475800	1.623700	nan	0.000000
1.475800	1.675100	nan	0.000000
1.475800	1.726500	nan	0.000000
1.475800	1.777900	nan	0.000000
1.475800	1.829300	nan	0.000000
1.475800	1.880700	nan	0.000000
1.475800	1.932100	nan	0.000000
1.475800	1.983500	nan	0.000000
1.475800	2.034900	nan	0.000000
1.475800	2.086300	nan	0.000000
1.475800	2.137700	nan	0.000000
1.475800	2.189100	nan	0.000000
1.475800	2.240500	nan	0.000000
1.475800	2.291900	nan	0.000000
1.475800	2.343300	nan	0.000000
1.475800	2.394700	nan	0.000000
1.475800	2.446100	nan	0.000000
1.475800	2.497500	nan	0.000000
1.475800	2.548900	nan	0.000000
1.475800	2.600300	nan	0.000000
1.475800	2.651700	nan	0.000000
1.475800	2.703100	nan	0.000000
1.475800	2.754500	nan	0.000000
1.475800	2.805900	nan	0.000000
1.475800	2.857300	nan	0.000000
1.475800	2.908700	nan	0.000000
1.475800	2.960100	nan	0.000000
1.475800	3.011500	nan	0.000000
1.475800	3.062900	nan	0.000000
1.475800	3.114300	nan	0.000000
1.475800	3.165700	nan	0.000000

1.538600	-2.025700	nan	0.000000
1.538600	-1.974300	nan	0.000000
1.538600	-1.922900	nan	0.000000
1.538600	-1.871500	nan	0.000000
1.538600	-1.820100	nan	0.000000
1.538600	-1.768700	nan	0.000000
1.538600	-1.717300	9.192323	0.000107
1.538600	-1.665900	nan	0.000000
1.538600	-1.614500	nan	0.000000
1.538600	-1.563100	nan	0.000000
1.538600	-1.511700	nan	0.000000
1.538600	-1.460300	14.183647	0.000012
1.538600	-1.408900	13.889655	0.000013
1.538600	-1.357500	15.694860	0.000006
1.538600	-1.306100	13.915335	0.000013
1.538600	-1.254700	13.876319	0.000014
1.538600	-1.203300	14.809348	0.000009
1.538600	-1.151900	14.265490	0.000011
1.538600	-1.100500	15.775147	0.000006
1.538600	-1.049100	13.589741	0.000015
1.538600	-0.997700	16.812744	0.000004
1.538600	-0.946300	12.637181	0.000023
1.538600	-0.894900	nan	0.000000
1.538600	-0.843500	13.057647	0.000019
1.538600	-0.792100	nan	0.000000
1.538600	-0.740700	nan	0.000000
1.538600	-0.689300	nan	0.000000
1.538600	-0.637900	nan	0.000000
1.538600	-0.586500	nan	0.000000
1.538600	-0.535100	nan	0.000000
1.538600	-0.483700	nan	0.000000
1.538600	-0.432300	nan	0.000000
1.538600	-0.380900	nan	0.000000
1.538600	-0.329500	nan	0.000000
1.538600	-0.278100	nan	0.000000
1.538600	-0.226700	nan	0.000000
1.538600	-0.175300	nan	0.000000
1.538600	-0.123900	nan	0.000000
1.538600	-0.072500	nan	0.000000
1.538600	-0.021100	nan	0.000000
1.538600	0.030300	nan	0.000000
1.538600	0.081700	nan	0.000000
1.538600	0.133100	nan	0.000000
1.538600	0.184500	nan	0.000000
1.538600	0.235900	nan	0.000000
1.538600	0.287300	nan	0.000000
1.538600	0.338700	nan	0.000000
1.538600	0.390100	nan	0.000000
1.538600	0.441500	nan	0.000000
1.538600	0.492900	nan	0.000000
1.538600	0.544300	nan	0.000000
1.538600	0.595700	nan	0.000000
1.538600	0.647100	nan	0.000000
1.538600	0.698500	nan	0.000000
1.538600	0.749900	nan	0.000000
1.538600	0.801300	nan	0.000000
1.538600	0.852700	nan	0.000000
1.538600	0.904100	nan	0.000000
1.538600	0.955500	nan	0.000000
1.538600	1.006900	nan	0.000000
1.538600	1.058300	nan	0.000000
1.538600	1.109700	nan	0.000000
1.538600	1.161100	nan	0.000000
1.538600	1.212500	nan	0.000000
1.538600	1.263900	nan	0.000000
1.538600	1.315300	nan	0.000000
1.538600	1.366700	nan	0.000000
1.538600	1.418100	nan	0.000000
1.538600	1.469500	nan	0.000000
1.538600	1.520900	nan	0.000000
1.538600	1.572300	nan	0.000000
1.538600	1.623700	nan	0.000000
1.538600	1.675100	nan	0.000000
1.538600	1.726500	nan	0.000000
1.538600	1.777900	nan	0.000000
1.538600	1.829300	nan	0.000000
1.538600	1.880700	nan	0.000000
1.538600	1.932100	nan	0.000000
1.538600	1.983500	nan	0.000000
1.538600	2.034900	nan	0.000000
1.538600	2.086300	nan	0.000000
1.538600	2.137700	nan	0.000000
1.538600	2.189100	nan	0.000000
1.538600	2.240500	nan	0.000000
1.538600	2.291900	nan	0.000000
1.538600	2.343300	nan	0.000000
1.538600	2.394700	nan	0.000000
1.538600	2.446100	nan	0.000000
1.538600	2.497500	nan	0.000000
1.538600	2.548900	nan	0.000000
1.538600	2.600300	nan	0.000000
1.538600	2.651700	nan	0.000000
1.538600	2.703100	nan	0.000000
1.538600	2.754500	nan	0.000000
1.538600	2.805900	nan	0.000000
1.538600	2.857300	nan	0.000000
1.538600	2.908700	nan	0.000000
1.538600	2.960100	nan	0.000000
1.538600	3.011500	nan	0.000000
1.538600	3.062900	nan	0.000000
1.538600	3.114300	nan	0.000000
1.538600	3.165700	nan	0.000000

1.601400	-2.025700	nan	0.000000
1.601400	-1.974300	nan	0.000000
1.601400	-1.922900	nan	0.000000
1.601400	-1.871500	nan	0.000000
1.601400	-1.820100	nan	0.000000
1.601400	-1.768700	nan	0.000000
1.601400	-1.717300	nan	0.000000
1.601400	-1.665900	nan	0.000000
1.601400	-1.614500	nan	0.000000
1.601400	-1.563100	nan	0.000000
1.601400	-1.511700	nan	0.000000
1.601400	-1.460300	nan	0.000000
1.601400	-1.408900	14.540185	0.000010
1.601400	-1.357500	nan	0.000000
1.601400	-1.306100	15.627813	0.000006
1.601400	-1.254700	nan	0.000000
1.601400	-1.203300	nan	0.000000
1.601400	-1.151900	15.674375	0.000006
1.601400	-1.100500	nan	0.000000
1.601400	-1.049100	nan	0.000000
1.601400	-0.997700	nan	0.000000
1.601400	-0.946300	nan	0.000000
1.601400	-0.894900	nan	0.000000
1.601400	-0.843500	nan	0.000000
1.601400	-0.792100	nan	0.000000
1.601400	-0.740700	nan	0.000000
1.601400	-0.689300	nan	0.000000
1.601400	-0.637900	nan	0.000000
1.601400	-0.586500	nan	0.000000
1.601400	-0.535100	nan	0.000000
1.601400	-0.483700	nan	0.000000
1.601400	-0.432300	nan	0.000000
1.601400	-0.380900	nan	0.000000
1.601400	-0.329500	nan	0.000000
1.601400	-0.278100	nan	0.000000
1.601400	-0.226700	nan	0.000000
1.601400	-0.175300	nan	0.000000
1.601400	-0.123900	nan	0.000000
1.601400	-0.072500	nan	0.000000
1.601400	-0.021100	nan	0.000000
1.601400	0.030300	nan	0.000000
1.601400	0.081700	nan	0.000000
1.601400	0.133100	nan	0.000000
1.601400	0.184500	nan	0.000000
1.601400	0.235900	nan	0.000000
1.601400	0.287300	nan	0.000000
1.601400	0.338700	nan	0.000000
1.601400	0.390100	nan	0.000000
1.601400	0.441500	nan	0.000000
1.601400	0.492900	nan	0.000000
1.601400	0.544300	nan	0.000000
1.601400	0.595700	nan	0.000000
1.601400	0.647100	nan	0.000000
1.601400	0.698500	nan	0.000000
1.601400	0.749900	nan	0.000000
1.601400	0.801300	nan	0.000000
1.601400	0.852700	nan	0.000000
1.601400	0.904100	nan	0.000000
1.601400	0.955500	nan	0.000000
1.601400	1.006900	nan	0.000000
1.601400	1.058300	nan	0.000000
1.601400	1.109700	nan	0.000000
1.601400	1.161100	nan	0.000000
1.601400	1.212500	nan	0.000000
1.601400	1.263900	nan	0.000000
1.601400	1.315300	nan	0.000000
1.601400	1.366700	nan	0.000000
1.601400	1.418100	nan	0.000000
1.601400	1.469500	nan	0.000000
1.601400	1.520900	nan	0.000000
1.601400	1.572300	nan	0.000000
1.601400	1.623700	nan	0.000000
1.601400	1.675100	nan	0.000000
1.601400	1.726500	nan	0.000000
1.601400	1.777900	nan	0.000000
1.601400	1.829300	nan	0.000000
1.601400	1.880700	nan	0.000000
1.601400	1.932100	nan	0.000000
1.601400	1.983500	nan	0.000000
1.601400	2.034900	nan	0.000000
1.601400	2.086300	nan	0.000000
1.601400	2.137700	nan	0.000000
1.601400	2.189100	nan	0.000000
1.601400	2.240500	nan	0.000000
1.601400	2.291900	nan	0.000000
1.601400	2.343300	nan	0.000000
1.601400	2.394700	nan	0.000000
1.601400	2.446100	nan	0.000000
1.601400	2.497500	nan	0.000000
1.601400	2.548900	nan	0.000000
1.601400	2.600300	nan	0.000000
1.601400	2.651700	nan	0.000000
1.601400	2.703100	nan	0.000000
1.601400	2.754500	nan	0.000000
1.601400	2.805900	nan	0.000000
1.601400	2.857300	nan	0.000000
1.601400	2.908700	nan	0.000000
1.601400	2.960100	nan	0.000000
1.601400	3.011500	nan	0.000000
1.601400	3.062900	nan	0.000000
1.601400	3.114300	nan	0.000000
1.601400	3.165700	nan	0.000000

1.664200	-2.025700	nan	0.000000
1.664200	-1.974300	nan	0.000000
1.664200	-1.922900	nan	0.000000
1.664200	-1.871500	nan	0.000000
1.664200	-1.820100	nan	0.000000
1.664200	-1.768700	nan	0.000000
1.664200	-1.717300	nan	0.000000
1.664200	-1.665900	nan	0.000000
1.664200	-1.614500	nan	0.000000
1.664200	-1.563100	nan	0.000000
1.664200	-1.511700	nan	0.000000
1.664200	-1.460300	nan	0.000000
1.664200	-1.408900	nan	0.000000
1.664200	-1.357500	nan	0.000000
1.664200	-1.306100	nan	0.000000
1.664200	-1.254700	nan	0.000000
1.664200	-1.203300	nan	0.000000
1.664200	-1.151900	nan	0.000000
1.664200	-1.100500	nan	0.000000
1.664200	-1.049100	nan	0.000000
1.664200	-0.997700	nan	0.000000
1.664200	-0.946300	nan	0.000000
1.664200	-0.894900	nan	0.000000
1.664200	-0.843500	nan	0.000000
1.664200	-0.792100	nan	0.000000
1.664200	-0.740700	nan	0.000000
1.664200	-0.689300	nan	0.000000
1.664200	-0.637900	nan	0.000000
1.664200	-0.586500	nan	0.000000
1.664200	-0.535100	nan	0.000000
1.664200	-0.483700	nan	0.000000
1.664200	-0.432300	nan	0.000000
1.664200	-0.380900	nan	0.000000
1.664200	-0.329500	nan	0.000000
1.664200	-0.278100	nan	0.000000
1.664200	-0.226700	nan	0.000000
1.664200	-0.175300	nan	0.000000
1.664200	-0.123900	nan	0.000000
1.664200	-0.072500	nan	0.000000
1.664200	-0.021100	nan	0.000000
1.664200	0.030300	nan	0.000000
1.664200	0.081700	nan	0.000000
1.664200	0.133100	nan	0.000000
1.664200	0.184500	nan	0.000000
1.664200	0.235900	nan	0.000000
1.664200	0.287300	nan	0.000000
1.664200	0.338700	nan	0.000000
1.664200	0.390100	nan	0.000000
1.664200	0.441500	nan	0.000000
1.664200	0.492900	nan	0.000000
1.664200	0.544300	nan	0.000000
1.664200	0.595700	nan	0.000000
1.664200	0.647100	nan	0.000000
1.664200	0.698500	nan	0.000000
1.664200	0.749900	nan	0.000000
1.664200	0.801300	nan	0.000000
1.664200	0.852700	nan	0.000000
1.664200	0.904100	nan	0.000000
1.664200	0.955500	nan	0.000000
1.664200	1.006900	nan	0.000000
1.664200	1.058300	nan	0.000000
1.664200	1.109700	nan	0.000000
1.664200	1.161100	nan	0.000000
1.664200	1.212500	nan	0.000000
1.664200	1.263900	nan	0.000000
1.664200	1.315300	nan	0.000000
1.664200	1.366700	nan	0.000000
1.664200	1.418100	nan	0.000000
1.664200	1.469500	nan	0.000000
1.664200	1.520900	nan	0.000000
1.664200	1.572300	nan	0.000000
1.664200	1.623700	nan	0.000000
1.664200	1.675100	nan	0.000000
1.664200	1.726500	nan	0.000000
1.664200	1.777900	nan	0.000000
1.664200	1.829300	nan	0.000000
1.664200	1.880700	nan	0.000000
1.664200	1.932100	nan	0.000000
1.664200	1.983500	nan	0.000000
1.664200	2.034900	nan	0.000000
1.664200	2.086300	nan	0.000000
1.664200	2.137700	nan	0.000000
1.664200	2.189100	nan	0.000000
1.664200	2.240500	nan	0.000000
1.664200	2.291900	nan	0.000000
1.664200	2.343300	nan	0.000000
1.664200	2.394700	nan	0.000000
1.664200	2.446100	nan	0.000000
1.664200	2.497500	nan	0.000000
1.664200	2.548900	nan	0.000000
1.664200	2.600300	nan	0.000000
1.664200	2.651700	nan	0.000000
1.664200	2.703100	nan	0.000000
1.664200	2.754500	nan	0.000000
1.664200	2.805900	nan	0.000000
1.664200	2.857300	nan	0.000000
1.664200	2.908700	nan	0.000000
1.664200	2.960100	nan	0.000000
1.664200	3.011500	nan	0.000000
1.664200	3.062900	nan	0.000000
1.664200	3.114300	nan	0.000000
1.664200	3.165700	nan	0.000000

1.727000	-2.025700	nan	0.000000
1.727000	-1.974300	nan	0.000000
1.727000	-1.922900	nan	0.000000
1.727000	-1.871500	nan	0.000000
1.727000	-1.820100	nan	0.000000
1.727000	-1.768700	nan	0.000000
1.727000	-1.717300	nan	0.000000
1.727000	-1.665900	nan	0.000000
1.727000	-1.614500	nan	0.000000
1.727000	-1.563100	nan	0.000000
1.727000	-1.511700	nan	0.000000
1.727000	-1.460300	nan	0.000000
1.727000	-1.408900	nan	0.000000
1.727000	-1.357500	nan	0.000000
1.727000	-1.306100	nan	0.000000
1.727000	-1.254700	nan	0.000000
1.727000	-1.203300	nan	0.000000
1.727000	-1.151900	nan	0.000000
1.727000	-1.100500	nan	0.000000
1.727000	-1.049100	nan	0.000000
1.727000	-0.997700	nan	0.000000
1.727000	-0.946300	nan	0.000000
1.727000	-0.894900	nan	0.000000
1.727000	-0.843500	nan	0.000000
1.727000	-0.792100	nan	0.000000
1.727000	-0.740700	nan	0.000000
1.727000	-0.689300	nan	0.000000
1.727000	-0.637900	nan	0.000000
1.727000	-0.586500	nan	0.000000
1.727000	-0.535100	nan	0.000000
1.727000	-0.483700	nan	0.000000
1.727000	-0.432300	nan	0.000000
1.727000	-0.380900	nan	0.000000
1.727000	-0.329500	nan	0.000000
1.727000	-0.278100	nan	0.000000
1.727000	-0.226700	nan	0.000000
1.727000	-0.175300	nan	0.000000
1.727000	-0.123900	nan	0.000000
1.727000	-0.072500	nan	0.000000
1.727000	-0.021100	nan	0.000000
1.727000	0.030300	nan	0.000000
1.727000	0.081700	nan	0.000000
1.727000	0.133100	nan	0.000000
1.727000	0.184500	nan	0.000000
1.727000	0.235900	nan	0.000000
1.727000	0.287300	nan	0.000000
1.727000	0.338700	nan	0.000000
1.727000	0.390100	nan	0.000000
1.727000	0.441500	nan	0.000000
1.727000	0.492900	nan	0.000000
1.727000	0.544300	nan	0.000000
1.727000	0.595700	nan	0.000000
1.727000	0.647100	nan	0.000000
1.727000	0.698500	nan	0.000000
1.727000	0.749900	nan	0.000000
1.727000	0.801300	nan	0.000000
1.727000	0.852700	nan	0.000000
1.727000	0.904100	nan	0.000000
1.727000	0.955500	nan	0.000000
1.727000	1.006900	nan	0.000000
1.727000	1.058300	nan	0.000000
1.727000	1.109700	nan	0.000000
1.727000	1.161100	nan	0.000000
1.727000	1.212500	nan	0.000000
1.727000	1.263900	nan	0.000000
1.727000	1.315300	nan	0.000000
1.727000	1.366700	nan	0.000000
1.727000	1.418100	nan	0.000000
1.727000	1.469500	nan	0.000000
1.727000	1.520900	nan	0.000000
1.727000	1.572300	nan	0.000000
1.727000	1.623700	nan	0.000000
1.727000	1.675100	nan	0.000000
1.727000	1.726500	nan	0.000000
1.727000	1.777900	nan	0.000000
1.727000	1.829300	nan	0.000000
1.727000	1.880700	nan	0.000000
1.727000	1.932100	nan	0.000000
1.727000	1.983500	nan	0.000000
1.727000	2.034900	nan	0.000000
1.727000	2.086300	nan	0.000000
1.727000	2.137700	nan	0.000000
1.727000	2.189100	nan	0.000000
1.727000	2.240500	nan	0.000000
1.727000	2.291900	nan	0.000000
1.727000	2.343300	nan	0.000000
1.727000	2.394700	nan	0.000000
1.727000	2.446100	nan	0.000000
1.727000	2.497500	nan	0.000000
1.727000	2.548900	nan	0.000000
1.727000	2.600300	nan	0.000000
1.727000	2.651700	nan	0.000000
1.727000	2.703100	nan	0.000000
1.727000	2.754500	nan	0.000000
1.727000	2.805900	nan	0.000000
1.727000	2.857300	nan	0.000000
1.727000	2.908700	nan	0.000000
1.727000	2.960100	nan	0.000000
1.727000	3.011500	nan	0.000000
1.727000	3.062900	nan	0.000000
1.727000	3.114300	nan	0.000000
1.727000	3.165700	nan	0.000000

1.789800	-2.025700	nan	0.000000
1.789800	-1.974300	nan	0.000000
1.789800	-1.922900	nan	0.000000
1.789800	-1.871500	nan	0.000000
1.789800	-1.820100	nan	0.000000
1.789800	-1.768700	nan	0.000000
1.789800	-1.717300	nan	0.000000
1.789800	-1.665900	nan	0.000000
1.789800	-1.614500	nan	0.000000
1.789800	-1.563100	nan	0.000000
1.789800	-1.511700	nan	0.000000
1.789800	-1.460300	nan	0.000000
1.789800	-1.408900	nan	0.000000
1.789800	-1.357500	nan	0.000000
1.789800	-1.306100	nan	0.000000
1.789800	-1.254700	nan	0.000000
1.789800	-1.203300	nan	0.000000
1.789800	-1.151900	nan	0.000000
1.789800	-1.100500	nan	0.000000
1.789800	-1.049100	nan	0.000000
1.789800	-0.997700	nan	0.000000
1.789800	-0.946300	nan	0.000000
1.789800	-0.894900	nan	0.000000
1.789800	-0.843500	nan	0.000000
1.789800	-0.792100	nan	0.000000
1.789800	-0.740700	nan	0.000000
1.789800	-0.689300	nan	0.000000
1.789800	-0.637900	nan	0.000000
1.789800	-0.586500	nan	0.000000
1.789800	-0.535100	nan	0.000000
1.789800	-0.483700	nan	0.000000
1.789800	-0.432300	nan	0.000000
1.789800	-0.380900	nan	0.000000
1.789800	-0.329500	nan	0.000000
1.789800	-0.278100	nan	0.000000
1.789800	-0.226700	nan	0.000000
1.789800	-0.175300	nan	0.000000
1.789800	-0.123900	nan	0.000000
1.789800	-0.072500	nan	0.000000
1.789800	-0.021100	nan	0.000000
1.789800	0.030300	nan	0.000000
1.789800	0.081700	nan	0.000000
1.789800	0.133100	nan	0.000000
1.789800	0.184500	nan	0.000000
1.789800	0.235900	nan	0.000000
1.789800	0.287300	nan	0.000000
1.789800	0.338700	nan	0.000000
1.789800	0.390100	nan	0.000000
1.789800	0.441500	nan	0.000000
1.789800	0.492900	nan	0.000000
1.789800	0.544300	nan	0.000000
1.789800	0.595700	nan	0.000000
1.789800	0.647100	nan	0.000000
1.789800	0.698500	nan	0.000000
1.789800	0.749900	nan	0.000000
1.789800	0.801300	nan	0.000000
1.789800	0.852700	nan	0.000000
1.789800	0.904100	nan	0.000000
1.789800	0.955500	nan	0.000000
1.789800	1.006900	nan	0.000000
1.789800	1.058300	nan	0.000000
1.789800	1.109700	nan	0.000000
1.789800	1.161100	nan	0.000000
1.789800	1.212500	nan	0.000000
1.789800	1.263900	nan	0.000000
1.789800	1.315300	nan	0.000000
1.789800	1.366700	nan	0.000000
1.789800	1.418100	nan	0.000000
1.789800	1.469500	nan	0.000000
1.789800	1.520900	nan	0.000000
1.789800	1.572300	nan	0.000000
1.789800	1.623700	nan	0.000000
1.789800	1.675100	nan	0.000000
1.789800	1.726500	nan	0.000000
1.789800	1.777900	nan	0.000000
1.789800	1.829300	nan	0.000000
1.789800	1.880700	nan	0.000000
1.789800	1.932100	nan	0.000000
1.789800	1.983500	nan	0.000000
1.789800	2.034900	nan	0.000000
1.789800	2.086300	nan	0.000000
1.789800	2.137700	nan	0.000000
1.789800	2.189100	nan	0.000000
1.789800	2.240500	nan	0.000000
1.789800	2.291900	nan	0.000000
1.789800	2.343300	nan	0.000000
1.789800	2.394700	nan	0.000000
1.789800	2.446100	nan	0.000000
1.789800	2.497500	nan	0.000000
1.789800	2.548900	nan	0.000000
1.789800	2.600300	nan	0.000000
1.789800	2.651700	nan	0.000000
1.789800	2.703100	nan	0.000000
1.789800	2.754500	nan	0.000000
1.789800	2.805900	nan	0.000000
1.789800	2.857300	nan	0.000000
1.789800	2.908700	nan	0.000000
1.789800	2.960100	nan	0.000000
1.789800	3.011500	nan	0.000000
1.789800	3.062900	nan	0.000000
1.789800	3.114300	nan	0.000000
1.789800	3.165700	nan	0.000000

1.852600	-2.025700	nan	0.000000
1.852600	-1.974300	nan	0.000000
1.852600	-1.922900	nan	0.000000
1.852600	-1.871500	nan	0.000000
1.852600	-1.820100	nan	0.000000
1.852600	-1.768700	nan	0.000000
1.852600	-1.717300	nan	0.000000
1.852600	-1.665900	nan	0.000000
1.852600	-1.614500	nan	0.000000
1.852600	-1.563100	nan	0.000000
1.852600	-1.511700	nan	0.000000
1.852600	-1.460300	nan	0.000000
1.852600	-1.408900	nan	0.000000
1.852600	-1.357500	nan	0.000000
1.852600	-1.306100	nan	0.000000
1.852600	-1.254700	nan	0.000000
1.852600	-1.203300	nan	0.000000
1.852600	-1.151900	nan	0.000000
1.852600	-1.100500	nan	0.000000
1.852600	-1.049100	nan	0.000000
1.852600	-0.997700	nan	0.000000
1.852600	-0.946300	nan	0.000000
1.852600	-0.894900	nan	0.000000
1.852600	-0.843500	nan	0.000000
1.852600	-0.792100	nan	0.000000
1.852600	-0.740700	nan	0.000000
1.852600	-0.689300	nan	0.000000
1.852600	-0.637900	nan	0.000000
1.852600	-0.586500	nan	0.000000
1.852600	-0.535100	nan	0.000000
1.852600	-0.483700	nan	0.000000
1.852600	-0.432300	nan	0.000000
1.852600	-0.380900	nan	0.000000
1.852600	-0.329500	nan	0.000000
1.852600	-0.278100	nan	0.000000
1.852600	-0.226700	nan	0.000000
1.852600	-0.175300	nan	0.000000
1.852600	-0.123900	nan	0.000000
1.852600	-0.072500	nan	0.000000
1.852600	-0.021100	nan	0.000000
1.852600	0.030300	nan	0.000000
1.852600	0.081700	nan	0.000000
1.852600	0.133100	nan	0.000000
1.852600	0.184500	nan	0.000000
1.852600	0.235900	nan	0.000000
1.852600	0.287300	nan	0.000000
1.852600	0.338700	nan	0.000000
1.852600	0.390100	nan	0.000000
1.852600	0.441500	nan	0.000000
1.852600	0.492900	nan	0.000000
1.852600	0.544300	nan	0.000000
1.852600	0.595700	nan	0.000000
1.852600	0.647100	nan	0.000000
1.852600	0.698500	nan	0.000000
1.852600	0.749900	nan	0.000000
1.852600	0.801300	nan	0.000000
1.852600	0.852700	nan	0.000000
1.852600	0.904100	nan	0.000000
1.852600	0.955500	nan	0.000000
1.852600	1.006900	nan	0.000000
1.852600	1.058300	nan	0.000000
1.852600	1.109700	nan	0.000000
1.852600	1.161100	nan	0.000000
1.852600	1.212500	nan	0.000000
1.852600	1.263900	nan	0.000000
1.852600	1.315300	nan	0.000000
1.852600	1.366700	nan	0.000000
1.852600	1.418100	nan	0.000000
1.852600	1.469500	nan	0.000000
1.852600	1.520900	nan	0.000000
1.852600	1.572300	nan	0.000000
1.852600	1.623700	nan	0.000000
1.852600	1.675100	nan	0.000000
1.852600	1.726500	nan	0.000000
1.852600	1.777900	nan	0.000000
1.852600	1.829300	nan	0.000000
1.852600	1.880700	nan	0.000000
1.852600	1.932100	nan	0.000000
1.852600	1.983500	nan	0.000000
1.852600	2.034900	nan	0.000000
1.852600	2.086300	nan	0.000000
1.852600	2.137700	nan	0.000000
1.852600	2.189100	nan	0.000000
1.852600	2.240500	nan	0.000000
1.852600	2.291900	nan	0.000000
1.852600	2.343300	nan	0.000000
1.852600	2.394700	nan	0.000000
1.852600	2.446100	nan	0.000000
1.852600	2.497500	nan	0.000000
1.852600	2.548900	nan	0.000000
1.852600	2.600300	nan	0.000000
1.852600	2.651700	nan	0.000000
1.852600	2.703100	nan	0.000000
1.852600	2.754500	nan	0.000000
1.852600	2.805900	nan	0.000000
1.852600	2.857300	nan	0.000000
1.852600	2.908700	nan	0.000000
1.852600	2.960100	nan	0.000000
1.852600	3.011500	nan	0.000000
1.852600	3.062900	nan	0.000000
1.852600	3.114300	nan	0.000000
1.852600	3.165700	nan	0.000000

1.915400	-2.025700	nan	0.000000
1.915400	-1.974300	nan	0.000000
1.915400	-1.922900	nan	0.000000
1.915400	-1.871500	nan	0.000000
1.915400	-1.820100	nan	0.000000
1.915400	-1.768700	nan	0.000000
1.915400	-1.717300	nan	0.000000
1.915400	-1.665900	nan	0.000000
1.915400	-1.614500	nan	0.000000
1.915400	-1.563100	nan	0.000000
1.915400	-1.511700	nan	0.000000
1.915400	-1.460300	nan	0.000000
1.915400	-1.408900	nan	0.000000
1.915400	-1.357500	nan	0.000000
1.915400	-1.306100	nan	0.000000
1.915400	-1.254700	nan	0.000000
1.915400	-1.203300	nan	0.000000
1.915400	-1.151900	nan	0.000000
1.915400	-1.100500	nan	0.000000
1.915400	-1.049100	nan	0.000000
1.915400	-0.997700	nan	0.000000
1.915400	-0.946300	nan	0.000000
1.915400	-0.894900	nan	0.000000
1.915400	-0.843500	nan	0.000000
1.915400	-0.792100	nan	0.000000
1.915400	-0.740700	nan	0.000000
1.915400	-0.689300	nan	0.000000
1.915400	-0.637900	nan	0.000000
1.915400	-0.586500	nan	0.000000
1.915400	-0.535100	nan	0.000000
1.915400	-0.483700	nan	0.000000
1.915400	-0.432300	nan	0.000000
1.915400	-0.380900	nan	0.000000
1.915400	-0.329500	nan	0.000000
1.915400	-0.278100	nan	0.000000
1.915400	-0.226700	nan	0.000000
1.915400	-0.175300	nan	0.000000
1.915400	-0.123900	nan	0.000000
1.915400	-0.072500	nan	0.000000
1.915400	-0.021100	nan	0.000000
1.915400	0.030300	nan	0.000000
1.915400	0.081700	nan	0.000000
1.915400	0.133100	nan	0.000000
1.915400	0.184500	nan	0.000000
1.915400	0.235900	nan	0.000000
1.915400	0.287300	nan	0.000000
1.915400	0.338700	nan	0.000000
1.915400	0.390100	nan	0.000000
1.915400	0.441500	nan	0.000000
1.915400	0.492900	nan	0.000000
1.915400	0.544300	nan	0.000000
1.915400	0.595700	nan	0.000000
1.915400	0.647100	nan	0.000000
1.915400	0.698500	nan	0.000000
1.915400	0.749900	nan	0.000000
1.915400	0.801300	nan	0.000000
1.915400	0.852700	nan	0.000000
1.915400	0.904100	nan	0.000000
1.915400	0.955500	nan	0.000000
1.915400	1.006900	nan	0.000000
1.915400	1.058300	nan	0.000000
1.915400	1.109700	nan	0.000000
1.915400	1.161100	nan	0.000000
1.915400	1.212500	nan	0.000000
1.915400	1.263900	nan	0.000000
1.915400	1.315300	nan	0.000000
1.915400	1.366700	nan	0.000000
1.915400	1.418100	nan	0.000000
1.915400	1.469500	nan	0.000000
1.915400	1.520900	nan	0.000000
1.915400	1.572300	nan	0.000000
1.915400	1.623700	nan	0.000000
1.915400	1.675100	nan	0.000000
1.915400	1.726500	nan	0.000000
1.915400	1.777900	nan	0.000000
1.915400	1.829300	nan	0.000000
1.915400	1.880700	nan	0.000000
1.915400	1.932100	nan	0.000000
1.915400	1.983500	nan	0.000000
1.915400	2.034900	nan	0.000000
1.915400	2.086300	nan	0.000000
1.915400	2.137700	nan	0.000000
1.915400	2.189100	nan	0.000000
1.915400	2.240500	nan	0.000000
1.915400	2.291900	nan	0.000000
1.915400	2.343300	nan	0.000000
1.915400	2.394700	nan	0.000000
1.915400	2.446100	nan	0.000000
1.915400	2.497500	nan	0.000000
1.915400	2.548900	nan	0.000000
1.915400	2.600300	nan	0.000000
1.915400	2.651700	nan	0.000000
1.915400	2.703100	nan	0.000000
1.915400	2.754500	nan	0.000000
1.915400	2.805900	nan	0.000000
1.915400	2.857300	nan	0.000000
1.915400	2.908700	nan	0.000000
1.915400	2.960100	nan	0.000000
1.915400	3.011500	nan	0.000000
1.915400	3.062900	nan	0.000000
1.915400	3.114300	nan	0.000000
1.915400	3.165700	nan	0.000000

1.978200	-2.025700	nan	0.000000
1.978200	-1.974300	nan	0.000000
1.978200	-1.922900	nan	0.000000
1.978200	-1.871500	nan	0.000000
1.978200	-1.820100	nan	0.000000
1.978200	-1.768700	nan	0.000000
1.978200	-1.717300	nan	0.000000
1.978200	-1.665900	nan	0.000000
1.978200	-1.614500	nan	0.000000
1.978200	-1.563100	nan	0.000000
1.978200	-1.511700	nan	0.000000
1.978200	-1.460300	nan	0.000000
1.978200	-1.408900	nan	0.000000
1.978200	-1.357500	nan	0.000000
1.978200	-1.306100	nan	0.000000
1.978200	-1.254700	nan	0.000000
1.978200	-1.203300	nan	0.000000
1.978200	-1.151900	nan	0.000000
1.978200	-1.100500	nan	0.000000
1.978200	-1.049100	nan	0.000000
1.978200	-0.997700	nan	0.000000
1.978200	-0.946300	nan	0.000000
1.978200	-0.894900	nan	0.000000
1.978200	-0.843500	nan	0.000000
1.978200	-0.792100	nan	0.000000
1.978200	-0.740700	nan	0.000000
1.978200	-0.689300	nan	0.000000
1.978200	-0.637900	nan	0.000000
1.978200	-0.586500	nan	0.000000
1.978200	-0.535100	nan	0.000000
1.978200	-0.483700	nan	0.000000
1.978200	-0.432300	nan	0.000000
1.978200	-0.380900	nan	0.000000
1.978200	-0.329500	nan	0.000000
1.978200	-0.278100	nan	0.000000
1.978200	-0.226700	nan	0.000000
1.978200	-0.175300	nan	0.000000
1.978200	-0.123900	nan	0.000000
1.978200	-0.072500	nan	0.000000
1.978200	-0.021100	nan	0.000000
1.978200	0.030300	nan	0.000000
1.978200	0.081700	nan	0.000000
1.978200	0.133100	nan	0.000000
1.978200	0.184500	nan	0.000000
1.978200	0.235900	nan	0.000000
1.978200	0.287300	nan	0.000000
1.978200	0.338700	nan	0.000000
1.978200	0.390100	nan	0.000000
1.978200	0.441500	nan	0.000000
1.978200	0.492900	nan	0.000000
1.978200	0.544300	nan	0.000000
1.978200	0.595700	nan	0.000000
1.978200	0.647100	nan	0.000000
1.978200	0.698500	nan	0.000000
1.978200	0.749900	nan	0.000000
1.978200	0.801300	nan	0.000000
1.978200	0.852700	nan	0.000000
1.978200	0.904100	nan	0.000000
1.978200	0.955500	nan	0.000000
1.978200	1.006900	nan	0.000000
1.978200	1.058300	nan	0.000000
1.978200	1.109700	nan	0.000000
1.978200	1.161100	nan	0.000000
1.978200	1.212500	nan	0.000000
1.978200	1.263900	nan	0.000000
1.978200	1.315300	nan	0.000000
1.978200	1.366700	nan	0.000000
1.978200	1.418100	nan	0.000000
1.978200	1.469500	nan	0.000000
1.978200	1.520900	nan	0.000000
1.978200	1.572300	nan	0.000000
1.978200	1.623700	nan	0.000000
1.978200	1.675100	nan	0.000000
1.978200	1.726500	nan	0.000000
1.978200	1.777900	nan	0.000000
1.978200	1.829300	nan	0.000000
1.978200	1.880700	nan	0.000000
1.978200	1.932100	nan	0.000000
1.978200	1.983500	nan	0.000000
1.978200	2.034900	nan	0.000000
1.978200	2.086300	nan	0.000000
1.978200	2.137700	nan	0.000000
1.978200	2.189100	nan	0.000000
1.978200	2.240500	nan	0.000000
1.978200	2.291900	nan	0.000000
1.978200	2.343300	nan	0.000000
1.978200	2.394700	nan	0.000000
1.978200	2.446100	nan	0.000000
1.978200	2.497500	nan	0.000000
1.978200	2.548900	nan	0.000000
1.978200	2.600300	nan	0.000000
1.978200	2.651700	nan	0.000000
1.978200	2.703100	nan	0.000000
1.978200	2.754500	nan	0.000000
1.978200	2.805900	nan	0.000000
1.978200	2.857300	nan	0.000000
1.978200	2.908700	nan	0.000000
1.978200	2.960100	nan	0.000000
1.978200	3.011500	nan	0.000000
1.978200	3.062900	nan	0.000000
1.978200	3.114300	nan	0.000000
1.978200	3.165700	nan	0.000000

2.041000	-2.025700	nan	0.000000
2.041000	-1.974300	nan	0.000000
2.041000	-1.922900	nan	0.000000
2.041000	-1.871500	nan	0.000000
2.041000	-1.820100	nan	0.000000
2.041000	-1.768700	nan	0.000000
2.041000	-1.717300	nan	0.000000
2.041000	-1.665900	nan	0.000000
2.041000	-1.614500	nan	0.000000
2.041000	-1.563100	nan	0.000000
2.041000	-1.511700	nan	0.000000
2.041000	-1.460300	nan	0.000000
2.041000	-1.408900	nan	0.000000
2.041000	-1.357500	nan	0.000000
2.041000	-1.306100	nan	0.000000
2.041000	-1.254700	nan	0.000000
2.041000	-1.203300	nan	0.000000
2.041000	-1.151900	nan	0.000000
2.041000	-1.100500	nan	0.000000
2.041000	-1.049100	nan	0.000000
2.041000	-0.997700	nan	0.000000
2.041000	-0.946300	nan	0.000000
2.041000	-0.894900	nan	0.000000
2.041000	-0.843500	nan	0.000000
2.041000	-0.792100	nan	0.000000
2.041000	-0.740700	nan	0.000000
2.041000	-0.689300	nan	0.000000
2.041000	-0.637900	nan	0.000000
2.041000	-0.586500	nan	0.000000
2.041000	-0.535100	nan	0.000000
2.041000	-0.483700	nan	0.000000
2.041000	-0.432300	nan	0.000000
2.041000	-0.380900	nan	0.000000
2.041000	-0.329500	nan	0.000000
2.041000	-0.278100	nan	0.000000
2.041000	-0.226700	nan	0.000000
2.041000	-0.175300	nan	0.000000
2.041000	-0.123900	nan	0.000000
2.041000	-0.072500	nan	0.000000
2.041000	-0.021100	nan	0.000000
2.041000	0.030300	nan	0.000000
2.041000	0.081700	nan	0.000000
2.041000	0.133100	nan	0.000000
2.041000	0.184500	nan	0.000000
2.041000	0.235900	nan	0.000000
2.041000	0.287300	nan	0.000000
2.041000	0.338700	nan	0.000000
2.041000	0.390100	nan	0.000000
2.041000	0.441500	nan	0.000000
2.041000	0.492900	nan	0.000000
2.041000	0.544300	nan	0.000000
2.041000	0.595700	nan	0.000000
2.041000	0.647100	nan	0.000000
2.041000	0.698500	nan	0.000000
2.041000	0.749900	nan	0.000000
2.041000	0.801300	nan	0.000000
2.041000	0.852700	nan	0.000000
2.041000	0.904100	nan	0.000000
2.041000	0.955500	nan	0.000000
2.041000	1.006900	nan	0.000000
2.041000	1.058300	nan	0.000000
2.041000	1.109700	nan	0.000000
2.041000	1.161100	nan	0.000000
2.041000	1.212500	nan	0.000000
2.041000	1.263900	nan	0.000000
2.041000	1.315300	nan	0.000000
2.041000	1.366700	nan	0.000000
2.041000	1.418100	nan	0.000000
2.041000	1.469500	nan	0.000000
2.041000	1.520900	nan	0.000000
2.041000	1.572300	nan	0.000000
2.041000	1.623700	nan	0.000000
2.041000	1.675100	nan	0.000000
2.041000	1.726500	nan	0.000000
2.041000	1.777900	nan	0.000000
2.041000	1.829300	nan	0.000000
2.041000	1.880700	nan	0.000000
2.041000	1.932100	nan	0.000000
2.041000	1.983500	nan	0.000000
2.041000	2.034900	nan	0.000000
2.041000	2.086300	nan	0.000000
2.041000	2.137700	nan	0.000000
2.041000	2.189100	nan	0.000000
2.041000	2.240500	nan	0.000000
2.041000	2.291900	nan	0.000000
2.041000	2.343300	nan	0.000000
2.041000	2.394700	nan	0.000000
2.041000	2.446100	nan	0.000000
2.041000	2.497500	nan	0.000000
2.041000	2.548900	nan	0.000000
2.041000	2.600300	nan	0.000000
2.041000	2.651700	nan	0.000000
2.041000	2.703100	nan	0.000000
2.041000	2.754500	nan	0.000000
2.041000	2.805900	nan	0.000000
2.041000	2.857300	nan	0.000000
2.041000	2.908700	nan	0.000000
2.041000	2.960100	nan	0.000000
2.041000	3.011500	nan	0.000000
2.041000	3.062900	nan	0.000000
2.041000	3.114300	nan	0.000000
2.041000	3.165700	nan	0.000000

2.103800	-2.025700	nan	0.000000
2.103800	-1.974300	nan	0.000000
2.103800	-1.922900	nan	0.000000
2.103800	-1.871500	nan	0.000000
2.103800	-1.820100	nan	0.000000
2.103800	-1.768700	nan	0.000000
2.103800	-1.717300	nan	0.000000
2.103800	-1.665900	nan	0.000000
2.103800	-1.614500	nan	0.000000
2.103800	-1.563100	nan	0.000000
2.103800	-1.511700	nan	0.000000
2.103800	-1.460300	nan	0.000000
2.103800	-1.408900	nan	0.000000
2.103800	-1.357500	nan	0.000000
2.103800	-1.306100	nan	0.000000
2.103800	-1.254700	nan	0.000000
2.103800	-1.203300	nan	0.000000
2.103800	-1.151900	nan	0.000000
2.103800	-1.100500	nan	0.000000
2.103800	-1.049100	nan	0.000000
2.103800	-0.997700	nan	0.000000
2.103800	-0.946300	nan	0.000000
2.103800	-0.894900	nan	0.000000
2.103800	-0.843500	nan	0.000000
2.103800	-0.792100	nan	0.000000
2.103800	-0.740700	nan	0.000000
2.103800	-0.689300	nan	0.000000
2.103800	-0.637900	nan	0.000000
2.103800	-0.586500	nan	0.000000
2.103800	-0.535100	nan	0.000000
2.103800	-0.483700	nan	0.000000
2.103800	-0.432300	nan	0.000000
2.103800	-0.380900	nan	0.000000
2.103800	-0.329500	nan	0.000000
2.103800	-0.278100	nan	0.000000
2.103800	-0.226700	nan	0.000000
2.103800	-0.175300	nan	0.000000
2.103800	-0.123900	nan	0.000000
2.103800	-0.072500	nan	0.000000
2.103800	-0.021100	nan	0.000000
2.103800	0.030300	nan	0.000000
2.103800	0.081700	nan	0.000000
2.103800	0.133100	nan	0.000000
2.103800	0.184500	nan	0.000000
2.103800	0.235900	nan	0.000000
2.103800	0.287300	nan	0.000000
2.103800	0.338700	nan	0.000000
2.103800	0.390100	nan	0.000000
2.103800	0.441500	nan	0.000000
2.103800	0.492900	nan	0.000000
2.103800	0.544300	nan	0.000000
2.103800	0.595700	nan	0.000000
2.103800	0.647100	nan	0.000000
2.103800	0.698500	nan	0.000000
2.103800	0.749900	nan	0.000000
2.103800	0.801300	nan	0.000000
2.103800	0.852700	nan	0.000000
2.103800	0.904100	nan	0.000000
2.103800	0.955500	nan	0.000000
2.103800	1.006900	nan	0.000000
2.103800	1.058300	nan	0.000000
2.103800	1.109700	nan	0.000000
2.103800	1.161100	nan	0.000000
2.103800	1.212500	nan	0.000000
2.103800	1.263900	nan	0.000000
2.103800	1.315300	nan	0.000000
2.103800	1.366700	nan	0.000000
2.103800	1.418100	nan	0.000000
2.103800	1.469500	nan	0.000000
2.103800	1.520900	nan	0.000000
2.103800	1.572300	nan	0.000000
2.103800	1.623700	nan	0.000000
2.103800	1.675100	nan	0.000000
2.103800	1.726500	nan	0.000000
2.103800	1.777900	nan	0.000000
2.103800	1.829300	nan	0.000000
2.103800	1.880700	nan	0.000000
2.103800	1.932100	nan	0.000000
2.103800	1.983500	nan	0.000000
2.103800	2.034900	nan	0.000000
2.103800	2.086300	nan	0.000000
2.103800	2.137700	nan	0.000000
2.103800	2.189100	nan	0.000000
2.103800	2.240500	nan	0.000000
2.103800	2.291900	nan	0.000000
2.103800	2.343300	nan	0.000000
2.103800	2.394700	nan	0.000000
2.103800	2.446100	nan	0.000000
2.103800	2.497500	nan	0.000000
2.103800	2.548900	nan	0.000000
2.103800	2.600300	nan	0.000000
2.103800	2.651700	nan	0.000000
2.103800	2.703100	nan	0.000000
2.103800	2.754500	nan	0.000000
2.103800	2.805900	nan	0.000000
2.103800	2.857300	nan	0.000000
2.103800	2.908700	nan	0.000000
2.103800	2.960100	nan	0.000000
2.103800	3.011500	nan	0.000000
2.103800	3.062900	nan	0.000000
2.103800	3.114300	nan	0.000000
2.103800	3.165700	nan	0.000000

2.166600	-2.025700	nan	0.000000
2.166600	-1.974300	nan	0.000000
2.166600	-1.922900	nan	0.000000
2.166600	-1.871500	nan	0.000000
2.166600	-1.820100	nan	0.000000
2.166600	-1.768700	nan	0.000000
2.166600	-1.717300	nan	0.000000
2.166600	-1.665900	nan	0.000000
2.166600	-1.614500	nan	0.000000
2.166600	-1.563100	nan	0.000000
2.166600	-1.511700	nan	0.000000
2.166600	-1.460300	nan	0.000000
2.166600	-1.408900	nan	0.000000
2.166600	-1.357500	nan	0.000000
2.166600	-1.306100	nan	0.000000
2.166600	-1.254700	nan	0.000000
2.166600	-1.203300	nan	0.000000
2.166600	-1.151900	nan	0.000000
2.166600	-1.100500	nan	0.000000
2.166600	-1.049100	nan	0.000000
2.166600	-0.997700	nan	0.000000
2.166600	-0.946300	nan	0.000000
2.166600	-0.894900	nan	0.000000
2.166600	-0.843500	nan	0.000000
2.166600	-0.792100	nan	0.000000
2.166600	-0.740700	nan	0.000000
2.166600	-0.689300	nan	0.000000
2.166600	-0.637900	nan	0.000000
2.166600	-0.586500	nan	0.000000
2.166600	-0.535100	nan	0.000000
2.166600	-0.483700	nan	0.000000
2.166600	-0.432300	nan	0.000000
2.166600	-0.380900	nan	0.000000
2.166600	-0.329500	nan	0.000000
2.166600	-0.278100	nan	0.000000
2.166600	-0.226700	nan	0.000000
2.166600	-0.175300	nan	0.000000
2.166600	-0.123900	nan	0.000000
2.166600	-0.072500	nan	0.000000
2.166600	-0.021100	nan	0.000000
2.166600	0.030300	nan	0.000000
2.166600	0.081700	nan	0.000000
2.166600	0.133100	nan	0.000000
2.166600	0.184500	nan	0.000000
2.166600	0.235900	nan	0.000000
2.166600	0.287300	nan	0.000000
2.166600	0.338700	nan	0.000000
2.166600	0.390100	nan	0.000000
2.166600	0.441500	nan	0.000000
2.166600	0.492900	nan	0.000000
2.166600	0.544300	nan	0.000000
2.166600	0.595700	nan	0.000000
2.166600	0.647100	nan	0.000000
2.166600	0.698500	nan	0.000000
2.166600	0.749900	nan	0.000000
2.166600	0.801300	nan	0.000000
2.166600	0.852700	nan	0.000000
2.166600	0.904100	nan	0.000000
2.166600	0.955500	nan	0.000000
2.166600	1.006900	nan	0.000000
2.166600	1.058300	nan	0.000000
2.166600	1.109700	nan	0.000000
2.166600	1.161100	nan	0.000000
2.166600	1.212500	nan	0.000000
2.166600	1.263900	nan	0.000000
2.166600	1.315300	nan	0.000000
2.166600	1.366700	nan	0.000000
2.166600	1.418100	nan	0.000000
2.166600	1.469500	nan	0.000000
2.166600	1.520900	nan	0.000000
2.166600	1.572300	nan	0.000000
2.166600	1.623700	nan	0.000000
2.166600	1.675100	nan	0.000000
2.166600	1.726500	nan	0.000000
2.166600	1.777900	nan	0.000000
2.166600	1.829300	nan	0.000000
2.166600	1.880700	nan	0.000000
2.166600	1.932100	nan	0.000000
2.166600	1.983500	nan	0.000000
2.166600	2.034900	nan	0.000000
2.166600	2.086300	nan	0.000000
2.166600	2.137700	nan	0.000000
2.166600	2.189100	nan	0.000000
2.166600	2.240500	nan	0.000000
2.166600	2.291900	nan	0.000000
2.166600	2.343300	nan	0.000000
2.166600	2.394700	nan	0.000000
2.166600	2.446100	nan	0.000000
2.166600	2.497500	nan	0.000000
2.166600	2.548900	nan	0.000000
2.166600	2.600300	nan	0.000000
2.166600	2.651700	nan	0.000000
2.166600	2.703100	nan	0.000000
2.166600	2.754500	nan	0.000000
2.166600	2.805900	nan	0.000000
2.166600	2.857300	nan	0.000000
2.166600	2.908700	nan	0.000000
2.166600	2.960100	nan	0.000000
2.166600	3.011500	nan	0.000000
2.166600	3.062900	nan	0.000000
2.166600	3.114300	nan	0.000000
2.166600	3.165700	nan	0.000000

2.229400	-2.025700	nan	0.000000
2.229400	-1.974300	nan	0.000000
2.229400	-1.922900	nan	0.000000
2.229400	-1.871500	nan	0.000000
2.229400	-1.820100	nan	0.000000
2.229400	-1.768700	nan	0.000000
2.229400	-1.717300	nan	0.000000
2.229400	-1.665900	nan	0.000000
2.229400	-1.614500	nan	0.000000
2.229400	-1.563100	nan	0.000000
2.229400	-1.511700	nan	0.000000
2.229400	-1.460300	nan	0.000000
2.229400	-1.408900	nan	0.000000
2.229400	-1.357500	nan	0.000000
2.229400	-1.306100	nan	0.000000
2.229400	-1.254700	nan	0.000000
2.229400	-1.203300	nan	0.000000
2.229400	-1.151900	nan	0.000000
2.229400	-1.100500	nan	0.000000
2.229400	-1.049100	nan	0.000000
2.229400	-0.997700	nan	0.000000
2.229400	-0.946300	nan	0.000000
2.229400	-0.894900	nan	0.000000
2.229400	-0.843500	nan	0.000000
2.229400	-0.792100	nan	0.000000
2.229400	-0.740700	nan	0.000000
2.229400	-0.689300	nan	0.000000
2.229400	-0.637900	nan	0.000000
2.229400	-0.586500	nan	0.000000
2.229400	-0.535100	nan	0.000000
2.229400	-0.483700	nan	0.000000
2.229400	-0.432300	nan	0.000000
2.229400	-0.380900	nan	0.000000
2.229400	-0.329500	nan	0.000000
2.229400	-0.278100	nan	0.000000
2.229400	-0.226700	nan	0.000000
2.229400	-0.175300	nan	0.000000
2.229400	-0.123900	nan	0.000000
2.229400	-0.072500	nan	0.000000
2.229400	-0.021100	nan	0.000000
2.229400	0.030300	nan	0.000000
2.229400	0.081700	nan	0.000000
2.229400	0.133100	nan	0.000000
2.229400	0.184500	nan	0.000000
2.229400	0.235900	nan	0.000000
2.229400	0.287300	nan	0.000000
2.229400	0.338700	nan	0.000000
2.229400	0.390100	nan	0.000000
2.229400	0.441500	nan	0.000000
2.229400	0.492900	nan	0.000000
2.229400	0.544300	nan	0.000000
2.229400	0.595700	nan	0.000000
2.229400	0.647100	nan	0.000000
2.229400	0.698500	nan	0.000000
2.229400	0.749900	nan	0.000000
2.229400	0.801300	nan	0.000000
2.229400	0.852700	nan	0.000000
2.229400	0.904100	nan	0.000000
2.229400	0.955500	nan	0.000000
2.229400	1.006900	nan	0.000000
2.229400	1.058300	nan	0.000000
2.229400	1.109700	nan	0.000000
2.229400	1.161100	nan	0.000000
2.229400	1.212500	nan	0.000000
2.229400	1.263900	nan	0.000000
2.229400	1.315300	nan	0.000000
2.229400	1.366700	nan	0.000000
2.229400	1.418100	nan	0.000000
2.229400	1.469500	nan	0.000000
2.229400	1.520900	nan	0.000000
2.229400	1.572300	nan	0.000000
2.229400	1.623700	nan	0.000000
2.229400	1.675100	nan	0.000000
2.229400	1.726500	nan	0.000000
2.229400	1.777900	nan	0.000000
2.229400	1.829300	nan	0.000000
2.229400	1.880700	nan	0.000000
2.229400	1.932100	nan	0.000000
2.229400	1.983500	nan	0.000000
2.229400	2.034900	nan	0.000000
2.229400	2.086300	nan	0.000000
2.229400	2.137700	nan	0.000000
2.229400	2.189100	nan	0.000000
2.229400	2.240500	nan	0.000000
2.229400	2.291900	nan	0.000000
2.229400	2.343300	nan	0.000000
2.229400	2.394700	nan	0.000000
2.229400	2.446100	nan	0.000000
2.229400	2.497500	nan	0.000000
2.229400	2.548900	nan	0.000000
2.229400	2.600300	nan	0.000000
2.229400	2.651700	nan	0.000000
2.229400	2.703100	nan	0.000000
2.229400	2.754500	nan	0.000000
2.229400	2.805900	nan	0.000000
2.229400	2.857300	nan	0.000000
2.229400	2.908700	nan	0.000000
2.229400	2.960100	nan	0.000000
2.229400	3.011500	nan	0.000000
2.229400	3.062900	nan	0.000000
2.229400	3.114300	nan	0.000000
2.229400	3.165700	nan	0.000000

2.292200	-2.025700	nan	0.000000
2.292200	-1.974300	nan	0.000000
2.292200	-1.922900	nan	0.000000
2.292200	-1.871500	nan	0.000000
2.292200	-1.820100	nan	0.000000
2.292200	-1.768700	nan	0.000000
2.292200	-1.717300	nan	0.000000
2.292200	-1.665900	nan	0.000000
2.292200	-1.614500	nan	0.000000
2.292200	-1.563100	nan	0.000000
2.292200	-1.511700	nan	0.000000
2.292200	-1.460300	nan	0.000000
2.292200	-1.408900	nan	0.000000
2.292200	-1.357500	nan	0.000000
2.292200	-1.306100	nan	0.000000
2.292200	-1.254700	nan	0.000000
2.292200	-1.203300	nan	0.000000
2.292200	-1.151900	nan	0.000000
2.292200	-1.100500	nan	0.000000
2.292200	-1.049100	nan	0.000000
2.292200	-0.997700	nan	0.000000
2.292200	-0.946300	nan	0.000000
2.292200	-0.894900	nan	0.000000
2.292200	-0.843500	nan	0.000000
2.292200	-0.792100	nan	0.000000
2.292200	-0.740700	nan	0.000000
2.292200	-0.689300	nan	0.000000
2.292200	-0.637900	nan	0.000000
2.292200	-0.586500	nan	0.000000
2.292200	-0.535100	nan	0.000000
2.292200	-0.483700	nan	0.000000
2.292200	-0.432300	nan	0.000000
2.292200	-0.380900	nan	0.000000
2.292200	-0.329500	nan	0.000000
2.292200	-0.278100	nan	0.000000
2.292200	-0.226700	nan	0.000000
2.292200	-0.175300	nan	0.000000
2.292200	-0.123900	nan	0.000000
2.292200	-0.072500	nan	0.000000
2.292200	-0.021100	nan	0.000000
2.292200	0.030300	nan	0.000000
2.292200	0.081700	nan	0.000000
2.292200	0.133100	nan	0.000000
2.292200	0.184500	nan	0.000000
2.292200	0.235900	nan	0.000000
2.292200	0.287300	nan	0.000000
2.292200	0.338700	nan	0.000000
2.292200	0.390100	nan	0.000000
2.292200	0.441500	nan	0.000000
2.292200	0.492900	nan	0.000000
2.292200	0.544300	nan	0.000000
2.292200	0.595700	nan	0.000000
2.292200	0.647100	nan	0.000000
2.292200	0.698500	nan	0.000000
2.292200	0.749900	nan	0.000000
2.292200	0.801300	nan	0.000000
2.292200	0.852700	nan	0.000000
2.292200	0.904100	nan	0.000000
2.292200	0.955500	nan	0.000000
2.292200	1.006900	nan	0.000000
2.292200	1.058300	nan	0.000000
2.292200	1.109700	nan	0.000000
2.292200	1.161100	nan	0.000000
2.292200	1.212500	nan	0.000000
2.292200	1.263900	nan	0.000000
2.292200	1.315300	nan	0.000000
2.292200	1.366700	nan	0.000000
2.292200	1.418100	nan	0.000000
2.292200	1.469500	nan	0.000000
2.292200	1.520900	nan	0.000000
2.292200	1.572300	nan	0.000000
2.292200	1.623700	nan	0.000000
2.292200	1.675100	nan	0.000000
2.292200	1.726500	nan	0.000000
2.292200	1.777900	nan	0.000000
2.292200	1.829300	nan	0.000000
2.292200	1.880700	nan	0.000000
2.292200	1.932100	nan	0.000000
2.292200	1.983500	nan	0.000000
2.292200	2.034900	nan	0.000000
2.292200	2.086300	nan	0.000000
2.292200	2.137700	nan	0.000000
2.292200	2.189100	nan	0.000000
2.292200	2.240500	nan	0.000000
2.292200	2.291900	nan	0.000000
2.292200	2.343300	nan	0.000000
2.292200	2.394700	nan	0.000000
2.292200	2.446100	nan	0.000000
2.292200	2.497500	nan	0.000000
2.292200	2.548900	nan	0.000000
2.292200	2.600300	nan	0.000000
2.292200	2.651700	nan	0.000000
2.292200	2.703100	nan	0.000000
2.292200	2.754500	nan	0.000000
2.292200	2.805900	nan	0.000000
2.292200	2.857300	nan	0.000000
2.292200	2.908700	nan	0.000000
2.292200	2.960100	nan	0.000000
2.292200	3.011500	nan	0.000000
2.292200	3.062900	nan	0.000000
2.292200	3.114300	nan	0.000000
2.292200	3.165700	nan	0.000000

2.355000	-2.025700	nan	0.000000
2.355000	-1.974300	nan	0.000000
2.355000	-1.922900	nan	0.000000
2.355000	-1.871500	nan	0.000000
2.355000	-1.820100	nan	0.000000
2.355000	-1.768700	nan	0.000000
2.355000	-1.717300	nan	0.000000
2.355000	-1.665900	nan	0.000000
2.355000	-1.614500	nan	0.000000
2.355000	-1.563100	nan	0.000000
2.355000	-1.511700	nan	0.000000
2.355000	-1.460300	nan	0.000000
2.355000	-1.408900	nan	0.000000
2.355000	-1.357500	nan	0.000000
2.355000	-1.306100	nan	0.000000
2.355000	-1.254700	nan	0.000000
2.355000	-1.203300	nan	0.000000
2.355000	-1.151900	nan	0.000000
2.355000	-1.100500	nan	0.000000
2.355000	-1.049100	nan	0.000000
2.355000	-0.997700	nan	0.000000
2.355000	-0.946300	nan	0.000000
2.355000	-0.894900	nan	0.000000
2.355000	-0.843500	nan	0.000000
2.355000	-0.792100	nan	0.000000
2.355000	-0.740700	nan	0.000000
2.355000	-0.689300	nan	0.000000
2.355000	-0.637900	nan	0.000000
2.355000	-0.586500	nan	0.000000
2.355000	-0.535100	nan	0.000000
2.355000	-0.483700	nan	0.000000
2.355000	-0.432300	nan	0.000000
2.355000	-0.380900	nan	0.000000
2.355000	-0.329500	nan	0.000000
2.355000	-0.278100	nan	0.000000
2.355000	-0.226700	nan	0.000000
2.355000	-0.175300	nan	0.000000
2.355000	-0.123900	nan	0.000000
2.355000	-0.072500	nan	0.000000
2.355000	-0.021100	nan	0.000000
2.355000	0.030300	nan	0.000000
2.355000	0.081700	nan	0.000000
2.355000	0.133100	nan	0.000000
2.355000	0.184500	nan	0.000000
2.355000	0.235900	nan	0.000000
2.355000	0.287300	nan	0.000000
2.355000	0.338700	nan	0.000000
2.355000	0.390100	nan	0.000000
2.355000	0.441500	nan	0.000000
2.355000	0.492900	nan	0.000000
2.355000	0.544300	nan	0.000000
2.355000	0.595700	nan	0.000000
2.355000	0.647100	nan	0.000000
2.355000	0.698500	nan	0.000000
2.355000	0.749900	nan	0.000000
2.355000	0.801300	nan	0.000000
2.355000	0.852700	nan	0.000000
2.355000	0.904100	nan	0.000000
2.355000	0.955500	nan	0.000000
2.355000	1.006900	nan	0.000000
2.355000	1.058300	nan	0.000000
2.355000	1.109700	nan	0.000000
2.355000	1.161100	nan	0.000000
2.355000	1.212500	nan	0.000000
2.355000	1.263900	nan	0.000000
2.355000	1.315300	nan	0.000000
2.355000	1.366700	nan	0.000000
2.355000	1.418100	nan	0.000000
2.355000	1.469500	nan	0.000000
2.355000	1.520900	nan	0.000000
2.355000	1.572300	nan	0.000000
2.355000	1.623700	nan	0.000000
2.355000	1.675100	nan	0.000000
2.355000	1.726500	nan	0.000000
2.355000	1.777900	nan	0.000000
2.355000	1.829300	nan	0.000000
2.355000	1.880700	nan	0.000000
2.355000	1.932100	nan	0.000000
2.355000	1.983500	nan	0.000000
2.355000	2.034900	nan	0.000000
2.355000	2.086300	nan	0.000000
2.355000	2.137700	nan	0.000000
2.355000	2.189100	nan	0.000000
2.355000	2.240500	nan	0.000000
2.355000	2.291900	nan	0.000000
2.355000	2.343300	nan	0.000000
2.355000	2.394700	nan	0.000000
2.355000	2.446100	nan	0.000000
2.355000	2.497500	nan	0.000000
2.355000	2.548900	nan	0.000000
2.355000	2.600300	nan	0.000000
2.355000	2.651700	nan	0.000000
2.355000	2.703100	nan	0.000000
2.355000	2.754500	nan	0.000000
2.355000	2.805900	nan	0.000000
2.355000	2.857300	nan	0.000000
2.355000	2.908700	nan	0.000000
2.355000	2.960100	nan	0.000000
2.355000	3.011500	nan	0.000000
2.355000	3.062900	nan	0.000000
2.355000	3.114300	nan	0.000000
2.355000	3.165700	nan	0.000000

2.417800	-2.025700	nan	0.000000
2.417800	-1.974300	nan	0.000000
2.417800	-1.922900	nan	0.000000
2.417800	-1.871500	nan	0.000000
2.417800	-1.820100	nan	0.000000
2.417800	-1.768700	nan	0.000000
2.417800	-1.717300	nan	0.000000
2.417800	-1.665900	nan	0.000000
2.417800	-1.614500	nan	0.000000
2.417800	-1.563100	nan	0.000000
2.417800	-1.511700	nan	0.000000
2.417800	-1.460300	nan	0.000000
2.417800	-1.408900	nan	0.000000
2.417800	-1.357500	nan	0.000000
2.417800	-1.306100	nan	0.000000
2.417800	-1.254700	nan	0.000000
2.417800	-1.203300	nan	0.000000
2.417800	-1.151900	nan	0.000000
2.417800	-1.100500	nan	0.000000
2.417800	-1.049100	nan	0.000000
2.417800	-0.997700	nan	0.000000
2.417800	-0.946300	nan	0.000000
2.417800	-0.894900	nan	0.000000
2.417800	-0.843500	nan	0.000000
2.417800	-0.792100	nan	0.000000
2.417800	-0.740700	nan	0.000000
2.417800	-0.689300	nan	0.000000
2.417800	-0.637900	nan	0.000000
2.417800	-0.586500	nan	0.000000
2.417800	-0.535100	nan	0.000000
2.417800	-0.483700	nan	0.000000
2.417800	-0.432300	nan	0.000000
2.417800	-0.380900	nan	0.000000
2.417800	-0.329500	nan	0.000000
2.417800	-0.278100	nan	0.000000
2.417800	-0.226700	nan	0.000000
2.417800	-0.175300	nan	0.000000
2.417800	-0.123900	nan	0.000000
2.417800	-0.072500	nan	0.000000
2.417800	-0.021100	nan	0.000000
2.417800	0.030300	nan	0.000000
2.417800	0.081700	nan	0.000000
2.417800	0.133100	nan	0.000000
2.417800	0.184500	nan	0.000000
2.417800	0.235900	nan	0.000000
2.417800	0.287300	nan	0.000000
2.417800	0.338700	nan	0.000000
2.417800	0.390100	nan	0.000000
2.417800	0.441500	nan	0.000000
2.417800	0.492900	nan	0.000000
2.417800	0.544300	nan	0.000000
2.417800	0.595700	nan	0.000000
2.417800	0.647100	nan	0.000000
2.417800	0.698500	nan	0.000000
2.417800	0.749900	nan	0.000000
2.417800	0.801300	nan	0.000000
2.417800	0.852700	nan	0.000000
2.417800	0.904100	nan	0.000000
2.417800	0.955500	nan	0.000000
2.417800	1.006900	nan	0.000000
2.417800	1.058300	nan	0.000000
2.417800	1.109700	nan	0.000000
2.417800	1.161100	nan	0.000000
2.417800	1.212500	nan	0.000000
2.417800	1.263900	nan	0.000000
2.417800	1.315300	nan	0.000000
2.417800	1.366700	nan	0.000000
2.417800	1.418100	nan	0.000000
2.417800	1.469500	nan	0.000000
2.417800	1.520900	nan	0.000000
2.417800	1.572300	nan	0.000000
2.417800	1.623700	nan	0.000000
2.417800	1.675100	nan	0.000000
2.417800	1.726500	nan	0.000000
2.417800	1.777900	nan	0.000000
2.417800	1.829300	nan	0.000000
2.417800	1.880700	nan	0.000000
2.417800	1.932100	nan	0.000000
2.417800	1.983500	nan	0.000000
2.417800	2.034900	nan	0.000000
2.417800	2.086300	nan	0.000000
2.417800	2.137700	nan	0.000000
2.417800	2.189100	nan	0.000000
2.417800	2.240500	nan	0.000000
2.417800	2.291900	nan	0.000000
2.417800	2.343300	nan	0.000000
2.417800	2.394700	nan	0.000000
2.417800	2.446100	nan	0.000000
2.417800	2.497500	nan	0.000000
2.417800	2.548900	nan	0.000000
2.417800	2.600300	nan	0.000000
2.417800	2.651700	nan	0.000000
2.417800	2.703100	nan	0.000000
2.417800	2.754500	nan	0.000000
2.417800	2.805900	nan	0.000000
2.417800	2.857300	nan	0.000000
2.417800	2.908700	nan	0.000000
2.417800	2.960100	nan	0.000000
2.417800	3.011500	nan	0.000000
2.417800	3.062900	nan	0.000000
2.417800	3.114300	nan	0.000000
2.417800	3.165700	nan	0.000000

2.480600	-2.025700	nan	0.000000
2.480600	-1.974300	nan	0.000000
2.480600	-1.922900	nan	0.000000
2.480600	-1.871500	nan	0.000000
2.480600	-1.820100	nan	0.000000
2.480600	-1.768700	nan	0.000000
2.480600	-1.717300	nan	0.000000
2.480600	-1.665900	nan	0.000000
2.480600	-1.614500	nan	0.000000
2.480600	-1.563100	nan	0.000000
2.480600	-1.511700	nan	0.000000
2.480600	-1.460300	nan	0.000000
2.480600	-1.408900	nan	0.000000
2.480600	-1.357500	nan	0.000000
2.480600	-1.306100	nan	0.000000
2.480600	-1.254700	nan	0.000000
2.480600	-1.203300	nan	0.000000
2.480600	-1.151900	nan	0.000000
2.480600	-1.100500	nan	0.000000
2.480600	-1.049100	nan	0.000000
2.480600	-0.997700	nan	0.000000
2.480600	-0.946300	nan	0.000000
2.480600	-0.894900	nan	0.000000
2.480600	-0.843500	nan	0.000000
2.480600	-0.792100	nan	0.000000
2.480600	-0.740700	nan	0.000000
2.480600	-0.689300	nan	0.000000
2.480600	-0.637900	nan	0.000000
2.480600	-0.586500	nan	0.000000
2.480600	-0.535100	nan	0.000000
2.480600	-0.483700	nan	0.000000
2.480600	-0.432300	nan	0.000000
2.480600	-0.380900	nan	0.000000
2.480600	-0.329500	nan	0.000000
2.480600	-0.278100	nan	0.000000
2.480600	-0.226700	nan	0.000000
2.480600	-0.175300	nan	0.000000
2.480600	-0.123900	nan	0.000000
2.480600	-0.072500	nan	0.000000
2.480600	-0.021100	nan	0.000000
2.480600	0.030300	nan	0.000000
2.480600	0.081700	nan	0.000000
2.480600	0.133100	nan	0.000000
2.480600	0.184500	nan	0.000000
2.480600	0.235900	nan	0.000000
2.480600	0.287300	nan	0.000000
2.480600	0.338700	nan	0.000000
2.480600	0.390100	nan	0.000000
2.480600	0.441500	nan	0.000000
2.480600	0.492900	nan	0.000000
2.480600	0.544300	nan	0.000000
2.480600	0.595700	nan	0.000000
2.480600	0.647100	nan	0.000000
2.480600	0.698500	nan	0.000000
2.480600	0.749900	nan	0.000000
2.480600	0.801300	nan	0.000000
2.480600	0.852700	nan	0.000000
2.480600	0.904100	nan	0.000000
2.480600	0.955500	nan	0.000000
2.480600	1.006900	nan	0.000000
2.480600	1.058300	nan	0.000000
2.480600	1.109700	nan	0.000000
2.480600	1.161100	nan	0.000000
2.480600	1.212500	nan	0.000000
2.480600	1.263900	nan	0.000000
2.480600	1.315300	nan	0.000000
2.480600	1.366700	nan	0.000000
2.480600	1.418100	nan	0.000000
2.480600	1.469500	nan	0.000000
2.480600	1.520900	nan	0.000000
2.480600	1.572300	nan	0.000000
2.480600	1.623700	nan	0.000000
2.480600	1.675100	nan	0.000000
2.480600	1.726500	nan	0.000000
2.480600	1.777900	nan	0.000000
2.480600	1.829300	nan	0.000000
2.480600	1.880700	nan	0.000000
2.480600	1.932100	nan	0.000000
2.480600	1.983500	nan	0.000000
2.480600	2.034900	nan	0.000000
2.480600	2.086300	nan	0.000000
2.480600	2.137700	nan	0.000000
2.480600	2.189100	nan	0.000000
2.480600	2.240500	nan	0.000000
2.480600	2.291900	nan	0.000000
2.480600	2.343300	nan	0.000000
2.480600	2.394700	nan	0.000000
2.480600	2.446100	nan	0.000000
2.480600	2.497500	nan	0.000000
2.480600	2.548900	nan	0.000000
2.480600	2.600300	nan	0.000000
2.480600	2.651700	nan	0.000000
2.480600	2.703100	nan	0.000000
2.480600	2.754500	nan	0.000000
2.480600	2.805900	nan	0.000000
2.480600	2.857300	nan	0.000000
2.480600	2.908700	nan	0.000000
2.480600	2.960100	nan	0.000000
2.480600	3.011500	nan	0.000000
2.480600	3.062900	nan	0.000000
2.480600	3.114300	nan	0.000000
2.480600	3.165700	nan	0.000000

2.543400	-2.025700	nan	0.000000
2.543400	-1.974300	nan	0.000000
2.543400	-1.922900	nan	0.000000
2.543400	-1.871500	nan	0.000000
2.543400	-1.820100	nan	0.000000
2.543400	-1.768700	nan	0.000000
2.543400	-1.717300	nan	0.000000
2.543400	-1.665900	nan	0.000000
2.543400	-1.614500	nan	0.000000
2.543400	-1.563100	nan	0.000000
2.543400	-1.511700	nan	0.000000
2.543400	-1.460300	nan	0.000000
2.543400	-1.408900	nan	0.000000
2.543400	-1.357500	nan	0.000000
2.543400	-1.306100	nan	0.000000
2.543400	-1.254700	nan	0.000000
2.543400	-1.203300	nan	0.000000
2.543400	-1.151900	nan	0.000000
2.543400	-1.100500	nan	0.000000
2.543400	-1.049100	nan	0.000000
2.543400	-0.997700	nan	0.000000
2.543400	-0.946300	nan	0.000000
2.543400	-0.894900	nan	0.000000
2.543400	-0.843500	nan	0.000000
2.543400	-0.792100	nan	0.000000
2.543400	-0.740700	nan	0.000000
2.543400	-0.689300	nan	0.000000
2.543400	-0.637900	nan	0.000000
2.543400	-0.586500	nan	0.000000
2.543400	-0.535100	nan	0.000000
2.543400	-0.483700	nan	0.000000
2.543400	-0.432300	nan	0.000000
2.543400	-0.380900	nan	0.000000
2.543400	-0.329500	nan	0.000000
2.543400	-0.278100	nan	0.000000
2.543400	-0.226700	nan	0.000000
2.543400	-0.175300	nan	0.000000
2.543400	-0.123900	nan	0.000000
2.543400	-0.072500	nan	0.000000
2.543400	-0.021100	nan	0.000000
2.543400	0.030300	nan	0.000000
2.543400	0.081700	nan	0.000000
2.543400	0.133100	nan	0.000000
2.543400	0.184500	nan	0.000000
2.543400	0.235900	nan	0.000000
2.543400	0.287300	nan	0.000000
2.543400	0.338700	nan	0.000000
2.543400	0.390100	nan	0.000000
2.543400	0.441500	nan	0.000000
2.543400	0.492900	nan	0.000000
2.543400	0.544300	nan	0.000000
2.543400	0.595700	nan	0.000000
2.543400	0.647100	nan	0.000000
2.543400	0.698500	nan	0.000000
2.543400	0.749900	nan	0.000000
2.543400	0.801300	nan	0.000000
2.543400	0.852700	nan	0.000000
2.543400	0.904100	nan	0.000000
2.543400	0.955500	nan	0.000000
2.543400	1.006900	nan	0.000000
2.543400	1.058300	nan	0.000000
2.543400	1.109700	nan	0.000000
2.543400	1.161100	nan	0.000000
2.543400	1.212500	nan	0.000000
2.543400	1.263900	nan	0.000000
2.543400	1.315300	nan	0.000000
2.543400	1.366700	nan	0.000000
2.543400	1.418100	nan	0.000000
2.543400	1.469500	nan	0.000000
2.543400	1.520900	nan	0.000000
2.543400	1.572300	nan	0.000000
2.543400	1.623700	nan	0.000000
2.543400	1.675100	nan	0.000000
2.543400	1.726500	nan	0.000000
2.543400	1.777900	nan	0.000000
2.543400	1.829300	nan	0.000000
2.543400	1.880700	nan	0.000000
2.543400	1.932100	nan	0.000000
2.543400	1.983500	nan	0.000000
2.543400	2.034900	nan	0.000000
2.543400	2.086300	nan	0.000000
2.543400	2.137700	nan	0.000000
2.543400	2.189100	nan	0.000000
2.543400	2.240500	nan	0.000000
2.543400	2.291900	nan	0.000000
2.543400	2.343300	nan	0.000000
2.543400	2.394700	nan	0.000000
2.543400	2.446100	nan	0.000000
2.543400	2.497500	nan	0.000000
2.543400	2.548900	nan	0.000000
2.543400	2.600300	nan	0.000000
2.543400	2.651700	nan	0.000000
2.543400	2.703100	nan	0.000000
2.543400	2.754500	nan	0.000000
2.543400	2.805900	nan	0.000000
2.543400	2.857300	nan	0.000000
2.543400	2.908700	nan	0.000000
2.543400	2.960100	nan	0.000000
2.543400	3.011500	nan	0.000000
2.543400	3.062900	nan	0.000000
2.543400	3.114300	nan	0.000000
2.543400	3.165700	nan	0.000000

2.606200	-2.025700	nan	0.000000
2.606200	-1.974300	nan	0.000000
2.606200	-1.922900	nan	0.000000
2.606200	-1.871500	nan	0.000000
2.606200	-1.820100	nan	0.000000
2.606200	-1.768700	nan	0.000000
2.606200	-1.717300	nan	0.000000
2.606200	-1.665900	nan	0.000000
2.606200	-1.614500	nan	0.000000
2.606200	-1.563100	nan	0.000000
2.606200	-1.511700	nan	0.000000
2.606200	-1.460300	nan	0.000000
2.606200	-1.408900	nan	0.000000
2.606200	-1.357500	nan	0.000000
2.606200	-1.306100	nan	0.000000
2.606200	-1.254700	nan	0.000000
2.606200	-1.203300	nan	0.000000
2.606200	-1.151900	nan	0.000000
2.606200	-1.100500	nan	0.000000
2.606200	-1.049100	nan	0.000000
2.606200	-0.997700	nan	0.000000
2.606200	-0.946300	nan	0.000000
2.606200	-0.894900	nan	0.000000
2.606200	-0.843500	nan	0.000000
2.606200	-0.792100	nan	0.000000
2.606200	-0.740700	nan	0.000000
2.606200	-0.689300	nan	0.000000
2.606200	-0.637900	nan	0.000000
2.606200	-0.586500	nan	0.000000
2.606200	-0.535100	nan	0.000000
2.606200	-0.483700	nan	0.000000
2.606200	-0.432300	nan	0.000000
2.606200	-0.380900	nan	0.000000
2.606200	-0.329500	nan	0.000000
2.606200	-0.278100	nan	0.000000
2.606200	-0.226700	nan	0.000000
2.606200	-0.175300	nan	0.000000
2.606200	-0.123900	nan	0.000000
2.606200	-0.072500	nan	0.000000
2.606200	-0.021100	nan	0.000000
2.606200	0.030300	nan	0.000000
2.606200	0.081700	nan	0.000000
2.606200	0.133100	nan	0.000000
2.606200	0.184500	nan	0.000000
2.606200	0.235900	nan	0.000000
2.606200	0.287300	nan	0.000000
2.606200	0.338700	nan	0.000000
2.606200	0.390100	nan	0.000000
2.606200	0.441500	nan	0.000000
2.606200	0.492900	nan	0.000000
2.606200	0.544300	nan	0.000000
2.606200	0.595700	nan	0.000000
2.606200	0.647100	nan	0.000000
2.606200	0.698500	nan	0.000000
2.606200	0.749900	nan	0.000000
2.606200	0.801300	nan	0.000000
2.606200	0.852700	nan	0.000000
2.606200	0.904100	nan	0.000000
2.606200	0.955500	nan	0.000000
2.606200	1.006900	nan	0.000000
2.606200	1.058300	nan	0.000000
2.606200	1.109700	nan	0.000000
2.606200	1.161100	nan	0.000000
2.606200	1.212500	nan	0.000000
2.606200	1.263900	nan	0.000000
2.606200	1.315300	nan	0.000000
2.606200	1.366700	nan	0.000000
2.606200	1.418100	nan	0.000000
2.606200	1.469500	nan	0.000000
2.606200	1.520900	nan	0.000000
2.606200	1.572300	nan	0.000000
2.606200	1.623700	nan	0.000000
2.606200	1.675100	nan	0.000000
2.606200	1.726500	nan	0.000000
2.606200	1.777900	nan	0.000000
2.606200	1.829300	nan	0.000000
2.606200	1.880700	nan	0.000000
2.606200	1.932100	nan	0.000000
2.606200	1.983500	nan	0.000000
2.606200	2.034900	nan	0.000000
2.606200	2.086300	nan	0.000000
2.606200	2.137700	nan	0.000000
2.606200	2.189100	nan	0.000000
2.606200	2.240500	nan	0.000000
2.606200	2.291900	nan	0.000000
2.606200	2.343300	nan	0.000000
2.606200	2.394700	nan	0.000000
2.606200	2.446100	nan	0.000000
2.606200	2.497500	nan	0.000000
2.606200	2.548900	nan	0.000000
2.606200	2.600300	nan	0.000000
2.606200	2.651700	nan	0.000000
2.606200	2.703100	nan	0.000000
2.606200	2.754500	nan	0.000000
2.606200	2.805900	nan	0.000000
2.606200	2.857300	nan	0.000000
2.606200	2.908700	nan	0.000000
2.606200	2.960100	nan	0.000000
2.606200	3.011500	nan	0.000000
2.606200	3.062900	nan	0.000000
2.606200	3.114300	nan	0.000000
2.606200	3.165700	nan	0.000000

2.669000	-2.025700	nan	0.000000
2.669000	-1.974300	nan	0.000000
2.669000	-1.922900	nan	0.000000
2.669000	-1.871500	nan	0.000000
2.669000	-1.820100	nan	0.000000
2.669000	-1.768700	nan	0.000000
2.669000	-1.717300	nan	0.000000
2.669000	-1.665900	nan	0.000000
2.669000	-1.614500	nan	0.000000
2.669000	-1.563100	nan	0.000000
2.669000	-1.511700	nan	0.000000
2.669000	-1.460300	nan	0.000000
2.669000	-1.408900	nan	0.000000
2.669000	-1.357500	nan	0.000000
2.669000	-1.306100	nan	0.000000
2.669000	-1.254700	nan	0.000000
2.669000	-1.203300	nan	0.000000
2.669000	-1.151900	nan	0.000000
2.669000	-1.100500	nan	0.000000
2.669000	-1.049100	nan	0.000000
2.669000	-0.997700	nan	0.000000
2.669000	-0.946300	nan	0.000000
2.669000	-0.894900	nan	0.000000
2.669000	-0.843500	nan	0.000000
2.669000	-0.792100	nan	0.000000
2.669000	-0.740700	nan	0.000000
2.669000	-0.689300	nan	0.000000
2.669000	-0.637900	nan	0.000000
2.669000	-0.586500	nan	0.000000
2.669000	-0.535100	nan	0.000000
2.669000	-0.483700	nan	0.000000
2.669000	-0.432300	nan	0.000000
2.669000	-0.380900	nan	0.000000
2.669000	-0.329500	nan	0.000000
2.669000	-0.278100	nan	0.000000
2.669000	-0.226700	nan	0.000000
2.669000	-0.175300	nan	0.000000
2.669000	-0.123900	nan	0.000000
2.669000	-0.072500	nan	0.000000
2.669000	-0.021100	nan	0.000000
2.669000	0.030300	nan	0.000000
2.669000	0.081700	nan	0.000000
2.669000	0.133100	nan	0.000000
2.669000	0.184500	nan	0.000000
2.669000	0.235900	nan	0.000000
2.669000	0.287300	nan	0.000000
2.669000	0.338700	nan	0.000000
2.669000	0.390100	nan	0.000000
2.669000	0.441500	nan	0.000000
2.669000	0.492900	nan	0.000000
2.669000	0.544300	nan	0.000000
2.669000	0.595700	nan	0.000000
2.669000	0.647100	nan	0.000000
2.669000	0.698500	nan	0.000000
2.669000	0.749900	nan	0.000000
2.669000	0.801300	nan	0.000000
2.669000	0.852700	nan	0.000000
2.669000	0.904100	nan	0.000000
2.669000	0.955500	nan	0.000000
2.669000	1.006900	nan	0.000000
2.669000	1.058300	nan	0.000000
2.669000	1.109700	nan	0.000000
2.669000	1.161100	nan	0.000000
2.669000	1.212500	nan	0.000000
2.669000	1.263900	nan	0.000000
2.669000	1.315300	nan	0.000000
2.669000	1.366700	nan	0.000000
2.669000	1.418100	nan	0.000000
2.669000	1.469500	nan	0.000000
2.669000	1.520900	nan	0.000000
2.669000	1.572300	nan	0.000000
2.669000	1.623700	nan	0.000000
2.669000	1.675100	nan	0.000000
2.669000	1.726500	nan	0.000000
2.669000	1.777900	nan	0.000000
2.669000	1.829300	nan	0.000000
2.669000	1.880700	nan	0.000000
2.669000	1.932100	nan	0.000000
2.669000	1.983500	nan	0.000000
2.669000	2.034900	nan	0.000000
2.669000	2.086300	nan	0.000000
2.669000	2.137700	nan	0.000000
2.669000	2.189100	nan	0.000000
2.669000	2.240500	nan	0.000000
2.669000	2.291900	nan	0.000000
2.669000	2.343300	nan	0.000000
2.669000	2.394700	nan	0.000000
2.669000	2.446100	nan	0.000000
2.669000	2.497500	nan	0.000000
2.669000	2.548900	nan	0.000000
2.669000	2.600300	nan	0.000000
2.669000	2.651700	nan	0.000000
2.669000	2.703100	nan	0.000000
2.669000	2.754500	nan	0.000000
2.669000	2.805900	nan	0.000000
2.669000	2.857300	nan	0.000000
2.669000	2.908700	nan	0.000000
2.669000	2.960100	nan	0.000000
2.669000	3.011500	nan	0.000000
2.669000	3.062900	nan	0.000000
2.669000	3.114300	nan	0.000000
2.669000	3.165700	nan	0.000000

2.731800	-2.025700	nan	0.000000
2.731800	-1.974300	nan	0.000000
2.731800	-1.922900	nan	0.000000
2.731800	-1.871500	nan	0.000000
2.731800	-1.820100	nan	0.000000
2.731800	-1.768700	nan	0.000000
2.731800	-1.717300	nan	0.000000
2.731800	-1.665900	nan	0.000000
2.731800	-1.614500	nan	0.000000
2.731800	-1.563100	nan	0.000000
2.731800	-1.511700	nan	0.000000
2.731800	-1.460300	nan	0.000000
2.731800	-1.408900	nan	0.000000
2.731800	-1.357500	nan	0.000000
2.731800	-1.306100	nan	0.000000
2.731800	-1.254700	nan	0.000000
2.731800	-1.203300	nan	0.000000
2.731800	-1.151900	nan	0.000000
2.731800	-1.100500	nan	0.000000
2.731800	-1.049100	nan	0.000000
2.731800	-0.997700	nan	0.000000
2.731800	-0.946300	nan	0.000000
2.731800	-0.894900	nan	0.000000
2.731800	-0.843500	nan	0.000000
2.731800	-0.792100	nan	0.000000
2.731800	-0.740700	nan	0.000000
2.731800	-0.689300	nan	0.000000
2.731800	-0.637900	nan	0.000000
2.731800	-0.586500	nan	0.000000
2.731800	-0.535100	nan	0.000000
2.731800	-0.483700	nan	0.000000
2.731800	-0.432300	nan	0.000000
2.731800	-0.380900	nan	0.000000
2.731800	-0.329500	nan	0.000000
2.731800	-0.278100	nan	0.000000
2.731800	-0.226700	nan	0.000000
2.731800	-0.175300	nan	0.000000
2.731800	-0.123900	nan	0.000000
2.731800	-0.072500	nan	0.000000
2.731800	-0.021100	nan	0.000000
2.731800	0.030300	nan	0.000000
2.731800	0.081700	nan	0.000000
2.731800	0.133100	nan	0.000000
2.731800	0.184500	nan	0.000000
2.731800	0.235900	nan	0.000000
2.731800	0.287300	nan	0.000000
2.731800	0.338700	nan	0.000000
2.731800	0.390100	nan	0.000000
2.731800	0.441500	nan	0.000000
2.731800	0.492900	nan	0.000000
2.731800	0.544300	nan	0.000000
2.731800	0.595700	nan	0.000000
2.731800	0.647100	nan	0.000000
2.731800	0.698500	nan	0.000000
2.731800	0.749900	nan	0.000000
2.731800	0.801300	nan	0.000000
2.731800	0.852700	nan	0.000000
2.731800	0.904100	nan	0.000000
2.731800	0.955500	nan	0.000000
2.731800	1.006900	nan	0.000000
2.731800	1.058300	nan	0.000000
2.731800	1.109700	nan	0.000000
2.731800	1.161100	nan	0.000000
2.731800	1.212500	nan	0.000000
2.731800	1.263900	nan	0.000000
2.731800	1.315300	nan	0.000000
2.731800	1.366700	nan	0.000000
2.731800	1.418100	nan	0.000000
2.731800	1.469500	nan	0.000000
2.731800	1.520900	nan	0.000000
2.731800	1.572300	nan	0.000000
2.731800	1.623700	nan	0.000000
2.731800	1.675100	nan	0.000000
2.731800	1.726500	nan	0.000000
2.731800	1.777900	nan	0.000000
2.731800	1.829300	nan	0.000000
2.731800	1.880700	nan	0.000000
2.731800	1.932100	nan	0.000000
2.731800	1.983500	nan	0.000000
2.731800	2.034900	nan	0.000000
2.731800	2.086300	nan	0.000000
2.731800	2.137700	nan	0.000000
2.731800	2.189100	nan	0.000000
2.731800	2.240500	nan	0.000000
2.731800	2.291900	nan	0.000000
2.731800	2.343300	nan	0.000000
2.731800	2.394700	nan	0.000000
2.731800	2.446100	nan	0.000000
2.731800	2.497500	nan	0.000000
2.731800	2.548900	nan	0.000000
2.731800	2.600300	nan	0.000000
2.731800	2.651700	nan	0.000000
2.731800	2.703100	nan	0.000000
2.731800	2.754500	nan	0.000000
2.731800	2.805900	nan	0.000000
2.731800	2.857300	nan	0.000000
2.731800	2.908700	nan	0.000000
2.731800	2.960100	nan	0.000000
2.731800	3.011500	nan	0.000000
2.731800	3.062900	nan	0.000000
2.731800	3.114300	nan	0.000000
2.731800	3.165700	nan	0.000000

2.794600	-2.025700	nan	0.000000
2.794600	-1.974300	nan	0.000000
2.794600	-1.922900	nan	0.000000
2.794600	-1.871500	nan	0.000000
2.794600	-1.820100	nan	0.000000
2.794600	-1.768700	nan	0.000000
2.794600	-1.717300	nan	0.000000
2.794600	-1.665900	nan	0.000000
2.794600	-1.614500	nan	0.000000
2.794600	-1.563100	nan	0.000000
2.794600	-1.511700	nan	0.000000
2.794600	-1.460300	nan	0.000000
2.794600	-1.408900	nan	0.000000
2.794600	-1.357500	nan	0.000000
2.794600	-1.306100	nan	0.000000
2.794600	-1.254700	nan	0.000000
2.794600	-1.203300	nan	0.000000
2.794600	-1.151900	nan	0.000000
2.794600	-1.100500	nan	0.000000
2.794600	-1.049100	nan	0.000000
2.794600	-0.997700	nan	0.000000
2.794600	-0.946300	nan	0.000000
2.794600	-0.894900	nan	0.000000
2.794600	-0.843500	nan	0.000000
2.794600	-0.792100	nan	0.000000
2.794600	-0.740700	nan	0.000000
2.794600	-0.689300	nan	0.000000
2.794600	-0.637900	nan	0.000000
2.794600	-0.586500	nan	0.000000
2.794600	-0.535100	nan	0.000000
2.794600	-0.483700	nan	0.000000
2.794600	-0.432300	nan	0.000000
2.794600	-0.380900	nan	0.000000
2.794600	-0.329500	nan	0.000000
2.794600	-0.278100	nan	0.000000
2.794600	-0.226700	nan	0.000000
2.794600	-0.175300	nan	0.000000
2.794600	-0.123900	nan	0.000000
2.794600	-0.072500	nan	0.000000
2.794600	-0.021100	nan	0.000000
2.794600	0.030300	nan	0.000000
2.794600	0.081700	nan	0.000000
2.794600	0.133100	nan	0.000000
2.794600	0.184500	nan	0.000000
2.794600	0.235900	nan	0.000000
2.794600	0.287300	nan	0.000000
2.794600	0.338700	nan	0.000000
2.794600	0.390100	nan	0.000000
2.794600	0.441500	nan	0.000000
2.794600	0.492900	nan	0.000000
2.794600	0.544300	nan	0.000000
2.794600	0.595700	nan	0.000000
2.794600	0.647100	nan	0.000000
2.794600	0.698500	nan	0.000000
2.794600	0.749900	nan	0.000000
2.794600	0.801300	nan	0.000000
2.794600	0.852700	nan	0.000000
2.794600	0.904100	nan	0.000000
2.794600	0.955500	nan	0.000000
2.794600	1.006900	nan	0.000000
2.794600	1.058300	nan	0.000000
2.794600	1.109700	nan	0.000000
2.794600	1.161100	nan	0.000000
2.794600	1.212500	nan	0.000000
2.794600	1.263900	nan	0.000000
2.794600	1.315300	nan	0.000000
2.794600	1.366700	nan	0.000000
2.794600	1.418100	nan	0.000000
2.794600	1.469500	nan	0.000000
2.794600	1.520900	nan	0.000000
2.794600	1.572300	nan	0.000000
2.794600	1.623700	nan	0.000000
2.794600	1.675100	nan	0.000000
2.794600	1.726500	nan	0.000000
2.794600	1.777900	nan	0.000000
2.794600	1.829300	nan	0.000000
2.794600	1.880700	nan	0.000000
2.794600	1.932100	nan	0.000000
2.794600	1.983500	nan	0.000000
2.794600	2.034900	nan	0.000000
2.794600	2.086300	nan	0.000000
2.794600	2.137700	nan	0.000000
2.794600	2.189100	nan	0.000000
2.794600	2.240500	nan	0.000000
2.794600	2.291900	nan	0.000000
2.794600	2.343300	nan	0.000000
2.794600	2.394700	nan	0.000000
2.794600	2.446100	nan	0.000000
2.794600	2.497500	nan	0.000000
2.794600	2.548900	nan	0.000000
2.794600	2.600300	nan	0.000000
2.794600	2.651700	nan	0.000000
2.794600	2.703100	nan	0.000000
2.794600	2.754500	nan	0.000000
2.794600	2.805900	nan	0.000000
2.794600	2.857300	nan	0.000000
2.794600	2.908700	nan	0.000000
2.794600	2.960100	nan	0.000000
2.794600	3.011500	nan	0.000000
2.794600	3.062900	nan	0.000000
2.794600	3.114300	nan	0.000000
2.794600	3.165700	nan	0.000000

2.857400	-2.025700	nan	0.000000
2.857400	-1.974300	nan	0.000000
2.857400	-1.922900	nan	0.000000
2.857400	-1.871500	nan	0.000000
2.857400	-1.820100	nan	0.000000
2.857400	-1.768700	nan	0.000000
2.857400	-1.717300	nan	0.000000
2.857400	-1.665900	nan	0.000000
2.857400	-1.614500	nan	0.000000
2.857400	-1.563100	nan	0.000000
2.857400	-1.511700	nan	0.000000
2.857400	-1.460300	nan	0.000000
2.857400	-1.408900	nan	0.000000
2.857400	-1.357500	nan	0.000000
2.857400	-1.306100	nan	0.000000
2.857400	-1.254700	nan	0.000000
2.857400	-1.203300	nan	0.000000
2.857400	-1.151900	nan	0.000000
2.857400	-1.100500	nan	0.000000
2.857400	-1.049100	nan	0.000000
2.857400	-0.997700	nan	0.000000
2.857400	-0.946300	nan	0.000000
2.857400	-0.894900	nan	0.000000
2.857400	-0.843500	nan	0.000000
2.857400	-0.792100	nan	0.000000
2.857400	-0.740700	nan	0.000000
2.857400	-0.689300	nan	0.000000
2.857400	-0.637900	nan	0.000000
2.857400	-0.586500	nan	0.000000
2.857400	-0.535100	nan	0.000000
2.857400	-0.483700	nan	0.000000
2.857400	-0.432300	nan	0.000000
2.857400	-0.380900	nan	0.000000
2.857400	-0.329500	nan	0.000000
2.857400	-0.278100	nan	0.000000
2.857400	-0.226700	nan	0.000000
2.857400	-0.175300	nan	0.000000
2.857400	-0.123900	nan	0.000000
2.857400	-0.072500	nan	0.000000
2.857400	-0.021100	nan	0.000000
2.857400	0.030300	nan	0.000000
2.857400	0.081700	nan	0.000000
2.857400	0.133100	nan	0.000000
2.857400	0.184500	nan	0.000000
2.857400	0.235900	nan	0.000000
2.857400	0.287300	nan	0.000000
2.857400	0.338700	nan	0.000000
2.857400	0.390100	nan	0.000000
2.857400	0.441500	nan	0.000000
2.857400	0.492900	nan	0.000000
2.857400	0.544300	nan	0.000000
2.857400	0.595700	nan	0.000000
2.857400	0.647100	nan	0.000000
2.857400	0.698500	nan	0.000000
2.857400	0.749900	nan	0.000000
2.857400	0.801300	nan	0.000000
2.857400	0.852700	nan	0.000000
2.857400	0.904100	nan	0.000000
2.857400	0.955500	nan	0.000000
2.857400	1.006900	nan	0.000000
2.857400	1.058300	nan	0.000000
2.857400	1.109700	nan	0.000000
2.857400	1.161100	nan	0.000000
2.857400	1.212500	nan	0.000000
2.857400	1.263900	nan	0.000000
2.857400	1.315300	nan	0.000000
2.857400	1.366700	nan	0.000000
2.857400	1.418100	nan	0.000000
2.857400	1.469500	nan	0.000000
2.857400	1.520900	nan	0.000000
2.857400	1.572300	nan	0.000000
2.857400	1.623700	nan	0.000000
2.857400	1.675100	nan	0.000000
2.857400	1.726500	nan	0.000000
2.857400	1.777900	nan	0.000000
2.857400	1.829300	nan	0.000000
2.857400	1.880700	nan	0.000000
2.857400	1.932100	nan	0.000000
2.857400	1.983500	nan	0.000000
2.857400	2.034900	nan	0.000000
2.857400	2.086300	nan	0.000000
2.857400	2.137700	nan	0.000000
2.857400	2.189100	nan	0.000000
2.857400	2.240500	nan	0.000000
2.857400	2.291900	nan	0.000000
2.857400	2.343300	nan	0.000000
2.857400	2.394700	nan	0.000000
2.857400	2.446100	nan	0.000000
2.857400	2.497500	nan	0.000000
2.857400	2.548900	nan	0.000000
2.857400	2.600300	nan	0.000000
2.857400	2.651700	nan	0.000000
2.857400	2.703100	nan	0.000000
2.857400	2.754500	nan	0.000000
2.857400	2.805900	nan	0.000000
2.857400	2.857300	nan	0.000000
2.857400	2.908700	nan	0.000000
2.857400	2.960100	nan	0.000000
2.857400	3.011500	nan	0.000000
2.857400	3.062900	nan	0.000000
2.857400	3.114300	nan	0.000000
2.857400	3.165700	nan	0.000000

2.920200	-2.025700	nan	0.000000
2.920200	-1.974300	nan	0.000000
2.920200	-1.922900	nan	0.000000
2.920200	-1.871500	nan	0.000000
2.920200	-1.820100	nan	0.000000
2.920200	-1.768700	nan	0.000000
2.920200	-1.717300	nan	0.000000
2.920200	-1.665900	nan	0.000000
2.920200	-1.614500	nan	0.000000
2.920200	-1.563100	nan	0.000000
2.920200	-1.511700	nan	0.000000
2.920200	-1.460300	nan	0.000000
2.920200	-1.408900	nan	0.000000
2.920200	-1.357500	nan	0.000000
2.920200	-1.306100	nan	0.000000
2.920200	-1.254700	nan	0.000000
2.920200	-1.203300	nan	0.000000
2.920200	-1.151900	nan	0.000000
2.920200	-1.100500	nan	0.000000
2.920200	-1.049100	nan	0.000000
2.920200	-0.997700	nan	0.000000
2.920200	-0.946300	nan	0.000000
2.920200	-0.894900	nan	0.000000
2.920200	-0.843500	nan	0.000000
2.920200	-0.792100	nan	0.000000
2.920200	-0.740700	nan	0.000000
2.920200	-0.689300	nan	0.000000
2.920200	-0.637900	nan	0.000000
2.920200	-0.586500	nan	0.000000
2.920200	-0.535100	nan	0.000000
2.920200	-0.483700	nan	0.000000
2.920200	-0.432300	nan	0.000000
2.920200	-0.380900	nan	0.000000
2.920200	-0.329500	nan	0.000000
2.920200	-0.278100	nan	0.000000
2.920200	-0.226700	nan	0.000000
2.920200	-0.175300	nan	0.000000
2.920200	-0.123900	nan	0.000000
2.920200	-0.072500	nan	0.000000
2.920200	-0.021100	nan	0.000000
2.920200	0.030300	nan	0.000000
2.920200	0.081700	nan	0.000000
2.920200	0.133100	nan	0.000000
2.920200	0.184500	nan	0.000000
2.920200	0.235900	nan	0.000000
2.920200	0.287300	nan	0.000000
2.920200	0.338700	nan	0.000000
2.920200	0.390100	nan	0.000000
2.920200	0.441500	nan	0.000000
2.920200	0.492900	nan	0.000000
2.920200	0.544300	nan	0.000000
2.920200	0.595700	nan	0.000000
2.920200	0.647100	nan	0.000000
2.920200	0.698500	nan	0.000000
2.920200	0.749900	nan	0.000000
2.920200	0.801300	nan	0.000000
2.920200	0.852700	nan	0.000000
2.920200	0.904100	nan	0.000000
2.920200	0.955500	nan	0.000000
2.920200	1.006900	nan	0.000000
2.920200	1.058300	nan	0.000000
2.920200	1.109700	nan	0.000000
2.920200	1.161100	nan	0.000000
2.920200	1.212500	nan	0.000000
2.920200	1.263900	nan	0.000000
2.920200	1.315300	nan	0.000000
2.920200	1.366700	nan	0.000000
2.920200	1.418100	nan	0.000000
2.920200	1.469500	nan	0.000000
2.920200	1.520900	nan	0.000000
2.920200	1.572300	nan	0.000000
2.920200	1.623700	nan	0.000000
2.920200	1.675100	nan	0.000000
2.920200	1.726500	nan	0.000000
2.920200	1.777900	nan	0.000000
2.920200	1.829300	nan	0.000000
2.920200	1.880700	nan	0.000000
2.920200	1.932100	nan	0.000000
2.920200	1.983500	nan	0.000000
2.920200	2.034900	nan	0.000000
2.920200	2.086300	nan	0.000000
2.920200	2.137700	nan	0.000000
2.920200	2.189100	nan	0.000000
2.920200	2.240500	nan	0.000000
2.920200	2.291900	nan	0.000000
2.920200	2.343300	nan	0.000000
2.920200	2.394700	nan	0.000000
2.920200	2.446100	nan	0.000000
2.920200	2.497500	nan	0.000000
2.920200	2.548900	nan	0.000000
2.920200	2.600300	nan	0.000000
2.920200	2.651700	nan	0.000000
2.920200	2.703100	nan	0.000000
2.920200	2.754500	nan	0.000000
2.920200	2.805900	nan	0.000000
2.920200	2.857300	nan	0.000000
2.920200	2.908700	nan	0.000000
2.920200	2.960100	nan	0.000000
2.920200	3.011500	nan	0.000000
2.920200	3.062900	nan	0.000000
2.920200	3.114300	nan	0.000000
2.920200	3.165700	nan	0.000000

2.983000	-2.025700	nan	0.000000
2.983000	-1.974300	nan	0.000000
2.983000	-1.922900	nan	0.000000
2.983000	-1.871500	nan	0.000000
2.983000	-1.820100	nan	0.000000
2.983000	-1.768700	nan	0.000000
2.983000	-1.717300	nan	0.000000
2.983000	-1.665900	nan	0.000000
2.983000	-1.614500	nan	0.000000
2.983000	-1.563100	nan	0.000000
2.983000	-1.511700	nan	0.000000
2.983000	-1.460300	nan	0.000000
2.983000	-1.408900	nan	0.000000
2.983000	-1.357500	nan	0.000000
2.983000	-1.306100	nan	0.000000
2.983000	-1.254700	nan	0.000000
2.983000	-1.203300	nan	0.000000
2.983000	-1.151900	nan	0.000000
2.983000	-1.100500	nan	0.000000
2.983000	-1.049100	nan	0.000000
2.983000	-0.997700	nan	0.000000
2.983000	-0.946300	nan	0.000000
2.983000	-0.894900	nan	0.000000
2.983000	-0.843500	nan	0.000000
2.983000	-0.792100	nan	0.000000
2.983000	-0.740700	nan	0.000000
2.983000	-0.689300	nan	0.000000
2.983000	-0.637900	nan	0.000000
2.983000	-0.586500	nan	0.000000
2.983000	-0.535100	nan	0.000000
2.983000	-0.483700	nan	0.000000
2.983000	-0.432300	nan	0.000000
2.983000	-0.380900	nan	0.000000
2.983000	-0.329500	nan	0.000000
2.983000	-0.278100	nan	0.000000
2.983000	-0.226700	nan	0.000000
2.983000	-0.175300	nan	0.000000
2.983000	-0.123900	nan	0.000000
2.983000	-0.072500	nan	0.000000
2.983000	-0.021100	nan	0.000000
2.983000	0.030300	nan	0.000000
2.983000	0.081700	nan	0.000000
2.983000	0.133100	nan	0.000000
2.983000	0.184500	nan	0.000000
2.983000	0.235900	nan	0.000000
2.983000	0.287300	nan	0.000000
2.983000	0.338700	nan	0.000000
2.983000	0.390100	nan	0.000000
2.983000	0.441500	nan	0.000000
2.983000	0.492900	nan	0.000000
2.983000	0.544300	nan	0.000000
2.983000	0.595700	nan	0.000000
2.983000	0.647100	nan	0.000000
2.983000	0.698500	nan	0.000000
2.983000	0.749900	nan	0.000000
2.983000	0.801300	nan	0.000000
2.983000	0.852700	nan	0.000000
2.983000	0.904100	nan	0.000000
2.983000	0.955500	nan	0.000000
2.983000	1.006900	nan	0.000000
2.983000	1.058300	nan	0.000000
2.983000	1.109700	nan	0.000000
2.983000	1.161100	nan	0.000000
2.983000	1.212500	nan	0.000000
2.983000	1.263900	nan	0.000000
2.983000	1.315300	nan	0.000000
2.983000	1.366700	nan	0.000000
2.983000	1.418100	nan	0.000000
2.983000	1.469500	nan	0.000000
2.983000	1.520900	nan	0.000000
2.983000	1.572300	nan	0.000000
2.983000	1.623700	nan	0.000000
2.983000	1.675100	nan	0.000000
2.983000	1.726500	nan	0.000000
2.983000	1.777900	nan	0.000000
2.983000	1.829300	nan	0.000000
2.983000	1.880700	nan	0.000000
2.983000	1.932100	nan	0.000000
2.983000	1.983500	nan	0.000000
2.983000	2.034900	nan	0.000000
2.983000	2.086300	nan	0.000000
2.983000	2.137700	nan	0.000000
2.983000	2.189100	nan	0.000000
2.983000	2.240500	nan	0.000000
2.983000	2.291900	nan	0.000000
2.983000	2.343300	nan	0.000000
2.983000	2.394700	nan	0.000000
2.983000	2.446100	nan	0.000000
2.983000	2.497500	nan	0.000000
2.983000	2.548900	nan	0.000000
2.983000	2.600300	nan	0.000000
2.983000	2.651700	nan	0.000000
2.983000	2.703100	nan	0.000000
2.983000	2.754500	nan	0.000000
2.983000	2.805900	nan	0.000000
2.983000	2.857300	nan	0.000000
2.983000	2.908700	nan	0.000000
2.983000	2.960100	nan	0.000000
2.983000	3.011500	nan	0.000000
2.983000	3.062900	nan	0.000000
2.983000	3.114300	nan	0.000000
2.983000	3.165700	nan	0.000000

3.045800	-2.025700	nan	0.000000
3.045800	-1.974300	nan	0.000000
3.045800	-1.922900	nan	0.000000
3.045800	-1.871500	nan	0.000000
3.045800	-1.820100	nan	0.000000
3.045800	-1.768700	nan	0.000000
3.045800	-1.717300	nan	0.000000
3.045800	-1.665900	nan	0.000000
3.045800	-1.614500	nan	0.000000
3.045800	-1.563100	nan	0.000000
3.045800	-1.511700	nan	0.000000
3.045800	-1.460300	nan	0.000000
3.045800	-1.408900	nan	0.000000
3.045800	-1.357500	nan	0.000000
3.045800	-1.306100	nan	0.000000
3.045800	-1.254700	nan	0.000000
3.045800	-1.203300	nan	0.000000
3.045800	-1.151900	nan	0.000000
3.045800	-1.100500	nan	0.000000
3.045800	-1.049100	nan	0.000000
3.045800	-0.997700	nan	0.000000
3.045800	-0.946300	nan	0.000000
3.045800	-0.894900	nan	0.000000
3.045800	-0.843500	nan	0.000000
3.045800	-0.792100	nan	0.000000
3.045800	-0.740700	nan	0.000000
3.045800	-0.689300	nan	0.000000
3.045800	-0.637900	nan	0.000000
3.045800	-0.586500	nan	0.000000
3.045800	-0.535100	nan	0.000000
3.045800	-0.483700	nan	0.000000
3.045800	-0.432300	nan	0.000000
3.045800	-0.380900	nan	0.000000
3.045800	-0.329500	nan	0.000000
3.045800	-0.278100	nan	0.000000
3.045800	-0.226700	nan	0.000000
3.045800	-0.175300	nan	0.000000
3.045800	-0.123900	nan	0.000000
3.045800	-0.072500	nan	0.000000
3.045800	-0.021100	nan	0.000000
3.045800	0.030300	nan	0.000000
3.045800	0.081700	nan	0.000000
3.045800	0.133100	nan	0.000000
3.045800	0.184500	nan	0.000000
3.045800	0.235900	nan	0.000000
3.045800	0.287300	nan	0.000000
3.045800	0.338700	nan	0.000000
3.045800	0.390100	nan	0.000000
3.045800	0.441500	nan	0.000000
3.045800	0.492900	nan	0.000000
3.045800	0.544300	nan	0.000000
3.045800	0.595700	nan	0.000000
3.045800	0.647100	nan	0.000000
3.045800	0.698500	nan	0.000000
3.045800	0.749900	nan	0.000000
3.045800	0.801300	nan	0.000000
3.045800	0.852700	nan	0.000000
3.045800	0.904100	nan	0.000000
3.045800	0.955500	nan	0.000000
3.045800	1.006900	nan	0.000000
3.045800	1.058300	nan	0.000000
3.045800	1.109700	nan	0.000000
3.045800	1.161100	nan	0.000000
3.045800	1.212500	nan	0.000000
3.045800	1.263900	nan	0.000000
3.045800	1.315300	nan	0.000000
3.045800	1.366700	nan	0.000000
3.045800	1.418100	nan	0.000000
3.045800	1.469500	nan	0.000000
3.045800	1.520900	nan	0.000000
3.045800	1.572300	nan	0.000000
3.045800	1.623700	nan	0.000000
3.045800	1.675100	nan	0.000000
3.045800	1.726500	nan	0.000000
3.045800	1.777900	nan	0.000000
3.045800	1.829300	nan	0.000000
3.045800	1.880700	nan	0.000000
3.045800	1.932100	nan	0.000000
3.045800	1.983500	nan	0.000000
3.045800	2.034900	nan	0.000000
3.045800	2.086300	nan	0.000000
3.045800	2.137700	nan	0.000000
3.045800	2.189100	nan	0.000000
3.045800	2.240500	nan	0.000000
3.045800	2.291900	nan	0.000000
3.045800	2.343300	nan	0.000000
3.045800	2.394700	nan	0.000000
3.045800	2.446100	nan	0.000000
3.045800	2.497500	nan	0.000000
3.045800	2.548900	nan	0.000000
3.045800	2.600300	nan	0.000000
3.045800	2.651700	nan	0.000000
3.045800	2.703100	nan	0.000000
3.045800	2.754500	nan	0.000000
3.045800	2.805900	nan	0.000000
3.045800	2.857300	nan	0.000000
3.045800	2.908700	nan	0.000000
3.045800	2.960100	nan	0.000000
3.045800	3.011500	nan	0.000000
3.045800	3.062900	nan	0.000000
3.045800	3.114300	nan	0.000000
3.045800	3.165700	nan	0.000000

3.108600	-2.025700	nan	0.000000
3.108600	-1.974300	nan	0.000000
3.108600	-1.922900	nan	0.000000
3.108600	-1.871500	nan	0.000000
3.108600	-1.820100	nan	0.000000
3.108600	-1.768700	nan	0.000000
3.108600	-1.717300	nan	0.000000
3.108600	-1.665900	nan	0.000000
3.108600	-1.614500	nan	0.000000
3.108600	-1.563100	nan	0.000000
3.108600	-1.511700	nan	0.000000
3.108600	-1.460300	nan	0.000000
3.108600	-1.408900	nan	0.000000
3.108600	-1.357500	nan	0.000000
3.108600	-1.306100	nan	0.000000
3.108600	-1.254700	nan	0.000000
3.108600	-1.203300	nan	0.000000
3.108600	-1.151900	nan	0.000000
3.108600	-1.100500	nan	0.000000
3.108600	-1.049100	nan	0.000000
3.108600	-0.997700	nan	0.000000
3.108600	-0.946300	nan	0.000000
3.108600	-0.894900	nan	0.000000
3.108600	-0.843500	nan	0.000000
3.108600	-0.792100	nan	0.000000
3.108600	-0.740700	nan	0.000000
3.108600	-0.689300	nan	0.000000
3.108600	-0.637900	nan	0.000000
3.108600	-0.586500	nan	0.000000
3.108600	-0.535100	nan	0.000000
3.108600	-0.483700	nan	0.000000
3.108600	-0.432300	nan	0.000000
3.108600	-0.380900	nan	0.000000
3.108600	-0.329500	nan	0.000000
3.108600	-0.278100	nan	0.000000
3.108600	-0.226700	nan	0.000000
3.108600	-0.175300	nan	0.000000
3.108600	-0.123900	nan	0.000000
3.108600	-0.072500	nan	0.000000
3.108600	-0.021100	nan	0.000000
3.108600	0.030300	nan	0.000000
3.108600	0.081700	nan	0.000000
3.108600	0.133100	nan	0.000000
3.108600	0.184500	nan	0.000000
3.108600	0.235900	nan	0.000000
3.108600	0.287300	nan	0.000000
3.108600	0.338700	nan	0.000000
3.108600	0.390100	nan	0.000000
3.108600	0.441500	nan	0.000000
3.108600	0.492900	nan	0.000000
3.108600	0.544300	nan	0.000000
3.108600	0.595700	nan	0.000000
3.108600	0.647100	nan	0.000000
3.108600	0.698500	nan	0.000000
3.108600	0.749900	nan	0.000000
3.108600	0.801300	nan	0.000000
3.108600	0.852700	nan	0.000000
3.108600	0.904100	nan	0.000000
3.108600	0.955500	nan	0.000000
3.108600	1.006900	nan	0.000000
3.108600	1.058300	nan	0.000000
3.108600	1.109700	nan	0.000000
3.108600	1.161100	nan	0.000000
3.108600	1.212500	nan	0.000000
3.108600	1.263900	nan	0.000000
3.108600	1.315300	nan	0.000000
3.108600	1.366700	nan	0.000000
3.108600	1.418100	nan	0.000000
3.108600	1.469500	nan	0.000000
3.108600	1.520900	nan	0.000000
3.108600	1.572300	nan	0.000000
3.108600	1.623700	nan	0.000000
3.108600	1.675100	nan	0.000000
3.108600	1.726500	nan	0.000000
3.108600	1.777900	nan	0.000000
3.108600	1.829300	nan	0.000000
3.108600	1.880700	nan	0.000000
3.108600	1.932100	nan	0.000000
3.108600	1.983500	nan	0.000000
3.108600	2.034900	nan	0.000000
3.108600	2.086300	nan	0.000000
3.108600	2.137700	nan	0.000000
3.108600	2.189100	nan	0.000000
3.108600	2.240500	nan	0.000000
3.108600	2.291900	nan	0.000000
3.108600	2.343300	nan	0.000000
3.108600	2.394700	nan	0.000000
3.108600	2.446100	nan	0.000000
3.108600	2.497500	nan	0.000000
3.108600	2.548900	nan	0.000000
3.108600	2.600300	nan	0.000000
3.108600	2.651700	nan	0.000000
3.108600	2.703100	nan	0.000000
3.108600	2.754500	nan	0.000000
3.108600	2.805900	nan	0.000000
3.108600	2.857300	nan	0.000000
3.108600	2.908700	nan	0.000000
3.108600	2.960100	nan	0.000000
3.108600	3.011500	nan	0.000000
3.108600	3.062900	nan	0.000000
3.108600	3.114300	nan	0.000000
3.108600	3.165700	nan	0.000000

3.171400	-2.025700	nan	0.000000
3.171400	-1.974300	nan	0.000000
3.171400	-1.922900	nan	0.000000
3.171400	-1.871500	nan	0.000000
3.171400	-1.820100	nan	0.000000
3.171400	-1.768700	nan	0.000000
3.171400	-1.717300	nan	0.000000
3.171400	-1.665900	nan	0.000000
3.171400	-1.614500	nan	0.000000
3.171400	-1.563100	nan	0.000000
3.171400	-1.511700	nan	0.000000
3.171400	-1.460300	nan	0.000000
3.171400	-1.408900	nan	0.000000
3.171400	-1.357500	nan	0.000000
3.171400	-1.306100	nan	0.000000
3.171400	-1.254700	nan	0.000000
3.171400	-1.203300	nan	0.000000
3.171400	-1.151900	nan	0.000000
3.171400	-1.100500	nan	0.000000
3.171400	-1.049100	nan	0.000000
3.171400	-0.997700	nan	0.000000
3.171400	-0.946300	nan	0.000000
3.171400	-0.894900	nan	0.000000
3.171400	-0.843500	nan	0.000000
3.171400	-0.792100	nan	0.000000
3.171400	-0.740700	nan	0.000000
3.171400	-0.689300	nan	0.000000
3.171400	-0.637900	nan	0.000000
3.171400	-0.586500	nan	0.000000
3.171400	-0.535100	nan	0.000000
3.171400	-0.483700	nan	0.000000
3.171400	-0.432300	nan	0.000000
3.171400	-0.380900	nan	0.000000
3.171400	-0.329500	nan	0.000000
3.171400	-0.278100	nan	0.000000
3.171400	-0.226700	nan	0.000000
3.171400	-0.175300	nan	0.000000
3.171400	-0.123900	nan	0.000000
3.171400	-0.072500	nan	0.000000
3.171400	-0.021100	nan	0.000000
3.171400	0.030300	nan	0.000000
3.171400	0.081700	nan	0.000000
3.171400	0.133100	nan	0.000000
3.171400	0.184500	nan	0.000000
3.171400	0.235900	nan	0.000000
3.171400	0.287300	nan	0.000000
3.171400	0.338700	nan	0.000000
3.171400	0.390100	nan	0.000000
3.171400	0.441500	nan	0.000000
3.171400	0.492900	nan	0.000000
3.171400	0.544300	nan	0.000000
3.171400	0.595700	nan	0.000000
3.171400	0.647100	nan	0.000000
3.171400	0.698500	nan	0.000000
3.171400	0.749900	nan	0.000000
3.171400	0.801300	nan	0.000000
3.171400	0.852700	nan	0.000000
3.171400	0.904100	nan	0.000000
3.171400	0.955500	nan	0.000000
3.171400	1.006900	nan	0.000000
3.171400	1.058300	nan	0.000000
3.171400	1.109700	nan	0.000000
3.171400	1.161100	nan	0.000000
3.171400	1.212500	nan	0.000000
3.171400	1.263900	nan	0.000000
3.171400	1.315300	nan	0.000000
3.171400	1.366700	nan	0.000000
3.171400	1.418100	nan	0.000000
3.171400	1.469500	nan	0.000000
3.171400	1.520900	nan	0.000000
3.171400	1.572300	nan	0.000000
3.171400	1.623700	nan	0.000000
3.171400	1.675100	nan	0.000000
3.171400	1.726500	nan	0.000000
3.171400	1.777900	nan	0.000000
3.171400	1.829300	nan	0.000000
3.171400	1.880700	nan	0.000000
3.171400	1.932100	nan	0.000000
3.171400	1.983500	nan	0.000000
3.171400	2.034900	nan	0.000000
3.171400	2.086300	nan	0.000000
3.171400	2.137700	nan	0.000000
3.171400	2.189100	nan	0.000000
3.171400	2.240500	nan	0.000000
3.171400	2.291900	nan	0.000000
3.171400	2.343300	nan	0.000000
3.171400	2.394700	nan	0.000000
3.171400	2.446100	nan	0.000000
3.171400	2.497500	nan	0.000000
3.171400	2.548900	nan	0.000000
3.171400	2.600300	nan	0.000000
3.171400	2.651700	nan	0.000000
3.171400	2.703100	nan	0.000000
3.171400	2.754500	nan	0.000000
3.171400	2.805900	nan	0.000000
3.171400	2.857300	nan	0.000000
3.171400	2.908700	nan	0.000000
3.171400	2.960100	nan	0.000000
3.171400	3.011500	nan	0.000000
3.171400	3.062900	nan	0.000000
3.171400	3.114300	nan	0.000000
3.171400	3.165700	nan	0.000000

